1999-01-04,EUR,SIT,189.045
1999-01-05,EUR,SIT,188.775
1999-01-06,EUR,SIT,188.7
1999-01-07,EUR,SIT,188.8
1999-01-08,EUR,SIT,188.84
1999-01-09,EUR,SIT,188.84
1999-01-10,EUR,SIT,188.84
1999-01-11,EUR,SIT,188.9655
1999-01-12,EUR,SIT,189.5352
1999-01-13,EUR,SIT,191.2016
1999-01-14,EUR,SIT,188.9441
1999-01-15,EUR,SIT,187.1333
1999-01-16,EUR,SIT,187.1333
1999-01-17,EUR,SIT,187.1333
1999-01-18,EUR,SIT,189.3639
1999-01-19,EUR,SIT,189.4432
1999-01-20,EUR,SIT,189.0666
1999-01-21,EUR,SIT,188.9975
1999-01-22,EUR,SIT,188.4587
1999-01-23,EUR,SIT,188.4587
1999-01-24,EUR,SIT,188.4587
1999-01-25,EUR,SIT,188.7438
1999-01-26,EUR,SIT,189.5821
1999-01-27,EUR,SIT,189.7167
1999-01-28,EUR,SIT,189.64
1999-01-29,EUR,SIT,188.5
1999-01-30,EUR,SIT,188.5
1999-01-31,EUR,SIT,188.5
1999-02-01,EUR,SIT,189.4727
1999-02-02,EUR,SIT,190.8753
1999-02-03,EUR,SIT,190.4761
1999-02-04,EUR,SIT,190.4237
1999-02-05,EUR,SIT,190.2791
1999-02-06,EUR,SIT,190.2791
1999-02-07,EUR,SIT,190.2791
1999-02-08,EUR,SIT,190.3325
1999-02-09,EUR,SIT,190.6592
1999-02-10,EUR,SIT,191.454
1999-02-11,EUR,SIT,190.1997
1999-02-12,EUR,SIT,190.4383
1999-02-13,EUR,SIT,190.4383
1999-02-14,EUR,SIT,190.4383
1999-02-15,EUR,SIT,189.5612
1999-02-16,EUR,SIT,190.3482
1999-02-17,EUR,SIT,190.153
1999-02-18,EUR,SIT,189.7714
1999-02-19,EUR,SIT,189.7336
1999-02-20,EUR,SIT,189.7336
1999-02-21,EUR,SIT,189.7336
1999-02-22,EUR,SIT,189.4169
1999-02-23,EUR,SIT,190.0579
1999-02-24,EUR,SIT,190.3167
1999-02-25,EUR,SIT,190.2926
1999-02-26,EUR,SIT,190.4698
1999-02-27,EUR,SIT,190.4698
1999-02-28,EUR,SIT,190.4698
1999-03-01,EUR,SIT,190.3652
1999-03-02,EUR,SIT,190.2429
1999-03-03,EUR,SIT,190.22
1999-03-04,EUR,SIT,190.33
1999-03-05,EUR,SIT,190.5755
1999-03-06,EUR,SIT,190.5755
1999-03-07,EUR,SIT,190.5755
1999-03-08,EUR,SIT,190.2453
1999-03-09,EUR,SIT,189.8259
1999-03-10,EUR,SIT,191.3634
1999-03-11,EUR,SIT,190.139
1999-03-12,EUR,SIT,190.3535
1999-03-13,EUR,SIT,190.3535
1999-03-14,EUR,SIT,190.3535
1999-03-15,EUR,SIT,190.8855
1999-03-16,EUR,SIT,190.393
1999-03-17,EUR,SIT,189.9264
1999-03-18,EUR,SIT,190.5117
1999-03-19,EUR,SIT,190.3779
1999-03-20,EUR,SIT,190.3779
1999-03-21,EUR,SIT,190.3779
1999-03-22,EUR,SIT,190.4427
1999-03-23,EUR,SIT,190.5601
1999-03-24,EUR,SIT,190.8219
1999-03-25,EUR,SIT,190.8219
1999-03-26,EUR,SIT,190.5581
1999-03-27,EUR,SIT,190.5581
1999-03-28,EUR,SIT,190.5581
1999-03-29,EUR,SIT,189.6164
1999-03-30,EUR,SIT,190.5175
1999-03-31,EUR,SIT,191.1308
1999-04-01,EUR,SIT,190.5994
1999-04-02,EUR,SIT,190.4556
1999-04-03,EUR,SIT,190.4556
1999-04-04,EUR,SIT,190.4556
1999-04-05,EUR,SIT,190.19
1999-04-06,EUR,SIT,190.8181
1999-04-07,EUR,SIT,190.7747
1999-04-08,EUR,SIT,190.9732
1999-04-09,EUR,SIT,190.9803
1999-04-10,EUR,SIT,190.9803
1999-04-11,EUR,SIT,190.9803
1999-04-12,EUR,SIT,191.4368
1999-04-13,EUR,SIT,192.5428
1999-04-14,EUR,SIT,193.4368
1999-04-15,EUR,SIT,192.7021
1999-04-16,EUR,SIT,192.346
1999-04-17,EUR,SIT,192.346
1999-04-18,EUR,SIT,192.346
1999-04-19,EUR,SIT,192.6903
1999-04-20,EUR,SIT,192.591
1999-04-21,EUR,SIT,192.7372
1999-04-22,EUR,SIT,191.7849
1999-04-23,EUR,SIT,192.305
1999-04-24,EUR,SIT,192.305
1999-04-25,EUR,SIT,192.305
1999-04-26,EUR,SIT,192.9845
1999-04-27,EUR,SIT,193.3027
1999-04-28,EUR,SIT,193.0616
1999-04-29,EUR,SIT,193.1168
1999-04-30,EUR,SIT,193.2883
1999-05-01,EUR,SIT,193.2883
1999-05-02,EUR,SIT,193.2883
1999-05-03,EUR,SIT,193.505
1999-05-04,EUR,SIT,193.5
1999-05-05,EUR,SIT,193.6989
1999-05-06,EUR,SIT,193.7113
1999-05-07,EUR,SIT,193.7554
1999-05-08,EUR,SIT,193.7554
1999-05-09,EUR,SIT,193.7554
1999-05-10,EUR,SIT,193.6241
1999-05-11,EUR,SIT,193.7923
1999-05-12,EUR,SIT,194.0852
1999-05-13,EUR,SIT,193.8105
1999-05-14,EUR,SIT,193.7893
1999-05-15,EUR,SIT,193.7893
1999-05-16,EUR,SIT,193.7893
1999-05-17,EUR,SIT,193.761
1999-05-18,EUR,SIT,193.8041
1999-05-19,EUR,SIT,193.2535
1999-05-20,EUR,SIT,193.8818
1999-05-21,EUR,SIT,193.8528
1999-05-22,EUR,SIT,193.8528
1999-05-23,EUR,SIT,193.8528
1999-05-24,EUR,SIT,193.9225
1999-05-25,EUR,SIT,193.7776
1999-05-26,EUR,SIT,192.9391
1999-05-27,EUR,SIT,194.8187
1999-05-28,EUR,SIT,194.0626
1999-05-29,EUR,SIT,194.0626
1999-05-30,EUR,SIT,194.0626
1999-05-31,EUR,SIT,193.8187
1999-06-01,EUR,SIT,194.3397
1999-06-02,EUR,SIT,194.4039
1999-06-03,EUR,SIT,194.4426
1999-06-04,EUR,SIT,194.5196
1999-06-05,EUR,SIT,194.5196
1999-06-06,EUR,SIT,194.5196
1999-06-07,EUR,SIT,194.4338
1999-06-08,EUR,SIT,195.0723
1999-06-09,EUR,SIT,195.1195
1999-06-10,EUR,SIT,194.9183
1999-06-11,EUR,SIT,195.0845
1999-06-12,EUR,SIT,195.0845
1999-06-13,EUR,SIT,195.0845
1999-06-14,EUR,SIT,195.1662
1999-06-15,EUR,SIT,196.0553
1999-06-16,EUR,SIT,196.0248
1999-06-17,EUR,SIT,195.9441
1999-06-18,EUR,SIT,195.987
1999-06-19,EUR,SIT,195.987
1999-06-20,EUR,SIT,195.987
1999-06-21,EUR,SIT,195.1589
1999-06-22,EUR,SIT,196.4035
1999-06-23,EUR,SIT,195.8314
1999-06-24,EUR,SIT,195.8343
1999-06-25,EUR,SIT,198.5302
1999-06-26,EUR,SIT,198.5302
1999-06-27,EUR,SIT,198.5302
1999-06-28,EUR,SIT,195.1704
1999-06-29,EUR,SIT,196.0028
1999-06-30,EUR,SIT,196.1987
1999-07-01,EUR,SIT,196.4807
1999-07-02,EUR,SIT,196.5249
1999-07-03,EUR,SIT,196.5249
1999-07-04,EUR,SIT,196.5249
1999-07-05,EUR,SIT,196.4825
1999-07-06,EUR,SIT,196.513
1999-07-07,EUR,SIT,196.6596
1999-07-08,EUR,SIT,196.4521
1999-07-09,EUR,SIT,196.4213
1999-07-10,EUR,SIT,196.4213
1999-07-11,EUR,SIT,196.4213
1999-07-12,EUR,SIT,196.2982
1999-07-13,EUR,SIT,196.9473
1999-07-14,EUR,SIT,197.0631
1999-07-15,EUR,SIT,197.0859
1999-07-16,EUR,SIT,197.0507
1999-07-17,EUR,SIT,197.0507
1999-07-18,EUR,SIT,197.0507
1999-07-19,EUR,SIT,197.0364
1999-07-20,EUR,SIT,197.0928
1999-07-21,EUR,SIT,197.1417
1999-07-22,EUR,SIT,197.0015
1999-07-23,EUR,SIT,197.0821
1999-07-24,EUR,SIT,197.0821
1999-07-25,EUR,SIT,197.0821
1999-07-26,EUR,SIT,196.9844
1999-07-27,EUR,SIT,197.0811
1999-07-28,EUR,SIT,197.2114
1999-07-29,EUR,SIT,197.4293
1999-07-30,EUR,SIT,197.4824
1999-07-31,EUR,SIT,197.4824
1999-08-01,EUR,SIT,197.4824
1999-08-02,EUR,SIT,197.3975
1999-08-03,EUR,SIT,197.3589
1999-08-04,EUR,SIT,197.2253
1999-08-05,EUR,SIT,197.3229
1999-08-06,EUR,SIT,196.5359
1999-08-07,EUR,SIT,196.5359
1999-08-08,EUR,SIT,196.5359
1999-08-09,EUR,SIT,197.1719
1999-08-10,EUR,SIT,197.3235
1999-08-11,EUR,SIT,197.3691
1999-08-12,EUR,SIT,197.3525
1999-08-13,EUR,SIT,197.2632
1999-08-14,EUR,SIT,197.2632
1999-08-15,EUR,SIT,197.2632
1999-08-16,EUR,SIT,197.1183
1999-08-17,EUR,SIT,197.0359
1999-08-18,EUR,SIT,197.3454
1999-08-19,EUR,SIT,196.8725
1999-08-20,EUR,SIT,196.8055
1999-08-21,EUR,SIT,196.8055
1999-08-22,EUR,SIT,196.8055
1999-08-23,EUR,SIT,196.7975
1999-08-24,EUR,SIT,196.6341
1999-08-25,EUR,SIT,196.5943
1999-08-26,EUR,SIT,196.4276
1999-08-27,EUR,SIT,196.6619
1999-08-28,EUR,SIT,196.6619
1999-08-29,EUR,SIT,196.6619
1999-08-30,EUR,SIT,196.5226
1999-08-31,EUR,SIT,196.5852
1999-09-01,EUR,SIT,196.5838
1999-09-02,EUR,SIT,196.5629
1999-09-03,EUR,SIT,196.5236
1999-09-04,EUR,SIT,196.5236
1999-09-05,EUR,SIT,196.5236
1999-09-06,EUR,SIT,196.4759
1999-09-07,EUR,SIT,196.4973
1999-09-08,EUR,SIT,196.5195
1999-09-09,EUR,SIT,196.4297
1999-09-10,EUR,SIT,196.4021
1999-09-11,EUR,SIT,196.4021
1999-09-12,EUR,SIT,196.4021
1999-09-13,EUR,SIT,196.4462
1999-09-14,EUR,SIT,196.4284
1999-09-15,EUR,SIT,196.6147
1999-09-16,EUR,SIT,196.3075
1999-09-17,EUR,SIT,196.4625
1999-09-18,EUR,SIT,196.4625
1999-09-19,EUR,SIT,196.4625
1999-09-20,EUR,SIT,196.3091
1999-09-21,EUR,SIT,196.4325
1999-09-22,EUR,SIT,196.495
1999-09-23,EUR,SIT,196.0575
1999-09-24,EUR,SIT,196.215
1999-09-25,EUR,SIT,196.215
1999-09-26,EUR,SIT,196.215
1999-09-27,EUR,SIT,196.0175
1999-09-28,EUR,SIT,195.995
1999-09-29,EUR,SIT,195.8939
1999-09-30,EUR,SIT,196.0125
1999-10-01,EUR,SIT,195.9775
1999-10-02,EUR,SIT,195.9775
1999-10-03,EUR,SIT,195.9775
1999-10-04,EUR,SIT,197.3451
1999-10-05,EUR,SIT,196.7652
1999-10-06,EUR,SIT,197.5752
1999-10-07,EUR,SIT,196.6975
1999-10-08,EUR,SIT,196.1946
1999-10-09,EUR,SIT,196.1946
1999-10-10,EUR,SIT,196.1946
1999-10-11,EUR,SIT,196.6504
1999-10-12,EUR,SIT,196.9411
1999-10-13,EUR,SIT,196.8319
1999-10-14,EUR,SIT,196.8546
1999-10-15,EUR,SIT,196.9203
1999-10-16,EUR,SIT,196.9203
1999-10-17,EUR,SIT,196.9203
1999-10-18,EUR,SIT,196.8894
1999-10-19,EUR,SIT,196.1099
1999-10-20,EUR,SIT,196.8896
1999-10-21,EUR,SIT,196.7479
1999-10-22,EUR,SIT,196.7682
1999-10-23,EUR,SIT,196.7682
1999-10-24,EUR,SIT,196.7682
1999-10-25,EUR,SIT,196.9425
1999-10-26,EUR,SIT,196.7479
1999-10-27,EUR,SIT,196.8386
1999-10-28,EUR,SIT,196.7703
1999-10-29,EUR,SIT,196.623
1999-10-30,EUR,SIT,196.623
1999-10-31,EUR,SIT,196.623
1999-11-01,EUR,SIT,196.623
1999-11-02,EUR,SIT,196.6933
1999-11-03,EUR,SIT,196.7314
1999-11-04,EUR,SIT,196.6778
1999-11-05,EUR,SIT,196.8049
1999-11-06,EUR,SIT,196.8049
1999-11-07,EUR,SIT,196.8049
1999-11-08,EUR,SIT,196.952
1999-11-09,EUR,SIT,196.9067
1999-11-10,EUR,SIT,196.9424
1999-11-11,EUR,SIT,197.032
1999-11-12,EUR,SIT,197.0275
1999-11-13,EUR,SIT,197.0275
1999-11-14,EUR,SIT,197.0275
1999-11-15,EUR,SIT,197.055
1999-11-16,EUR,SIT,196.9825
1999-11-17,EUR,SIT,196.9757
1999-11-18,EUR,SIT,196.7325
1999-11-19,EUR,SIT,196.675
1999-11-20,EUR,SIT,196.675
1999-11-21,EUR,SIT,196.675
1999-11-22,EUR,SIT,196.714
1999-11-23,EUR,SIT,196.6351
1999-11-24,EUR,SIT,196.5832
1999-11-25,EUR,SIT,196.7697
1999-11-26,EUR,SIT,196.7613
1999-11-27,EUR,SIT,196.7613
1999-11-28,EUR,SIT,196.7613
1999-11-29,EUR,SIT,196.885
1999-11-30,EUR,SIT,196.7585
1999-12-01,EUR,SIT,196.8949
1999-12-02,EUR,SIT,196.9571
1999-12-03,EUR,SIT,197.2375
1999-12-04,EUR,SIT,197.2375
1999-12-05,EUR,SIT,197.2375
1999-12-06,EUR,SIT,197.2765
1999-12-07,EUR,SIT,197.5274
1999-12-08,EUR,SIT,197.6805
1999-12-09,EUR,SIT,197.7525
1999-12-10,EUR,SIT,197.9491
1999-12-11,EUR,SIT,197.9491
1999-12-12,EUR,SIT,197.9491
1999-12-13,EUR,SIT,197.8891
1999-12-14,EUR,SIT,198.2244
1999-12-15,EUR,SIT,198.7117
1999-12-16,EUR,SIT,199.2296
1999-12-17,EUR,SIT,199.0941
1999-12-18,EUR,SIT,199.0941
1999-12-19,EUR,SIT,199.0941
1999-12-20,EUR,SIT,198.8725
1999-12-21,EUR,SIT,198.5075
1999-12-22,EUR,SIT,198.4425
1999-12-23,EUR,SIT,198.5551
1999-12-24,EUR,SIT,198.5097
1999-12-25,EUR,SIT,198.5097
1999-12-26,EUR,SIT,198.5097
1999-12-27,EUR,SIT,198.6787
1999-12-28,EUR,SIT,198.6471
1999-12-29,EUR,SIT,198.7623
1999-12-30,EUR,SIT,198.9055
1999-12-31,EUR,SIT,198.9055
2000-01-01,EUR,SIT,198.9055
2000-01-02,EUR,SIT,198.9055
2000-01-03,EUR,SIT,198.8925
2000-01-04,EUR,SIT,198.7975
2000-01-05,EUR,SIT,199.4725
2000-01-06,EUR,SIT,199.5114
2000-01-07,EUR,SIT,199.615
2000-01-08,EUR,SIT,199.615
2000-01-09,EUR,SIT,199.615
2000-01-10,EUR,SIT,199.6255
2000-01-11,EUR,SIT,199.7215
2000-01-12,EUR,SIT,199.8436
2000-01-13,EUR,SIT,199.9443
2000-01-14,EUR,SIT,199.9972
2000-01-15,EUR,SIT,199.9972
2000-01-16,EUR,SIT,199.9972
2000-01-17,EUR,SIT,199.993
2000-01-18,EUR,SIT,199.9935
2000-01-19,EUR,SIT,199.9226
2000-01-20,EUR,SIT,199.9398
2000-01-21,EUR,SIT,199.9466
2000-01-22,EUR,SIT,199.9466
2000-01-23,EUR,SIT,199.9466
2000-01-24,EUR,SIT,199.8875
2000-01-25,EUR,SIT,199.9799
2000-01-26,EUR,SIT,200.1145
2000-01-27,EUR,SIT,200.2876
2000-01-28,EUR,SIT,200.2794
2000-01-29,EUR,SIT,200.2794
2000-01-30,EUR,SIT,200.2794
2000-01-31,EUR,SIT,200.3422
2000-02-01,EUR,SIT,200.3566
2000-02-02,EUR,SIT,200.6475
2000-02-03,EUR,SIT,200.7612
2000-02-04,EUR,SIT,200.8492
2000-02-05,EUR,SIT,200.8492
2000-02-06,EUR,SIT,200.8492
2000-02-07,EUR,SIT,200.7972
2000-02-08,EUR,SIT,200.7925
2000-02-09,EUR,SIT,200.911
2000-02-10,EUR,SIT,201.0417
2000-02-11,EUR,SIT,201.1378
2000-02-12,EUR,SIT,201.1378
2000-02-13,EUR,SIT,201.1378
2000-02-14,EUR,SIT,200.6759
2000-02-15,EUR,SIT,201.1648
2000-02-16,EUR,SIT,201.2479
2000-02-17,EUR,SIT,201.2195
2000-02-18,EUR,SIT,201.3525
2000-02-19,EUR,SIT,201.3525
2000-02-20,EUR,SIT,201.3525
2000-02-21,EUR,SIT,201.5609
2000-02-22,EUR,SIT,201.6115
2000-02-23,EUR,SIT,201.6625
2000-02-24,EUR,SIT,201.9915
2000-02-25,EUR,SIT,201.9604
2000-02-26,EUR,SIT,201.9604
2000-02-27,EUR,SIT,201.9604
2000-02-28,EUR,SIT,202.218
2000-02-29,EUR,SIT,202.1961
2000-03-01,EUR,SIT,202.1974
2000-03-02,EUR,SIT,202.3371
2000-03-03,EUR,SIT,202.4165
2000-03-04,EUR,SIT,202.4165
2000-03-05,EUR,SIT,202.4165
2000-03-06,EUR,SIT,202.4238
2000-03-07,EUR,SIT,202.4669
2000-03-08,EUR,SIT,202.4414
2000-03-09,EUR,SIT,202.4917
2000-03-10,EUR,SIT,202.4983
2000-03-11,EUR,SIT,202.4983
2000-03-12,EUR,SIT,202.4983
2000-03-13,EUR,SIT,202.5578
2000-03-14,EUR,SIT,202.6835
2000-03-15,EUR,SIT,202.7176
2000-03-16,EUR,SIT,202.6292
2000-03-17,EUR,SIT,202.7977
2000-03-18,EUR,SIT,202.7977
2000-03-19,EUR,SIT,202.7977
2000-03-20,EUR,SIT,202.8925
2000-03-21,EUR,SIT,202.812
2000-03-22,EUR,SIT,202.9277
2000-03-23,EUR,SIT,202.9631
2000-03-24,EUR,SIT,202.8925
2000-03-25,EUR,SIT,202.8925
2000-03-26,EUR,SIT,202.8925
2000-03-27,EUR,SIT,203.0816
2000-03-28,EUR,SIT,203.1294
2000-03-29,EUR,SIT,203.3242
2000-03-30,EUR,SIT,203.3224
2000-03-31,EUR,SIT,203.3382
2000-04-01,EUR,SIT,203.3382
2000-04-02,EUR,SIT,203.3382
2000-04-03,EUR,SIT,203.3599
2000-04-04,EUR,SIT,203.4848
2000-04-05,EUR,SIT,203.3895
2000-04-06,EUR,SIT,203.5447
2000-04-07,EUR,SIT,203.5895
2000-04-08,EUR,SIT,203.5895
2000-04-09,EUR,SIT,203.5895
2000-04-10,EUR,SIT,203.6286
2000-04-11,EUR,SIT,203.8525
2000-04-12,EUR,SIT,204.1174
2000-04-13,EUR,SIT,204.2289
2000-04-14,EUR,SIT,204.2836
2000-04-15,EUR,SIT,204.2836
2000-04-16,EUR,SIT,204.2836
2000-04-17,EUR,SIT,204.1564
2000-04-18,EUR,SIT,204.1209
2000-04-19,EUR,SIT,204.0314
2000-04-20,EUR,SIT,204.1264
2000-04-21,EUR,SIT,204.1264
2000-04-22,EUR,SIT,204.1264
2000-04-23,EUR,SIT,204.1264
2000-04-24,EUR,SIT,204.1264
2000-04-25,EUR,SIT,204.1045
2000-04-26,EUR,SIT,204.1176
2000-04-27,EUR,SIT,204.0227
2000-04-28,EUR,SIT,204.1857
2000-04-29,EUR,SIT,204.1857
2000-04-30,EUR,SIT,204.1857
2000-05-01,EUR,SIT,204.1857
2000-05-02,EUR,SIT,204.5862
2000-05-03,EUR,SIT,204.2583
2000-05-04,EUR,SIT,204.3251
2000-05-05,EUR,SIT,204.5125
2000-05-06,EUR,SIT,204.5125
2000-05-07,EUR,SIT,204.5125
2000-05-08,EUR,SIT,204.4575
2000-05-09,EUR,SIT,204.7247
2000-05-10,EUR,SIT,204.7229
2000-05-11,EUR,SIT,204.8221
2000-05-12,EUR,SIT,204.7648
2000-05-13,EUR,SIT,204.7648
2000-05-14,EUR,SIT,204.7648
2000-05-15,EUR,SIT,204.9664
2000-05-16,EUR,SIT,204.9302
2000-05-17,EUR,SIT,204.9525
2000-05-18,EUR,SIT,204.9174
2000-05-19,EUR,SIT,205.1368
2000-05-20,EUR,SIT,205.1368
2000-05-21,EUR,SIT,205.1368
2000-05-22,EUR,SIT,205.1361
2000-05-23,EUR,SIT,205.1433
2000-05-24,EUR,SIT,205.2551
2000-05-25,EUR,SIT,205.2835
2000-05-26,EUR,SIT,205.2678
2000-05-27,EUR,SIT,205.2678
2000-05-28,EUR,SIT,205.2678
2000-05-29,EUR,SIT,205.3533
2000-05-30,EUR,SIT,205.3724
2000-05-31,EUR,SIT,205.5742
2000-06-01,EUR,SIT,205.9322
2000-06-02,EUR,SIT,206.0392
2000-06-03,EUR,SIT,206.0392
2000-06-04,EUR,SIT,206.0392
2000-06-05,EUR,SIT,206.0914
2000-06-06,EUR,SIT,206.5496
2000-06-07,EUR,SIT,206.1311
2000-06-08,EUR,SIT,206.4317
2000-06-09,EUR,SIT,206.6757
2000-06-10,EUR,SIT,206.6757
2000-06-11,EUR,SIT,206.6757
2000-06-12,EUR,SIT,206.7203
2000-06-13,EUR,SIT,206.8895
2000-06-14,EUR,SIT,206.9268
2000-06-15,EUR,SIT,206.9664
2000-06-16,EUR,SIT,206.9448
2000-06-17,EUR,SIT,206.9448
2000-06-18,EUR,SIT,206.9448
2000-06-19,EUR,SIT,207.0742
2000-06-20,EUR,SIT,207.0438
2000-06-21,EUR,SIT,207.0692
2000-06-22,EUR,SIT,207.0463
2000-06-23,EUR,SIT,207.0829
2000-06-24,EUR,SIT,207.0829
2000-06-25,EUR,SIT,207.0829
2000-06-26,EUR,SIT,207.1108
2000-06-27,EUR,SIT,207.2225
2000-06-28,EUR,SIT,207.1275
2000-06-29,EUR,SIT,207.3525
2000-06-30,EUR,SIT,207.3492
2000-07-01,EUR,SIT,207.3492
2000-07-02,EUR,SIT,207.3492
2000-07-03,EUR,SIT,207.3997
2000-07-04,EUR,SIT,207.6835
2000-07-05,EUR,SIT,208.7338
2000-07-06,EUR,SIT,207.4616
2000-07-07,EUR,SIT,207.6182
2000-07-08,EUR,SIT,207.6182
2000-07-09,EUR,SIT,207.6182
2000-07-10,EUR,SIT,207.6524
2000-07-11,EUR,SIT,207.9661
2000-07-12,EUR,SIT,207.8821
2000-07-13,EUR,SIT,207.9937
2000-07-14,EUR,SIT,207.5672
2000-07-15,EUR,SIT,207.5672
2000-07-16,EUR,SIT,207.5672
2000-07-17,EUR,SIT,208.0275
2000-07-18,EUR,SIT,207.6454
2000-07-19,EUR,SIT,207.5889
2000-07-20,EUR,SIT,207.8352
2000-07-21,EUR,SIT,207.8603
2000-07-22,EUR,SIT,207.8603
2000-07-23,EUR,SIT,207.8603
2000-07-24,EUR,SIT,207.8613
2000-07-25,EUR,SIT,207.9904
2000-07-26,EUR,SIT,207.2782
2000-07-27,EUR,SIT,208.2732
2000-07-28,EUR,SIT,208.3529
2000-07-29,EUR,SIT,208.3529
2000-07-30,EUR,SIT,208.3529
2000-07-31,EUR,SIT,208.4178
2000-08-01,EUR,SIT,208.3626
2000-08-02,EUR,SIT,208.4765
2000-08-03,EUR,SIT,206.9572
2000-08-04,EUR,SIT,208.4972
2000-08-05,EUR,SIT,208.4972
2000-08-06,EUR,SIT,208.4972
2000-08-07,EUR,SIT,208.5425
2000-08-08,EUR,SIT,208.5326
2000-08-09,EUR,SIT,208.5574
2000-08-10,EUR,SIT,208.5388
2000-08-11,EUR,SIT,208.5388
2000-08-12,EUR,SIT,208.5388
2000-08-13,EUR,SIT,208.5388
2000-08-14,EUR,SIT,208.5326
2000-08-15,EUR,SIT,208.5309
2000-08-16,EUR,SIT,208.7425
2000-08-17,EUR,SIT,208.6753
2000-08-18,EUR,SIT,208.7322
2000-08-19,EUR,SIT,208.7322
2000-08-20,EUR,SIT,208.7322
2000-08-21,EUR,SIT,208.7875
2000-08-22,EUR,SIT,208.7347
2000-08-23,EUR,SIT,208.7899
2000-08-24,EUR,SIT,208.8825
2000-08-25,EUR,SIT,208.8636
2000-08-26,EUR,SIT,208.8636
2000-08-27,EUR,SIT,208.8636
2000-08-28,EUR,SIT,208.8517
2000-08-29,EUR,SIT,207.5587
2000-08-30,EUR,SIT,208.9326
2000-08-31,EUR,SIT,208.9892
2000-09-01,EUR,SIT,208.9769
2000-09-02,EUR,SIT,208.9769
2000-09-03,EUR,SIT,208.9769
2000-09-04,EUR,SIT,208.9852
2000-09-05,EUR,SIT,209.0238
2000-09-06,EUR,SIT,208.9626
2000-09-07,EUR,SIT,208.9626
2000-09-08,EUR,SIT,209.0584
2000-09-09,EUR,SIT,209.0584
2000-09-10,EUR,SIT,209.0584
2000-09-11,EUR,SIT,209.1372
2000-09-12,EUR,SIT,209.2725
2000-09-13,EUR,SIT,209.2546
2000-09-14,EUR,SIT,209.3214
2000-09-15,EUR,SIT,209.1878
2000-09-16,EUR,SIT,209.1878
2000-09-17,EUR,SIT,209.1878
2000-09-18,EUR,SIT,209.1695
2000-09-19,EUR,SIT,209.1235
2000-09-20,EUR,SIT,209.1652
2000-09-21,EUR,SIT,209.2098
2000-09-22,EUR,SIT,209.0332
2000-09-23,EUR,SIT,209.0332
2000-09-24,EUR,SIT,209.0332
2000-09-25,EUR,SIT,209.2504
2000-09-26,EUR,SIT,209.2726
2000-09-27,EUR,SIT,209.2879
2000-09-28,EUR,SIT,209.4332
2000-09-29,EUR,SIT,209.4576
2000-09-30,EUR,SIT,209.4576
2000-10-01,EUR,SIT,209.4576
2000-10-02,EUR,SIT,209.4564
2000-10-03,EUR,SIT,209.4739
2000-10-04,EUR,SIT,209.5734
2000-10-05,EUR,SIT,209.6313
2000-10-06,EUR,SIT,209.5957
2000-10-07,EUR,SIT,209.5957
2000-10-08,EUR,SIT,209.5957
2000-10-09,EUR,SIT,209.6973
2000-10-10,EUR,SIT,209.6934
2000-10-11,EUR,SIT,209.7742
2000-10-12,EUR,SIT,210.1316
2000-10-13,EUR,SIT,209.8451
2000-10-14,EUR,SIT,209.8451
2000-10-15,EUR,SIT,209.8451
2000-10-16,EUR,SIT,210.1872
2000-10-17,EUR,SIT,210.2329
2000-10-18,EUR,SIT,210.2692
2000-10-19,EUR,SIT,210.3127
2000-10-20,EUR,SIT,210.1189
2000-10-21,EUR,SIT,210.1189
2000-10-22,EUR,SIT,210.1189
2000-10-23,EUR,SIT,210.1242
2000-10-24,EUR,SIT,210.2834
2000-10-25,EUR,SIT,210.2134
2000-10-26,EUR,SIT,210.1468
2000-10-27,EUR,SIT,210.3512
2000-10-28,EUR,SIT,210.3512
2000-10-29,EUR,SIT,210.3512
2000-10-30,EUR,SIT,210.3458
2000-10-31,EUR,SIT,210.3455
2000-11-01,EUR,SIT,210.4025
2000-11-02,EUR,SIT,210.2968
2000-11-03,EUR,SIT,210.5481
2000-11-04,EUR,SIT,210.5481
2000-11-05,EUR,SIT,210.5481
2000-11-06,EUR,SIT,210.5481
2000-11-07,EUR,SIT,210.6076
2000-11-08,EUR,SIT,211.1478
2000-11-09,EUR,SIT,211.3478
2000-11-10,EUR,SIT,211.3658
2000-11-11,EUR,SIT,211.3658
2000-11-12,EUR,SIT,211.3658
2000-11-13,EUR,SIT,211.5735
2000-11-14,EUR,SIT,211.3847
2000-11-15,EUR,SIT,211.4634
2000-11-16,EUR,SIT,211.5167
2000-11-17,EUR,SIT,211.5828
2000-11-18,EUR,SIT,211.5828
2000-11-19,EUR,SIT,211.5828
2000-11-20,EUR,SIT,211.6429
2000-11-21,EUR,SIT,211.6433
2000-11-22,EUR,SIT,211.7365
2000-11-23,EUR,SIT,211.7276
2000-11-24,EUR,SIT,211.8494
2000-11-25,EUR,SIT,211.8494
2000-11-26,EUR,SIT,211.8494
2000-11-27,EUR,SIT,211.9318
2000-11-28,EUR,SIT,211.9876
2000-11-29,EUR,SIT,212.2147
2000-11-30,EUR,SIT,212.3413
2000-12-01,EUR,SIT,212.3641
2000-12-02,EUR,SIT,212.3641
2000-12-03,EUR,SIT,212.3641
2000-12-04,EUR,SIT,212.3755
2000-12-05,EUR,SIT,212.6328
2000-12-06,EUR,SIT,212.4184
2000-12-07,EUR,SIT,212.7655
2000-12-08,EUR,SIT,212.575
2000-12-09,EUR,SIT,212.575
2000-12-10,EUR,SIT,212.575
2000-12-11,EUR,SIT,212.9963
2000-12-12,EUR,SIT,213.1835
2000-12-13,EUR,SIT,212.8472
2000-12-14,EUR,SIT,213.1167
2000-12-15,EUR,SIT,213.2534
2000-12-16,EUR,SIT,213.2534
2000-12-17,EUR,SIT,213.2534
2000-12-18,EUR,SIT,213.3139
2000-12-19,EUR,SIT,212.8468
2000-12-20,EUR,SIT,213.2296
2000-12-21,EUR,SIT,213.3675
2000-12-22,EUR,SIT,213.5664
2000-12-23,EUR,SIT,213.5664
2000-12-24,EUR,SIT,213.5664
2000-12-25,EUR,SIT,213.5664
2000-12-26,EUR,SIT,213.5664
2000-12-27,EUR,SIT,213.1542
2000-12-28,EUR,SIT,213.599
2000-12-29,EUR,SIT,213.5401
2000-12-30,EUR,SIT,213.5401
2000-12-31,EUR,SIT,213.5401
2001-01-01,EUR,SIT,213.5401
2001-01-02,EUR,SIT,213.4667
2001-01-03,EUR,SIT,213.5525
2001-01-04,EUR,SIT,213.4939
2001-01-05,EUR,SIT,213.6771
2001-01-06,EUR,SIT,213.6771
2001-01-07,EUR,SIT,213.6771
2001-01-08,EUR,SIT,213.8375
2001-01-09,EUR,SIT,213.835
2001-01-10,EUR,SIT,214.1316
2001-01-11,EUR,SIT,214.3259
2001-01-12,EUR,SIT,214.6557
2001-01-13,EUR,SIT,214.6557
2001-01-14,EUR,SIT,214.6557
2001-01-15,EUR,SIT,214.6146
2001-01-16,EUR,SIT,214.6781
2001-01-17,EUR,SIT,214.4286
2001-01-18,EUR,SIT,214.5294
2001-01-19,EUR,SIT,214.5422
2001-01-20,EUR,SIT,214.5422
2001-01-21,EUR,SIT,214.5422
2001-01-22,EUR,SIT,214.7986
2001-01-23,EUR,SIT,214.6993
2001-01-24,EUR,SIT,214.826
2001-01-25,EUR,SIT,214.8543
2001-01-26,EUR,SIT,214.8674
2001-01-27,EUR,SIT,214.8674
2001-01-28,EUR,SIT,214.8674
2001-01-29,EUR,SIT,214.9164
2001-01-30,EUR,SIT,214.9908
2001-01-31,EUR,SIT,215.1859
2001-02-01,EUR,SIT,215.4743
2001-02-02,EUR,SIT,215.5641
2001-02-03,EUR,SIT,215.5641
2001-02-04,EUR,SIT,215.5641
2001-02-05,EUR,SIT,215.5753
2001-02-06,EUR,SIT,215.5621
2001-02-07,EUR,SIT,215.5731
2001-02-08,EUR,SIT,215.5427
2001-02-09,EUR,SIT,215.5646
2001-02-10,EUR,SIT,215.5646
2001-02-11,EUR,SIT,215.5646
2001-02-12,EUR,SIT,215.6325
2001-02-13,EUR,SIT,215.5766
2001-02-14,EUR,SIT,215.6163
2001-02-15,EUR,SIT,215.6559
2001-02-16,EUR,SIT,215.5735
2001-02-17,EUR,SIT,215.5735
2001-02-18,EUR,SIT,215.5735
2001-02-19,EUR,SIT,215.3865
2001-02-20,EUR,SIT,215.6414
2001-02-21,EUR,SIT,215.5385
2001-02-22,EUR,SIT,215.5925
2001-02-23,EUR,SIT,215.4756
2001-02-24,EUR,SIT,215.4756
2001-02-25,EUR,SIT,215.4756
2001-02-26,EUR,SIT,215.5435
2001-02-27,EUR,SIT,215.5218
2001-02-28,EUR,SIT,215.3369
2001-03-01,EUR,SIT,215.485
2001-03-02,EUR,SIT,215.6325
2001-03-03,EUR,SIT,215.6325
2001-03-04,EUR,SIT,215.6325
2001-03-05,EUR,SIT,215.7575
2001-03-06,EUR,SIT,215.7347
2001-03-07,EUR,SIT,215.9824
2001-03-08,EUR,SIT,215.8215
2001-03-09,EUR,SIT,215.9898
2001-03-10,EUR,SIT,215.9898
2001-03-11,EUR,SIT,215.9898
2001-03-12,EUR,SIT,216.0792
2001-03-13,EUR,SIT,216.2351
2001-03-14,EUR,SIT,216.1227
2001-03-15,EUR,SIT,216.275
2001-03-16,EUR,SIT,216.1492
2001-03-17,EUR,SIT,216.1492
2001-03-18,EUR,SIT,216.1492
2001-03-19,EUR,SIT,216.4137
2001-03-20,EUR,SIT,216.2636
2001-03-21,EUR,SIT,216.2497
2001-03-22,EUR,SIT,216.3283
2001-03-23,EUR,SIT,216.0762
2001-03-24,EUR,SIT,216.0762
2001-03-25,EUR,SIT,216.0762
2001-03-26,EUR,SIT,216.1516
2001-03-27,EUR,SIT,216.105
2001-03-28,EUR,SIT,215.8396
2001-03-29,EUR,SIT,216.2483
2001-03-30,EUR,SIT,216.2158
2001-03-31,EUR,SIT,216.2158
2001-04-01,EUR,SIT,216.2158
2001-04-02,EUR,SIT,216.2249
2001-04-03,EUR,SIT,216.2251
2001-04-04,EUR,SIT,216.1913
2001-04-05,EUR,SIT,216.2156
2001-04-06,EUR,SIT,216.1859
2001-04-07,EUR,SIT,216.1859
2001-04-08,EUR,SIT,216.1859
2001-04-09,EUR,SIT,216.1567
2001-04-10,EUR,SIT,216.1953
2001-04-11,EUR,SIT,216.3326
2001-04-12,EUR,SIT,216.3981
2001-04-13,EUR,SIT,216.3981
2001-04-14,EUR,SIT,216.3981
2001-04-15,EUR,SIT,216.3981
2001-04-16,EUR,SIT,216.3981
2001-04-17,EUR,SIT,216.4722
2001-04-18,EUR,SIT,216.4819
2001-04-19,EUR,SIT,216.4954
2001-04-20,EUR,SIT,216.4479
2001-04-21,EUR,SIT,216.4479
2001-04-22,EUR,SIT,216.4479
2001-04-23,EUR,SIT,216.3992
2001-04-24,EUR,SIT,216.4589
2001-04-25,EUR,SIT,216.4737
2001-04-26,EUR,SIT,216.7356
2001-04-27,EUR,SIT,216.6871
2001-04-28,EUR,SIT,216.6871
2001-04-29,EUR,SIT,216.6871
2001-04-30,EUR,SIT,216.5875
2001-05-01,EUR,SIT,216.5875
2001-05-02,EUR,SIT,216.5883
2001-05-03,EUR,SIT,216.5632
2001-05-04,EUR,SIT,216.4874
2001-05-05,EUR,SIT,216.4874
2001-05-06,EUR,SIT,216.4874
2001-05-07,EUR,SIT,216.5919
2001-05-08,EUR,SIT,217.2649
2001-05-09,EUR,SIT,217.4417
2001-05-10,EUR,SIT,217.3868
2001-05-11,EUR,SIT,217.4582
2001-05-12,EUR,SIT,217.4582
2001-05-13,EUR,SIT,217.4582
2001-05-14,EUR,SIT,217.4656
2001-05-15,EUR,SIT,217.4657
2001-05-16,EUR,SIT,217.5858
2001-05-17,EUR,SIT,217.4837
2001-05-18,EUR,SIT,217.6239
2001-05-19,EUR,SIT,217.6239
2001-05-20,EUR,SIT,217.6239
2001-05-21,EUR,SIT,217.3968
2001-05-22,EUR,SIT,217.4475
2001-05-23,EUR,SIT,217.5566
2001-05-24,EUR,SIT,217.6081
2001-05-25,EUR,SIT,217.5566
2001-05-26,EUR,SIT,217.5566
2001-05-27,EUR,SIT,217.5566
2001-05-28,EUR,SIT,217.5324
2001-05-29,EUR,SIT,217.5675
2001-05-30,EUR,SIT,217.9477
2001-05-31,EUR,SIT,217.6353
2001-06-01,EUR,SIT,217.7282
2001-06-02,EUR,SIT,217.7282
2001-06-03,EUR,SIT,217.7282
2001-06-04,EUR,SIT,217.6603
2001-06-05,EUR,SIT,217.7237
2001-06-06,EUR,SIT,217.6677
2001-06-07,EUR,SIT,217.6993
2001-06-08,EUR,SIT,217.5246
2001-06-09,EUR,SIT,217.5246
2001-06-10,EUR,SIT,217.5246
2001-06-11,EUR,SIT,217.7358
2001-06-12,EUR,SIT,217.7257
2001-06-13,EUR,SIT,217.8758
2001-06-14,EUR,SIT,217.8503
2001-06-15,EUR,SIT,217.7753
2001-06-16,EUR,SIT,217.7753
2001-06-17,EUR,SIT,217.7753
2001-06-18,EUR,SIT,217.9914
2001-06-19,EUR,SIT,218.0567
2001-06-20,EUR,SIT,218.0433
2001-06-21,EUR,SIT,218.0321
2001-06-22,EUR,SIT,218.1335
2001-06-23,EUR,SIT,218.1335
2001-06-24,EUR,SIT,218.1335
2001-06-25,EUR,SIT,217.993
2001-06-26,EUR,SIT,218.4257
2001-06-27,EUR,SIT,218.1883
2001-06-28,EUR,SIT,218.1372
2001-06-29,EUR,SIT,218.4195
2001-06-30,EUR,SIT,218.4195
2001-07-01,EUR,SIT,218.4195
2001-07-02,EUR,SIT,218.3238
2001-07-03,EUR,SIT,218.1227
2001-07-04,EUR,SIT,218.3365
2001-07-05,EUR,SIT,218.6776
2001-07-06,EUR,SIT,218.5116
2001-07-07,EUR,SIT,218.5116
2001-07-08,EUR,SIT,218.5116
2001-07-09,EUR,SIT,218.8261
2001-07-10,EUR,SIT,218.6537
2001-07-11,EUR,SIT,218.767
2001-07-12,EUR,SIT,218.9185
2001-07-13,EUR,SIT,218.8118
2001-07-14,EUR,SIT,218.8118
2001-07-15,EUR,SIT,218.8118
2001-07-16,EUR,SIT,218.8761
2001-07-17,EUR,SIT,218.8442
2001-07-18,EUR,SIT,218.8193
2001-07-19,EUR,SIT,218.9614
2001-07-20,EUR,SIT,218.911
2001-07-21,EUR,SIT,218.911
2001-07-22,EUR,SIT,218.911
2001-07-23,EUR,SIT,218.9239
2001-07-24,EUR,SIT,218.7672
2001-07-25,EUR,SIT,218.9625
2001-07-26,EUR,SIT,218.9854
2001-07-27,EUR,SIT,219.1594
2001-07-28,EUR,SIT,219.1594
2001-07-29,EUR,SIT,219.1594
2001-07-30,EUR,SIT,219.2708
2001-07-31,EUR,SIT,219.2314
2001-08-01,EUR,SIT,219.1926
2001-08-02,EUR,SIT,219.2893
2001-08-03,EUR,SIT,219.2738
2001-08-04,EUR,SIT,219.2738
2001-08-05,EUR,SIT,219.2738
2001-08-06,EUR,SIT,219.2446
2001-08-07,EUR,SIT,219.2182
2001-08-08,EUR,SIT,219.3279
2001-08-09,EUR,SIT,219.425
2001-08-10,EUR,SIT,219.605
2001-08-11,EUR,SIT,219.605
2001-08-12,EUR,SIT,219.605
2001-08-13,EUR,SIT,219.5352
2001-08-14,EUR,SIT,219.55
2001-08-15,EUR,SIT,219.5
2001-08-16,EUR,SIT,219.6274
2001-08-17,EUR,SIT,219.5267
2001-08-18,EUR,SIT,219.5267
2001-08-19,EUR,SIT,219.5267
2001-08-20,EUR,SIT,219.4599
2001-08-21,EUR,SIT,219.5238
2001-08-22,EUR,SIT,219.5332
2001-08-23,EUR,SIT,219.5729
2001-08-24,EUR,SIT,219.8396
2001-08-25,EUR,SIT,219.8396
2001-08-26,EUR,SIT,219.8396
2001-08-27,EUR,SIT,219.6478
2001-08-28,EUR,SIT,219.6514
2001-08-29,EUR,SIT,219.7966
2001-08-30,EUR,SIT,219.75
2001-08-31,EUR,SIT,219.5633
2001-09-01,EUR,SIT,219.5633
2001-09-02,EUR,SIT,219.5633
2001-09-03,EUR,SIT,219.624
2001-09-04,EUR,SIT,219.7255
2001-09-05,EUR,SIT,219.8458
2001-09-06,EUR,SIT,219.7422
2001-09-07,EUR,SIT,219.6128
2001-09-08,EUR,SIT,219.6128
2001-09-09,EUR,SIT,219.6128
2001-09-10,EUR,SIT,219.6264
2001-09-11,EUR,SIT,219.7513
2001-09-12,EUR,SIT,219.6846
2001-09-13,EUR,SIT,219.7971
2001-09-14,EUR,SIT,219.6565
2001-09-15,EUR,SIT,219.6565
2001-09-16,EUR,SIT,219.6565
2001-09-17,EUR,SIT,219.7479
2001-09-18,EUR,SIT,219.8221
2001-09-19,EUR,SIT,219.8358
2001-09-20,EUR,SIT,219.8592
2001-09-21,EUR,SIT,219.9148
2001-09-22,EUR,SIT,219.9148
2001-09-23,EUR,SIT,219.9148
2001-09-24,EUR,SIT,220.1875
2001-09-25,EUR,SIT,220.185
2001-09-26,EUR,SIT,219.9884
2001-09-27,EUR,SIT,219.9856
2001-09-28,EUR,SIT,220.0282
2001-09-29,EUR,SIT,220.0282
2001-09-30,EUR,SIT,220.0282
2001-10-01,EUR,SIT,220.1527
2001-10-02,EUR,SIT,220.1556
2001-10-03,EUR,SIT,220.1347
2001-10-04,EUR,SIT,220.1251
2001-10-05,EUR,SIT,220.1586
2001-10-06,EUR,SIT,220.1586
2001-10-07,EUR,SIT,220.1586
2001-10-08,EUR,SIT,220.1438
2001-10-09,EUR,SIT,220.1935
2001-10-10,EUR,SIT,220.1867
2001-10-11,EUR,SIT,220.1957
2001-10-12,EUR,SIT,220.3415
2001-10-13,EUR,SIT,220.3415
2001-10-14,EUR,SIT,220.3415
2001-10-15,EUR,SIT,220.2458
2001-10-16,EUR,SIT,220.1825
2001-10-17,EUR,SIT,220.1246
2001-10-18,EUR,SIT,220.2886
2001-10-19,EUR,SIT,220.2675
2001-10-20,EUR,SIT,220.2675
2001-10-21,EUR,SIT,220.2675
2001-10-22,EUR,SIT,220.3275
2001-10-23,EUR,SIT,220.305
2001-10-24,EUR,SIT,220.2935
2001-10-25,EUR,SIT,220.3384
2001-10-26,EUR,SIT,220.345
2001-10-27,EUR,SIT,220.345
2001-10-28,EUR,SIT,220.345
2001-10-29,EUR,SIT,220.0893
2001-10-30,EUR,SIT,220.1887
2001-10-31,EUR,SIT,220.1475
2001-11-01,EUR,SIT,220.155
2001-11-02,EUR,SIT,220.4768
2001-11-03,EUR,SIT,220.4768
2001-11-04,EUR,SIT,220.4768
2001-11-05,EUR,SIT,220.3197
2001-11-06,EUR,SIT,220.4921
2001-11-07,EUR,SIT,220.362
2001-11-08,EUR,SIT,220.4751
2001-11-09,EUR,SIT,220.4728
2001-11-10,EUR,SIT,220.4728
2001-11-11,EUR,SIT,220.4728
2001-11-12,EUR,SIT,220.15
2001-11-13,EUR,SIT,219.9793
2001-11-14,EUR,SIT,220.0253
2001-11-15,EUR,SIT,219.8917
2001-11-16,EUR,SIT,219.6021
2001-11-17,EUR,SIT,219.6021
2001-11-18,EUR,SIT,219.6021
2001-11-19,EUR,SIT,220.287
2001-11-20,EUR,SIT,220.2992
2001-11-21,EUR,SIT,220.1185
2001-11-22,EUR,SIT,220.3128
2001-11-23,EUR,SIT,220.2752
2001-11-24,EUR,SIT,220.2752
2001-11-25,EUR,SIT,220.2752
2001-11-26,EUR,SIT,219.9996
2001-11-27,EUR,SIT,219.5411
2001-11-28,EUR,SIT,219.5688
2001-11-29,EUR,SIT,219.9513
2001-11-30,EUR,SIT,219.5527
2001-12-01,EUR,SIT,219.5527
2001-12-02,EUR,SIT,219.5527
2001-12-03,EUR,SIT,219.6273
2001-12-04,EUR,SIT,219.8381
2001-12-05,EUR,SIT,219.8143
2001-12-06,EUR,SIT,219.6729
2001-12-07,EUR,SIT,219.7124
2001-12-08,EUR,SIT,219.7124
2001-12-09,EUR,SIT,219.7124
2001-12-10,EUR,SIT,218.979
2001-12-11,EUR,SIT,219.8265
2001-12-12,EUR,SIT,219.9897
2001-12-13,EUR,SIT,219.9876
2001-12-14,EUR,SIT,219.9644
2001-12-15,EUR,SIT,219.9644
2001-12-16,EUR,SIT,219.9644
2001-12-17,EUR,SIT,219.9981
2001-12-18,EUR,SIT,219.9014
2001-12-19,EUR,SIT,219.1653
2001-12-20,EUR,SIT,218.6214
2001-12-21,EUR,SIT,218.6593
2001-12-22,EUR,SIT,218.6593
2001-12-23,EUR,SIT,218.6593
2001-12-24,EUR,SIT,218.8489
2001-12-25,EUR,SIT,218.8489
2001-12-26,EUR,SIT,218.8489
2001-12-27,EUR,SIT,218.8137
2001-12-28,EUR,SIT,218.8364
2001-12-29,EUR,SIT,218.8364
2001-12-30,EUR,SIT,218.8364
2001-12-31,EUR,SIT,218.8364
2002-01-01,EUR,SIT,218.8364
2002-01-02,EUR,SIT,216.7703
2002-01-03,EUR,SIT,220.3297
2002-01-04,EUR,SIT,217.6852
2002-01-05,EUR,SIT,217.6852
2002-01-06,EUR,SIT,217.6852
2002-01-07,EUR,SIT,217.9977
2002-01-08,EUR,SIT,216.4417
2002-01-09,EUR,SIT,218.6013
2002-01-10,EUR,SIT,218.7639
2002-01-11,EUR,SIT,218.4235
2002-01-12,EUR,SIT,218.4235
2002-01-13,EUR,SIT,218.4235
2002-01-14,EUR,SIT,219.9625
2002-01-15,EUR,SIT,218.6726
2002-01-16,EUR,SIT,219.8864
2002-01-17,EUR,SIT,220.2523
2002-01-18,EUR,SIT,219.9651
2002-01-19,EUR,SIT,219.9651
2002-01-20,EUR,SIT,219.9651
2002-01-21,EUR,SIT,219.9364
2002-01-22,EUR,SIT,220.3887
2002-01-23,EUR,SIT,220.6118
2002-01-24,EUR,SIT,220.5543
2002-01-25,EUR,SIT,220.8115
2002-01-26,EUR,SIT,220.8115
2002-01-27,EUR,SIT,220.8115
2002-01-28,EUR,SIT,220.9393
2002-01-29,EUR,SIT,222.0085
2002-01-30,EUR,SIT,221.9528
2002-01-31,EUR,SIT,222.2644
2002-02-01,EUR,SIT,222.5979
2002-02-02,EUR,SIT,222.5979
2002-02-03,EUR,SIT,222.5979
2002-02-04,EUR,SIT,222.7735
2002-02-05,EUR,SIT,222.7545
2002-02-06,EUR,SIT,222.7125
2002-02-07,EUR,SIT,222.3532
2002-02-08,EUR,SIT,222.3532
2002-02-09,EUR,SIT,222.3532
2002-02-10,EUR,SIT,222.3532
2002-02-11,EUR,SIT,222.5116
2002-02-12,EUR,SIT,222.2654
2002-02-13,EUR,SIT,221.9627
2002-02-14,EUR,SIT,221.8263
2002-02-15,EUR,SIT,222.4737
2002-02-16,EUR,SIT,222.4737
2002-02-17,EUR,SIT,222.4737
2002-02-18,EUR,SIT,222.1152
2002-02-19,EUR,SIT,223.1876
2002-02-20,EUR,SIT,222.6186
2002-02-21,EUR,SIT,223.0854
2002-02-22,EUR,SIT,223.3361
2002-02-23,EUR,SIT,223.3361
2002-02-24,EUR,SIT,223.3361
2002-02-25,EUR,SIT,223.3524
2002-02-26,EUR,SIT,223.4252
2002-02-27,EUR,SIT,223.2652
2002-02-28,EUR,SIT,223.4338
2002-03-01,EUR,SIT,223.6432
2002-03-02,EUR,SIT,223.6432
2002-03-03,EUR,SIT,223.6432
2002-03-04,EUR,SIT,223.0839
2002-03-05,EUR,SIT,223.2141
2002-03-06,EUR,SIT,223.1622
2002-03-07,EUR,SIT,223.5127
2002-03-08,EUR,SIT,223.2836
2002-03-09,EUR,SIT,223.2836
2002-03-10,EUR,SIT,223.2836
2002-03-11,EUR,SIT,223.3151
2002-03-12,EUR,SIT,223.2245
2002-03-13,EUR,SIT,223.4026
2002-03-14,EUR,SIT,223.4784
2002-03-15,EUR,SIT,223.7849
2002-03-16,EUR,SIT,223.7849
2002-03-17,EUR,SIT,223.7849
2002-03-18,EUR,SIT,223.7291
2002-03-19,EUR,SIT,223.6921
2002-03-20,EUR,SIT,223.7476
2002-03-21,EUR,SIT,223.8747
2002-03-22,EUR,SIT,223.8733
2002-03-23,EUR,SIT,223.8733
2002-03-24,EUR,SIT,223.8733
2002-03-25,EUR,SIT,223.8901
2002-03-26,EUR,SIT,223.6004
2002-03-27,EUR,SIT,223.6012
2002-03-28,EUR,SIT,223.7477
2002-03-29,EUR,SIT,223.7477
2002-03-30,EUR,SIT,223.7477
2002-03-31,EUR,SIT,223.7477
2002-04-01,EUR,SIT,223.7477
2002-04-02,EUR,SIT,223.9371
2002-04-03,EUR,SIT,223.8476
2002-04-04,EUR,SIT,223.9723
2002-04-05,EUR,SIT,223.8734
2002-04-06,EUR,SIT,223.8734
2002-04-07,EUR,SIT,223.8734
2002-04-08,EUR,SIT,223.9627
2002-04-09,EUR,SIT,224.1386
2002-04-10,EUR,SIT,224.1383
2002-04-11,EUR,SIT,224.1146
2002-04-12,EUR,SIT,224.0623
2002-04-13,EUR,SIT,224.0623
2002-04-14,EUR,SIT,224.0623
2002-04-15,EUR,SIT,224.1487
2002-04-16,EUR,SIT,224.1253
2002-04-17,EUR,SIT,224.386
2002-04-18,EUR,SIT,224.4771
2002-04-19,EUR,SIT,224.6264
2002-04-20,EUR,SIT,224.6264
2002-04-21,EUR,SIT,224.6264
2002-04-22,EUR,SIT,224.6127
2002-04-23,EUR,SIT,224.871
2002-04-24,EUR,SIT,224.8232
2002-04-25,EUR,SIT,224.9638
2002-04-26,EUR,SIT,224.7882
2002-04-27,EUR,SIT,224.7882
2002-04-28,EUR,SIT,224.7882
2002-04-29,EUR,SIT,224.9921
2002-04-30,EUR,SIT,224.9846
2002-05-01,EUR,SIT,224.9846
2002-05-02,EUR,SIT,224.9723
2002-05-03,EUR,SIT,225.1646
2002-05-04,EUR,SIT,225.1646
2002-05-05,EUR,SIT,225.1646
2002-05-06,EUR,SIT,225.1882
2002-05-07,EUR,SIT,225.3362
2002-05-08,EUR,SIT,225.2634
2002-05-09,EUR,SIT,225.3225
2002-05-10,EUR,SIT,224.9177
2002-05-11,EUR,SIT,224.9177
2002-05-12,EUR,SIT,224.9177
2002-05-13,EUR,SIT,224.874
2002-05-14,EUR,SIT,225.4275
2002-05-15,EUR,SIT,225.269
2002-05-16,EUR,SIT,225.0549
2002-05-17,EUR,SIT,224.9307
2002-05-18,EUR,SIT,224.9307
2002-05-19,EUR,SIT,224.9307
2002-05-20,EUR,SIT,225.2957
2002-05-21,EUR,SIT,225.3108
2002-05-22,EUR,SIT,225.1129
2002-05-23,EUR,SIT,225.2625
2002-05-24,EUR,SIT,225.2851
2002-05-25,EUR,SIT,225.2851
2002-05-26,EUR,SIT,225.2851
2002-05-27,EUR,SIT,225.3786
2002-05-28,EUR,SIT,225.3461
2002-05-29,EUR,SIT,225.2843
2002-05-30,EUR,SIT,225.5733
2002-05-31,EUR,SIT,225.4898
2002-06-01,EUR,SIT,225.4898
2002-06-02,EUR,SIT,225.4898
2002-06-03,EUR,SIT,225.505
2002-06-04,EUR,SIT,225.6141
2002-06-05,EUR,SIT,225.7521
2002-06-06,EUR,SIT,225.8761
2002-06-07,EUR,SIT,225.6973
2002-06-08,EUR,SIT,225.6973
2002-06-09,EUR,SIT,225.6973
2002-06-10,EUR,SIT,225.8757
2002-06-11,EUR,SIT,225.865
2002-06-12,EUR,SIT,225.9489
2002-06-13,EUR,SIT,225.9614
2002-06-14,EUR,SIT,226.0296
2002-06-15,EUR,SIT,226.0296
2002-06-16,EUR,SIT,226.0296
2002-06-17,EUR,SIT,226.0561
2002-06-18,EUR,SIT,226.0961
2002-06-19,EUR,SIT,226.1154
2002-06-20,EUR,SIT,226.1849
2002-06-21,EUR,SIT,226.2744
2002-06-22,EUR,SIT,226.2744
2002-06-23,EUR,SIT,226.2744
2002-06-24,EUR,SIT,226.2657
2002-06-25,EUR,SIT,226.2741
2002-06-26,EUR,SIT,226.1586
2002-06-27,EUR,SIT,225.9877
2002-06-28,EUR,SIT,226.5672
2002-06-29,EUR,SIT,226.5672
2002-06-30,EUR,SIT,226.5672
2002-07-01,EUR,SIT,226.1959
2002-07-02,EUR,SIT,226.1952
2002-07-03,EUR,SIT,226.1949
2002-07-04,EUR,SIT,226.1842
2002-07-05,EUR,SIT,226.1348
2002-07-06,EUR,SIT,226.1348
2002-07-07,EUR,SIT,226.1348
2002-07-08,EUR,SIT,226.2177
2002-07-09,EUR,SIT,226.6885
2002-07-10,EUR,SIT,226.1465
2002-07-11,EUR,SIT,226.161
2002-07-12,EUR,SIT,226.1963
2002-07-13,EUR,SIT,226.1963
2002-07-14,EUR,SIT,226.1963
2002-07-15,EUR,SIT,226.7767
2002-07-16,EUR,SIT,226.7795
2002-07-17,EUR,SIT,226.5522
2002-07-18,EUR,SIT,226.9361
2002-07-19,EUR,SIT,226.4019
2002-07-20,EUR,SIT,226.4019
2002-07-21,EUR,SIT,226.4019
2002-07-22,EUR,SIT,227.0215
2002-07-23,EUR,SIT,226.684
2002-07-24,EUR,SIT,227.0066
2002-07-25,EUR,SIT,226.856
2002-07-26,EUR,SIT,227.0791
2002-07-27,EUR,SIT,227.0791
2002-07-28,EUR,SIT,227.0791
2002-07-29,EUR,SIT,226.8919
2002-07-30,EUR,SIT,226.9728
2002-07-31,EUR,SIT,227.0066
2002-08-01,EUR,SIT,226.8914
2002-08-02,EUR,SIT,226.9765
2002-08-03,EUR,SIT,226.9765
2002-08-04,EUR,SIT,226.9765
2002-08-05,EUR,SIT,227.0077
2002-08-06,EUR,SIT,227.1978
2002-08-07,EUR,SIT,227.2338
2002-08-08,EUR,SIT,227.2814
2002-08-09,EUR,SIT,227.2312
2002-08-10,EUR,SIT,227.2312
2002-08-11,EUR,SIT,227.2312
2002-08-12,EUR,SIT,227.2786
2002-08-13,EUR,SIT,227.3154
2002-08-14,EUR,SIT,227.1859
2002-08-15,EUR,SIT,227.3593
2002-08-16,EUR,SIT,227.2656
2002-08-17,EUR,SIT,227.2656
2002-08-18,EUR,SIT,227.2656
2002-08-19,EUR,SIT,227.4495
2002-08-20,EUR,SIT,227.3318
2002-08-21,EUR,SIT,226.9818
2002-08-22,EUR,SIT,227.2972
2002-08-23,EUR,SIT,227.4896
2002-08-24,EUR,SIT,227.4896
2002-08-25,EUR,SIT,227.4896
2002-08-26,EUR,SIT,226.5232
2002-08-27,EUR,SIT,226.6621
2002-08-28,EUR,SIT,227.3372
2002-08-29,EUR,SIT,227.5537
2002-08-30,EUR,SIT,227.6933
2002-08-31,EUR,SIT,227.6933
2002-09-01,EUR,SIT,227.6933
2002-09-02,EUR,SIT,227.6115
2002-09-03,EUR,SIT,227.7253
2002-09-04,EUR,SIT,227.8882
2002-09-05,EUR,SIT,227.8874
2002-09-06,EUR,SIT,227.8284
2002-09-07,EUR,SIT,227.8284
2002-09-08,EUR,SIT,227.8284
2002-09-09,EUR,SIT,227.8788
2002-09-10,EUR,SIT,227.955
2002-09-11,EUR,SIT,228.04
2002-09-12,EUR,SIT,228.0255
2002-09-13,EUR,SIT,228.0396
2002-09-14,EUR,SIT,228.0396
2002-09-15,EUR,SIT,228.0396
2002-09-16,EUR,SIT,228.15
2002-09-17,EUR,SIT,228.2132
2002-09-18,EUR,SIT,228.2114
2002-09-19,EUR,SIT,228.1936
2002-09-20,EUR,SIT,228.28
2002-09-21,EUR,SIT,228.28
2002-09-22,EUR,SIT,228.28
2002-09-23,EUR,SIT,228.1515
2002-09-24,EUR,SIT,228.125
2002-09-25,EUR,SIT,228.2565
2002-09-26,EUR,SIT,227.95
2002-09-27,EUR,SIT,228.215
2002-09-28,EUR,SIT,228.215
2002-09-29,EUR,SIT,228.215
2002-09-30,EUR,SIT,228.305
2002-10-01,EUR,SIT,227.9173
2002-10-02,EUR,SIT,228.435
2002-10-03,EUR,SIT,228.4354
2002-10-04,EUR,SIT,228.525
2002-10-05,EUR,SIT,228.525
2002-10-06,EUR,SIT,228.525
2002-10-07,EUR,SIT,228.52
2002-10-08,EUR,SIT,228.4512
2002-10-09,EUR,SIT,228.59
2002-10-10,EUR,SIT,228.575
2002-10-11,EUR,SIT,228.66
2002-10-12,EUR,SIT,228.66
2002-10-13,EUR,SIT,228.66
2002-10-14,EUR,SIT,228.655
2002-10-15,EUR,SIT,228.655
2002-10-16,EUR,SIT,228.745
2002-10-17,EUR,SIT,228.775
2002-10-18,EUR,SIT,228.82
2002-10-19,EUR,SIT,228.82
2002-10-20,EUR,SIT,228.82
2002-10-21,EUR,SIT,228.905
2002-10-22,EUR,SIT,228.8993
2002-10-23,EUR,SIT,228.895
2002-10-24,EUR,SIT,228.9
2002-10-25,EUR,SIT,228.975
2002-10-26,EUR,SIT,228.975
2002-10-27,EUR,SIT,228.975
2002-10-28,EUR,SIT,228.975
2002-10-29,EUR,SIT,229.2013
2002-10-30,EUR,SIT,229.2191
2002-10-31,EUR,SIT,229.125
2002-11-01,EUR,SIT,229.125
2002-11-02,EUR,SIT,229.125
2002-11-03,EUR,SIT,229.125
2002-11-04,EUR,SIT,229.18
2002-11-05,EUR,SIT,229.165
2002-11-06,EUR,SIT,229.3125
2002-11-07,EUR,SIT,229.275
2002-11-08,EUR,SIT,229.265
2002-11-09,EUR,SIT,229.265
2002-11-10,EUR,SIT,229.265
2002-11-11,EUR,SIT,229.325
2002-11-12,EUR,SIT,229.27
2002-11-13,EUR,SIT,229.375
2002-11-14,EUR,SIT,229.365
2002-11-15,EUR,SIT,229.39
2002-11-16,EUR,SIT,229.39
2002-11-17,EUR,SIT,229.39
2002-11-18,EUR,SIT,229.09
2002-11-19,EUR,SIT,229.8515
2002-11-20,EUR,SIT,229.575
2002-11-21,EUR,SIT,230.15
2002-11-22,EUR,SIT,229.7227
2002-11-23,EUR,SIT,229.7227
2002-11-24,EUR,SIT,229.7227
2002-11-25,EUR,SIT,229.625
2002-11-26,EUR,SIT,229.2525
2002-11-27,EUR,SIT,229.7227
2002-11-28,EUR,SIT,229.7635
2002-11-29,EUR,SIT,229.9512
2002-11-30,EUR,SIT,229.9512
2002-12-01,EUR,SIT,229.9512
2002-12-02,EUR,SIT,229.8125
2002-12-03,EUR,SIT,229.8926
2002-12-04,EUR,SIT,229.8615
2002-12-05,EUR,SIT,229.8812
2002-12-06,EUR,SIT,229.885
2002-12-07,EUR,SIT,229.885
2002-12-08,EUR,SIT,229.885
2002-12-09,EUR,SIT,229.87
2002-12-10,EUR,SIT,229.885
2002-12-11,EUR,SIT,230.0815
2002-12-12,EUR,SIT,230.1213
2002-12-13,EUR,SIT,230.1873
2002-12-14,EUR,SIT,230.1873
2002-12-15,EUR,SIT,230.1873
2002-12-16,EUR,SIT,230.1735
2002-12-17,EUR,SIT,230.0612
2002-12-18,EUR,SIT,230.095
2002-12-19,EUR,SIT,229.9854
2002-12-20,EUR,SIT,230.0615
2002-12-21,EUR,SIT,230.0615
2002-12-22,EUR,SIT,230.0615
2002-12-23,EUR,SIT,230.0315
2002-12-24,EUR,SIT,230.035
2002-12-25,EUR,SIT,230.035
2002-12-26,EUR,SIT,230.035
2002-12-27,EUR,SIT,230.13
2002-12-28,EUR,SIT,230.13
2002-12-29,EUR,SIT,230.13
2002-12-30,EUR,SIT,230.1208
2002-12-31,EUR,SIT,230.1577
2003-01-01,EUR,SIT,230.1577
2003-01-02,EUR,SIT,230.325
2003-01-03,EUR,SIT,230.305
2003-01-04,EUR,SIT,230.305
2003-01-05,EUR,SIT,230.305
2003-01-06,EUR,SIT,230.305
2003-01-07,EUR,SIT,230.5252
2003-01-08,EUR,SIT,230.5165
2003-01-09,EUR,SIT,230.5425
2003-01-10,EUR,SIT,230.595
2003-01-11,EUR,SIT,230.595
2003-01-12,EUR,SIT,230.595
2003-01-13,EUR,SIT,230.6135
2003-01-14,EUR,SIT,230.6825
2003-01-15,EUR,SIT,230.5262
2003-01-16,EUR,SIT,230.7225
2003-01-17,EUR,SIT,230.775
2003-01-18,EUR,SIT,230.775
2003-01-19,EUR,SIT,230.775
2003-01-20,EUR,SIT,230.7715
2003-01-21,EUR,SIT,230.8125
2003-01-22,EUR,SIT,230.81
2003-01-23,EUR,SIT,230.8525
2003-01-24,EUR,SIT,230.8465
2003-01-25,EUR,SIT,230.8465
2003-01-26,EUR,SIT,230.8465
2003-01-27,EUR,SIT,230.9512
2003-01-28,EUR,SIT,230.9552
2003-01-29,EUR,SIT,230.935
2003-01-30,EUR,SIT,231.08
2003-01-31,EUR,SIT,231.0725
2003-02-01,EUR,SIT,231.0725
2003-02-02,EUR,SIT,231.0725
2003-02-03,EUR,SIT,231.0655
2003-02-04,EUR,SIT,231.1415
2003-02-05,EUR,SIT,231.1975
2003-02-06,EUR,SIT,231.1213
2003-02-07,EUR,SIT,231.1913
2003-02-08,EUR,SIT,231.1913
2003-02-09,EUR,SIT,231.1913
2003-02-10,EUR,SIT,231.205
2003-02-11,EUR,SIT,231.33
2003-02-12,EUR,SIT,231.3152
2003-02-13,EUR,SIT,231.3252
2003-02-14,EUR,SIT,231.2224
2003-02-15,EUR,SIT,231.2224
2003-02-16,EUR,SIT,231.2224
2003-02-17,EUR,SIT,231.3582
2003-02-18,EUR,SIT,231.425
2003-02-19,EUR,SIT,231.4455
2003-02-20,EUR,SIT,231.4314
2003-02-21,EUR,SIT,231.5251
2003-02-22,EUR,SIT,231.5251
2003-02-23,EUR,SIT,231.5251
2003-02-24,EUR,SIT,231.525
2003-02-25,EUR,SIT,231.5525
2003-02-26,EUR,SIT,231.6325
2003-02-27,EUR,SIT,231.635
2003-02-28,EUR,SIT,231.6825
2003-03-01,EUR,SIT,231.6825
2003-03-02,EUR,SIT,231.6825
2003-03-03,EUR,SIT,231.732
2003-03-04,EUR,SIT,231.725
2003-03-05,EUR,SIT,231.7425
2003-03-06,EUR,SIT,231.5655
2003-03-07,EUR,SIT,231.8525
2003-03-08,EUR,SIT,231.8525
2003-03-09,EUR,SIT,231.8525
2003-03-10,EUR,SIT,231.8825
2003-03-11,EUR,SIT,231.885
2003-03-12,EUR,SIT,231.885
2003-03-13,EUR,SIT,231.9425
2003-03-14,EUR,SIT,231.912
2003-03-15,EUR,SIT,231.912
2003-03-16,EUR,SIT,231.912
2003-03-17,EUR,SIT,231.925
2003-03-18,EUR,SIT,231.985
2003-03-19,EUR,SIT,231.9725
2003-03-20,EUR,SIT,231.9048
2003-03-21,EUR,SIT,231.7525
2003-03-22,EUR,SIT,231.7525
2003-03-23,EUR,SIT,231.7525
2003-03-24,EUR,SIT,231.3225
2003-03-25,EUR,SIT,231.6325
2003-03-26,EUR,SIT,231.6125
2003-03-27,EUR,SIT,231.7715
2003-03-28,EUR,SIT,231.9525
2003-03-29,EUR,SIT,231.9525
2003-03-30,EUR,SIT,231.9525
2003-03-31,EUR,SIT,231.9914
2003-04-01,EUR,SIT,232.2
2003-04-02,EUR,SIT,232.2152
2003-04-03,EUR,SIT,232.0224
2003-04-04,EUR,SIT,232.0255
2003-04-05,EUR,SIT,232.0255
2003-04-06,EUR,SIT,232.0255
2003-04-07,EUR,SIT,232.0655
2003-04-08,EUR,SIT,232.1755
2003-04-09,EUR,SIT,232.1465
2003-04-10,EUR,SIT,232.2255
2003-04-11,EUR,SIT,232.2565
2003-04-12,EUR,SIT,232.2565
2003-04-13,EUR,SIT,232.2565
2003-04-14,EUR,SIT,232.3652
2003-04-15,EUR,SIT,232.3754
2003-04-16,EUR,SIT,232.4355
2003-04-17,EUR,SIT,232.4165
2003-04-18,EUR,SIT,232.4165
2003-04-19,EUR,SIT,232.4165
2003-04-20,EUR,SIT,232.4165
2003-04-21,EUR,SIT,232.4165
2003-04-22,EUR,SIT,232.4776
2003-04-23,EUR,SIT,232.475
2003-04-24,EUR,SIT,232.2565
2003-04-25,EUR,SIT,232.3872
2003-04-26,EUR,SIT,232.3872
2003-04-27,EUR,SIT,232.3872
2003-04-28,EUR,SIT,232.5525
2003-04-29,EUR,SIT,232.5825
2003-04-30,EUR,SIT,232.6155
2003-05-01,EUR,SIT,232.6155
2003-05-02,EUR,SIT,232.725
2003-05-03,EUR,SIT,232.725
2003-05-04,EUR,SIT,232.725
2003-05-05,EUR,SIT,232.7516
2003-05-06,EUR,SIT,232.6633
2003-05-07,EUR,SIT,232.7516
2003-05-08,EUR,SIT,232.905
2003-05-09,EUR,SIT,232.965
2003-05-10,EUR,SIT,232.965
2003-05-11,EUR,SIT,232.965
2003-05-12,EUR,SIT,232.985
2003-05-13,EUR,SIT,233.045
2003-05-14,EUR,SIT,233.09
2003-05-15,EUR,SIT,233.1
2003-05-16,EUR,SIT,233.0852
2003-05-17,EUR,SIT,233.0852
2003-05-18,EUR,SIT,233.0852
2003-05-19,EUR,SIT,233.1123
2003-05-20,EUR,SIT,233.1225
2003-05-21,EUR,SIT,233.1328
2003-05-22,EUR,SIT,233.1115
2003-05-23,EUR,SIT,233.23
2003-05-24,EUR,SIT,233.23
2003-05-25,EUR,SIT,233.23
2003-05-26,EUR,SIT,233.245
2003-05-27,EUR,SIT,233.305
2003-05-28,EUR,SIT,233.121
2003-05-29,EUR,SIT,232.1594
2003-05-30,EUR,SIT,233.2
2003-05-31,EUR,SIT,233.2
2003-06-01,EUR,SIT,233.2
2003-06-02,EUR,SIT,233.22
2003-06-03,EUR,SIT,233.35
2003-06-04,EUR,SIT,233.345
2003-06-05,EUR,SIT,233.405
2003-06-06,EUR,SIT,233.455
2003-06-07,EUR,SIT,233.455
2003-06-08,EUR,SIT,233.455
2003-06-09,EUR,SIT,233.45
2003-06-10,EUR,SIT,233.55
2003-06-11,EUR,SIT,233.635
2003-06-12,EUR,SIT,233.705
2003-06-13,EUR,SIT,233.715
2003-06-14,EUR,SIT,233.715
2003-06-15,EUR,SIT,233.715
2003-06-16,EUR,SIT,233.715
2003-06-17,EUR,SIT,233.675
2003-06-18,EUR,SIT,233.785
2003-06-19,EUR,SIT,233.775
2003-06-20,EUR,SIT,233.765
2003-06-21,EUR,SIT,233.765
2003-06-22,EUR,SIT,233.765
2003-06-23,EUR,SIT,233.865
2003-06-24,EUR,SIT,233.875
2003-06-25,EUR,SIT,233.885
2003-06-26,EUR,SIT,233.874
2003-06-27,EUR,SIT,233.865
2003-06-28,EUR,SIT,233.865
2003-06-29,EUR,SIT,233.865
2003-06-30,EUR,SIT,233.952
2003-07-01,EUR,SIT,233.87
2003-07-02,EUR,SIT,234.048
2003-07-03,EUR,SIT,234.145
2003-07-04,EUR,SIT,234.205
2003-07-05,EUR,SIT,234.205
2003-07-06,EUR,SIT,234.205
2003-07-07,EUR,SIT,234.35
2003-07-08,EUR,SIT,234.425
2003-07-09,EUR,SIT,234.415
2003-07-10,EUR,SIT,234.435
2003-07-11,EUR,SIT,234.325
2003-07-12,EUR,SIT,234.325
2003-07-13,EUR,SIT,234.325
2003-07-14,EUR,SIT,234.435
2003-07-15,EUR,SIT,234.5
2003-07-16,EUR,SIT,234.55
2003-07-17,EUR,SIT,234.525
2003-07-18,EUR,SIT,234.535
2003-07-19,EUR,SIT,234.535
2003-07-20,EUR,SIT,234.535
2003-07-21,EUR,SIT,234.55
2003-07-22,EUR,SIT,234.51
2003-07-23,EUR,SIT,234.55
2003-07-24,EUR,SIT,234.525
2003-07-25,EUR,SIT,234.495
2003-07-26,EUR,SIT,234.495
2003-07-27,EUR,SIT,234.495
2003-07-28,EUR,SIT,234.6
2003-07-29,EUR,SIT,234.6
2003-07-30,EUR,SIT,234.66
2003-07-31,EUR,SIT,234.795
2003-08-01,EUR,SIT,234.76
2003-08-02,EUR,SIT,234.76
2003-08-03,EUR,SIT,234.76
2003-08-04,EUR,SIT,234.775
2003-08-05,EUR,SIT,234.795
2003-08-06,EUR,SIT,234.84
2003-08-07,EUR,SIT,234.915
2003-08-08,EUR,SIT,234.945
2003-08-09,EUR,SIT,234.945
2003-08-10,EUR,SIT,234.945
2003-08-11,EUR,SIT,234.965
2003-08-12,EUR,SIT,234.995
2003-08-13,EUR,SIT,235.005
2003-08-14,EUR,SIT,235.055
2003-08-15,EUR,SIT,235.02
2003-08-16,EUR,SIT,235.02
2003-08-17,EUR,SIT,235.02
2003-08-18,EUR,SIT,235.085
2003-08-19,EUR,SIT,235.115
2003-08-20,EUR,SIT,235.145
2003-08-21,EUR,SIT,235.16
2003-08-22,EUR,SIT,235.2
2003-08-23,EUR,SIT,235.2
2003-08-24,EUR,SIT,235.2
2003-08-25,EUR,SIT,234.95
2003-08-26,EUR,SIT,234.96
2003-08-27,EUR,SIT,235.01
2003-08-28,EUR,SIT,235.12
2003-08-29,EUR,SIT,235.105
2003-08-30,EUR,SIT,235.105
2003-08-31,EUR,SIT,235.105
2003-09-01,EUR,SIT,235.05
2003-09-02,EUR,SIT,235.04
2003-09-03,EUR,SIT,235.035
2003-09-04,EUR,SIT,235.125
2003-09-05,EUR,SIT,235.18
2003-09-06,EUR,SIT,235.18
2003-09-07,EUR,SIT,235.18
2003-09-08,EUR,SIT,235.105
2003-09-09,EUR,SIT,235.01
2003-09-10,EUR,SIT,235.12
2003-09-11,EUR,SIT,235.165
2003-09-12,EUR,SIT,235.19
2003-09-13,EUR,SIT,235.19
2003-09-14,EUR,SIT,235.19
2003-09-15,EUR,SIT,235.19
2003-09-16,EUR,SIT,235.24
2003-09-17,EUR,SIT,235.23
2003-09-18,EUR,SIT,235.235
2003-09-19,EUR,SIT,235.265
2003-09-20,EUR,SIT,235.265
2003-09-21,EUR,SIT,235.265
2003-09-22,EUR,SIT,235.255
2003-09-23,EUR,SIT,235.375
2003-09-24,EUR,SIT,235.36
2003-09-25,EUR,SIT,235.37
2003-09-26,EUR,SIT,235.37
2003-09-27,EUR,SIT,235.37
2003-09-28,EUR,SIT,235.37
2003-09-29,EUR,SIT,235.46
2003-09-30,EUR,SIT,235.495
2003-10-01,EUR,SIT,235.45
2003-10-02,EUR,SIT,235.7
2003-10-03,EUR,SIT,235.67
2003-10-04,EUR,SIT,235.67
2003-10-05,EUR,SIT,235.67
2003-10-06,EUR,SIT,235.67
2003-10-07,EUR,SIT,235.74
2003-10-08,EUR,SIT,235.77
2003-10-09,EUR,SIT,235.775
2003-10-10,EUR,SIT,235.8
2003-10-11,EUR,SIT,235.8
2003-10-12,EUR,SIT,235.8
2003-10-13,EUR,SIT,235.65
2003-10-14,EUR,SIT,235.65
2003-10-15,EUR,SIT,235.68
2003-10-16,EUR,SIT,235.69
2003-10-17,EUR,SIT,235.6
2003-10-18,EUR,SIT,235.6
2003-10-19,EUR,SIT,235.6
2003-10-20,EUR,SIT,235.6
2003-10-21,EUR,SIT,235.58
2003-10-22,EUR,SIT,235.59
2003-10-23,EUR,SIT,235.55
2003-10-24,EUR,SIT,235.58
2003-10-25,EUR,SIT,235.58
2003-10-26,EUR,SIT,235.58
2003-10-27,EUR,SIT,235.6
2003-10-28,EUR,SIT,235.68
2003-10-29,EUR,SIT,235.7
2003-10-30,EUR,SIT,235.8
2003-10-31,EUR,SIT,235.8
2003-11-01,EUR,SIT,235.8
2003-11-02,EUR,SIT,235.8
2003-11-03,EUR,SIT,235.78
2003-11-04,EUR,SIT,236.0
2003-11-05,EUR,SIT,236.01
2003-11-06,EUR,SIT,236.0
2003-11-07,EUR,SIT,235.95
2003-11-08,EUR,SIT,235.95
2003-11-09,EUR,SIT,235.95
2003-11-10,EUR,SIT,235.99
2003-11-11,EUR,SIT,236.02
2003-11-12,EUR,SIT,236.03
2003-11-13,EUR,SIT,236.06
2003-11-14,EUR,SIT,236.15
2003-11-15,EUR,SIT,236.15
2003-11-16,EUR,SIT,236.15
2003-11-17,EUR,SIT,236.115
2003-11-18,EUR,SIT,236.11
2003-11-19,EUR,SIT,236.05
2003-11-20,EUR,SIT,236.18
2003-11-21,EUR,SIT,236.3
2003-11-22,EUR,SIT,236.3
2003-11-23,EUR,SIT,236.3
2003-11-24,EUR,SIT,236.305
2003-11-25,EUR,SIT,236.315
2003-11-26,EUR,SIT,236.47
2003-11-27,EUR,SIT,236.45
2003-11-28,EUR,SIT,236.405
2003-11-29,EUR,SIT,236.405
2003-11-30,EUR,SIT,236.405
2003-12-01,EUR,SIT,236.425
2003-12-02,EUR,SIT,236.415
2003-12-03,EUR,SIT,236.485
2003-12-04,EUR,SIT,236.5
2003-12-05,EUR,SIT,236.515
2003-12-06,EUR,SIT,236.515
2003-12-07,EUR,SIT,236.515
2003-12-08,EUR,SIT,236.605
2003-12-09,EUR,SIT,236.63
2003-12-10,EUR,SIT,236.615
2003-12-11,EUR,SIT,236.65
2003-12-12,EUR,SIT,236.64
2003-12-13,EUR,SIT,236.64
2003-12-14,EUR,SIT,236.64
2003-12-15,EUR,SIT,236.66
2003-12-16,EUR,SIT,236.67
2003-12-17,EUR,SIT,236.74
2003-12-18,EUR,SIT,236.77
2003-12-19,EUR,SIT,236.8
2003-12-20,EUR,SIT,236.8
2003-12-21,EUR,SIT,236.8
2003-12-22,EUR,SIT,236.85
2003-12-23,EUR,SIT,236.83
2003-12-24,EUR,SIT,236.81
2003-12-25,EUR,SIT,236.81
2003-12-26,EUR,SIT,236.81
2003-12-27,EUR,SIT,236.81
2003-12-28,EUR,SIT,236.81
2003-12-29,EUR,SIT,236.83
2003-12-30,EUR,SIT,236.85
2003-12-31,EUR,SIT,236.7
2004-01-01,EUR,SIT,236.7
2004-01-02,EUR,SIT,236.85
2004-01-03,EUR,SIT,236.85
2004-01-04,EUR,SIT,236.85
2004-01-05,EUR,SIT,236.97
2004-01-06,EUR,SIT,237.0
2004-01-07,EUR,SIT,237.05
2004-01-08,EUR,SIT,237.13
2004-01-09,EUR,SIT,237.35
2004-01-10,EUR,SIT,237.35
2004-01-11,EUR,SIT,237.35
2004-01-12,EUR,SIT,237.32
2004-01-13,EUR,SIT,237.4
2004-01-14,EUR,SIT,237.43
2004-01-15,EUR,SIT,237.54
2004-01-16,EUR,SIT,237.55
2004-01-17,EUR,SIT,237.55
2004-01-18,EUR,SIT,237.55
2004-01-19,EUR,SIT,237.6
2004-01-20,EUR,SIT,237.53
2004-01-21,EUR,SIT,237.4
2004-01-22,EUR,SIT,237.4
2004-01-23,EUR,SIT,237.36
2004-01-24,EUR,SIT,237.36
2004-01-25,EUR,SIT,237.36
2004-01-26,EUR,SIT,237.35
2004-01-27,EUR,SIT,237.34
2004-01-28,EUR,SIT,237.38
2004-01-29,EUR,SIT,237.4
2004-01-30,EUR,SIT,237.3
2004-01-31,EUR,SIT,237.3
2004-02-01,EUR,SIT,237.3
2004-02-02,EUR,SIT,237.3
2004-02-03,EUR,SIT,237.25
2004-02-04,EUR,SIT,237.32
2004-02-05,EUR,SIT,237.31
2004-02-06,EUR,SIT,237.32
2004-02-07,EUR,SIT,237.32
2004-02-08,EUR,SIT,237.32
2004-02-09,EUR,SIT,237.35
2004-02-10,EUR,SIT,237.37
2004-02-11,EUR,SIT,237.41
2004-02-12,EUR,SIT,237.42
2004-02-13,EUR,SIT,237.41
2004-02-14,EUR,SIT,237.41
2004-02-15,EUR,SIT,237.41
2004-02-16,EUR,SIT,237.5
2004-02-17,EUR,SIT,237.54
2004-02-18,EUR,SIT,237.6
2004-02-19,EUR,SIT,237.58
2004-02-20,EUR,SIT,237.61
2004-02-21,EUR,SIT,237.61
2004-02-22,EUR,SIT,237.61
2004-02-23,EUR,SIT,237.645
2004-02-24,EUR,SIT,237.7
2004-02-25,EUR,SIT,237.72
2004-02-26,EUR,SIT,237.91
2004-02-27,EUR,SIT,237.98
2004-02-28,EUR,SIT,237.98
2004-02-29,EUR,SIT,237.98
2004-03-01,EUR,SIT,237.96
2004-03-02,EUR,SIT,237.99
2004-03-03,EUR,SIT,237.98
2004-03-04,EUR,SIT,237.93
2004-03-05,EUR,SIT,237.96
2004-03-06,EUR,SIT,237.96
2004-03-07,EUR,SIT,237.96
2004-03-08,EUR,SIT,238.07
2004-03-09,EUR,SIT,238.0
2004-03-10,EUR,SIT,238.04
2004-03-11,EUR,SIT,238.05
2004-03-12,EUR,SIT,238.0
2004-03-13,EUR,SIT,238.0
2004-03-14,EUR,SIT,238.0
2004-03-15,EUR,SIT,238.02
2004-03-16,EUR,SIT,238.06
2004-03-17,EUR,SIT,237.98
2004-03-18,EUR,SIT,238.02
2004-03-19,EUR,SIT,238.04
2004-03-20,EUR,SIT,238.04
2004-03-21,EUR,SIT,238.04
2004-03-22,EUR,SIT,238.03
2004-03-23,EUR,SIT,238.08
2004-03-24,EUR,SIT,238.1
2004-03-25,EUR,SIT,238.16
2004-03-26,EUR,SIT,238.17
2004-03-27,EUR,SIT,238.17
2004-03-28,EUR,SIT,238.17
2004-03-29,EUR,SIT,238.15
2004-03-30,EUR,SIT,238.4
2004-03-31,EUR,SIT,238.38
2004-04-01,EUR,SIT,238.43
2004-04-02,EUR,SIT,238.48
2004-04-03,EUR,SIT,238.48
2004-04-04,EUR,SIT,238.48
2004-04-05,EUR,SIT,238.5
2004-04-06,EUR,SIT,238.52
2004-04-07,EUR,SIT,238.38
2004-04-08,EUR,SIT,238.41
2004-04-09,EUR,SIT,238.41
2004-04-10,EUR,SIT,238.41
2004-04-11,EUR,SIT,238.41
2004-04-12,EUR,SIT,238.41
2004-04-13,EUR,SIT,238.47
2004-04-14,EUR,SIT,238.47
2004-04-15,EUR,SIT,238.5
2004-04-16,EUR,SIT,238.41
2004-04-17,EUR,SIT,238.41
2004-04-18,EUR,SIT,238.41
2004-04-19,EUR,SIT,238.41
2004-04-20,EUR,SIT,238.38
2004-04-21,EUR,SIT,238.36
2004-04-22,EUR,SIT,238.38
2004-04-23,EUR,SIT,238.46
2004-04-24,EUR,SIT,238.46
2004-04-25,EUR,SIT,238.46
2004-04-26,EUR,SIT,238.4
2004-04-27,EUR,SIT,238.42
2004-04-28,EUR,SIT,238.48
2004-04-29,EUR,SIT,238.55
2004-04-30,EUR,SIT,238.63
2004-05-01,EUR,SIT,238.63
2004-05-02,EUR,SIT,238.63
2004-05-03,EUR,SIT,238.55
2004-05-04,EUR,SIT,238.6
2004-05-05,EUR,SIT,238.68
2004-05-06,EUR,SIT,238.65
2004-05-07,EUR,SIT,238.69
2004-05-08,EUR,SIT,238.69
2004-05-09,EUR,SIT,238.69
2004-05-10,EUR,SIT,238.67
2004-05-11,EUR,SIT,238.68
2004-05-12,EUR,SIT,238.73
2004-05-13,EUR,SIT,238.79
2004-05-14,EUR,SIT,238.8
2004-05-15,EUR,SIT,238.8
2004-05-16,EUR,SIT,238.8
2004-05-17,EUR,SIT,238.74
2004-05-18,EUR,SIT,238.7493
2004-05-19,EUR,SIT,238.78
2004-05-20,EUR,SIT,238.75
2004-05-21,EUR,SIT,238.68
2004-05-22,EUR,SIT,238.68
2004-05-23,EUR,SIT,238.68
2004-05-24,EUR,SIT,238.71
2004-05-25,EUR,SIT,238.72
2004-05-26,EUR,SIT,238.77
2004-05-27,EUR,SIT,238.85
2004-05-28,EUR,SIT,238.92
2004-05-29,EUR,SIT,238.92
2004-05-30,EUR,SIT,238.92
2004-05-31,EUR,SIT,239.03
2004-06-01,EUR,SIT,239.12
2004-06-02,EUR,SIT,239.16
2004-06-03,EUR,SIT,239.16
2004-06-04,EUR,SIT,239.16
2004-06-05,EUR,SIT,239.16
2004-06-06,EUR,SIT,239.16
2004-06-07,EUR,SIT,239.14
2004-06-08,EUR,SIT,239.15
2004-06-09,EUR,SIT,239.14
2004-06-10,EUR,SIT,239.14
2004-06-11,EUR,SIT,239.15
2004-06-12,EUR,SIT,239.15
2004-06-13,EUR,SIT,239.15
2004-06-14,EUR,SIT,239.18
2004-06-15,EUR,SIT,239.15
2004-06-16,EUR,SIT,239.23
2004-06-17,EUR,SIT,239.23
2004-06-18,EUR,SIT,239.35
2004-06-19,EUR,SIT,239.35
2004-06-20,EUR,SIT,239.35
2004-06-21,EUR,SIT,239.39
2004-06-22,EUR,SIT,239.5
2004-06-23,EUR,SIT,239.58
2004-06-24,EUR,SIT,239.64
2004-06-25,EUR,SIT,239.64
2004-06-26,EUR,SIT,239.64
2004-06-27,EUR,SIT,239.64
2004-06-28,EUR,SIT,239.85
2004-06-29,EUR,SIT,239.85
2004-06-30,EUR,SIT,239.99
2004-07-01,EUR,SIT,239.85
2004-07-02,EUR,SIT,239.86
2004-07-03,EUR,SIT,239.86
2004-07-04,EUR,SIT,239.86
2004-07-05,EUR,SIT,239.85
2004-07-06,EUR,SIT,239.91
2004-07-07,EUR,SIT,239.9
2004-07-08,EUR,SIT,239.88
2004-07-09,EUR,SIT,239.82
2004-07-10,EUR,SIT,239.82
2004-07-11,EUR,SIT,239.82
2004-07-12,EUR,SIT,239.79
2004-07-13,EUR,SIT,239.86
2004-07-14,EUR,SIT,239.85
2004-07-15,EUR,SIT,239.83
2004-07-16,EUR,SIT,239.87
2004-07-17,EUR,SIT,239.87
2004-07-18,EUR,SIT,239.87
2004-07-19,EUR,SIT,239.88
2004-07-20,EUR,SIT,239.87
2004-07-21,EUR,SIT,239.92
2004-07-22,EUR,SIT,240.02
2004-07-23,EUR,SIT,239.99
2004-07-24,EUR,SIT,239.99
2004-07-25,EUR,SIT,239.99
2004-07-26,EUR,SIT,240.03
2004-07-27,EUR,SIT,239.95
2004-07-28,EUR,SIT,239.96
2004-07-29,EUR,SIT,239.98
2004-07-30,EUR,SIT,239.98
2004-07-31,EUR,SIT,239.98
2004-08-01,EUR,SIT,239.98
2004-08-02,EUR,SIT,239.96
2004-08-03,EUR,SIT,240.0
2004-08-04,EUR,SIT,240.01
2004-08-05,EUR,SIT,239.97
2004-08-06,EUR,SIT,239.97
2004-08-07,EUR,SIT,239.97
2004-08-08,EUR,SIT,239.97
2004-08-09,EUR,SIT,240.01
2004-08-10,EUR,SIT,240.0
2004-08-11,EUR,SIT,240.02
2004-08-12,EUR,SIT,240.01
2004-08-13,EUR,SIT,239.98
2004-08-14,EUR,SIT,239.98
2004-08-15,EUR,SIT,239.98
2004-08-16,EUR,SIT,239.99
2004-08-17,EUR,SIT,239.99
2004-08-18,EUR,SIT,240.02
2004-08-19,EUR,SIT,240.03
2004-08-20,EUR,SIT,239.99
2004-08-21,EUR,SIT,239.99
2004-08-22,EUR,SIT,239.99
2004-08-23,EUR,SIT,239.98
2004-08-24,EUR,SIT,239.98
2004-08-25,EUR,SIT,239.96
2004-08-26,EUR,SIT,239.98
2004-08-27,EUR,SIT,240.0
2004-08-28,EUR,SIT,240.0
2004-08-29,EUR,SIT,240.0
2004-08-30,EUR,SIT,239.95
2004-08-31,EUR,SIT,239.98
2004-09-01,EUR,SIT,239.99
2004-09-02,EUR,SIT,239.98
2004-09-03,EUR,SIT,239.99
2004-09-04,EUR,SIT,239.99
2004-09-05,EUR,SIT,239.99
2004-09-06,EUR,SIT,240.0
2004-09-07,EUR,SIT,240.01
2004-09-08,EUR,SIT,239.99
2004-09-09,EUR,SIT,240.01
2004-09-10,EUR,SIT,240.02
2004-09-11,EUR,SIT,240.02
2004-09-12,EUR,SIT,240.02
2004-09-13,EUR,SIT,239.91
2004-09-14,EUR,SIT,239.96
2004-09-15,EUR,SIT,239.95
2004-09-16,EUR,SIT,239.92
2004-09-17,EUR,SIT,239.95
2004-09-18,EUR,SIT,239.95
2004-09-19,EUR,SIT,239.95
2004-09-20,EUR,SIT,239.94
2004-09-21,EUR,SIT,239.96
2004-09-22,EUR,SIT,240.0
2004-09-23,EUR,SIT,239.99
2004-09-24,EUR,SIT,239.91
2004-09-25,EUR,SIT,239.91
2004-09-26,EUR,SIT,239.91
2004-09-27,EUR,SIT,239.9
2004-09-28,EUR,SIT,239.96
2004-09-29,EUR,SIT,239.97
2004-09-30,EUR,SIT,239.98
2004-10-01,EUR,SIT,239.99
2004-10-02,EUR,SIT,239.99
2004-10-03,EUR,SIT,239.99
2004-10-04,EUR,SIT,239.96
2004-10-05,EUR,SIT,240.01
2004-10-06,EUR,SIT,240.02
2004-10-07,EUR,SIT,239.97
2004-10-08,EUR,SIT,239.92
2004-10-09,EUR,SIT,239.92
2004-10-10,EUR,SIT,239.92
2004-10-11,EUR,SIT,239.91
2004-10-12,EUR,SIT,239.95
2004-10-13,EUR,SIT,239.96
2004-10-14,EUR,SIT,239.92
2004-10-15,EUR,SIT,239.89
2004-10-16,EUR,SIT,239.89
2004-10-17,EUR,SIT,239.89
2004-10-18,EUR,SIT,239.9
2004-10-19,EUR,SIT,239.9
2004-10-20,EUR,SIT,239.88
2004-10-21,EUR,SIT,239.9
2004-10-22,EUR,SIT,239.83
2004-10-23,EUR,SIT,239.83
2004-10-24,EUR,SIT,239.83
2004-10-25,EUR,SIT,239.81
2004-10-26,EUR,SIT,239.8
2004-10-27,EUR,SIT,239.81
2004-10-28,EUR,SIT,239.89
2004-10-29,EUR,SIT,239.82
2004-10-30,EUR,SIT,239.82
2004-10-31,EUR,SIT,239.82
2004-11-01,EUR,SIT,239.82
2004-11-02,EUR,SIT,239.77
2004-11-03,EUR,SIT,239.78
2004-11-04,EUR,SIT,239.81
2004-11-05,EUR,SIT,239.8
2004-11-06,EUR,SIT,239.8
2004-11-07,EUR,SIT,239.8
2004-11-08,EUR,SIT,239.78
2004-11-09,EUR,SIT,239.77
2004-11-10,EUR,SIT,239.78
2004-11-11,EUR,SIT,239.8
2004-11-12,EUR,SIT,239.78
2004-11-13,EUR,SIT,239.78
2004-11-14,EUR,SIT,239.78
2004-11-15,EUR,SIT,239.77
2004-11-16,EUR,SIT,239.78
2004-11-17,EUR,SIT,239.79
2004-11-18,EUR,SIT,239.79
2004-11-19,EUR,SIT,239.8
2004-11-20,EUR,SIT,239.8
2004-11-21,EUR,SIT,239.8
2004-11-22,EUR,SIT,239.79
2004-11-23,EUR,SIT,239.78
2004-11-24,EUR,SIT,239.79
2004-11-25,EUR,SIT,239.79
2004-11-26,EUR,SIT,239.78
2004-11-27,EUR,SIT,239.78
2004-11-28,EUR,SIT,239.78
2004-11-29,EUR,SIT,239.79
2004-11-30,EUR,SIT,239.82
2004-12-01,EUR,SIT,239.83
2004-12-02,EUR,SIT,239.79
2004-12-03,EUR,SIT,239.81
2004-12-04,EUR,SIT,239.81
2004-12-05,EUR,SIT,239.81
2004-12-06,EUR,SIT,239.84
2004-12-07,EUR,SIT,239.86
2004-12-08,EUR,SIT,239.87
2004-12-09,EUR,SIT,239.86
2004-12-10,EUR,SIT,239.87
2004-12-11,EUR,SIT,239.87
2004-12-12,EUR,SIT,239.87
2004-12-13,EUR,SIT,239.84
2004-12-14,EUR,SIT,239.76
2004-12-15,EUR,SIT,239.83
2004-12-16,EUR,SIT,239.78
2004-12-17,EUR,SIT,239.79
2004-12-18,EUR,SIT,239.79
2004-12-19,EUR,SIT,239.79
2004-12-20,EUR,SIT,239.78
2004-12-21,EUR,SIT,239.79
2004-12-22,EUR,SIT,239.73
2004-12-23,EUR,SIT,239.79
2004-12-24,EUR,SIT,239.78
2004-12-25,EUR,SIT,239.78
2004-12-26,EUR,SIT,239.78
2004-12-27,EUR,SIT,239.77
2004-12-28,EUR,SIT,239.76
2004-12-29,EUR,SIT,239.74
2004-12-30,EUR,SIT,239.74
2004-12-31,EUR,SIT,239.76
2005-01-01,EUR,SIT,239.76
2005-01-02,EUR,SIT,239.76
2005-01-03,EUR,SIT,239.78
2005-01-04,EUR,SIT,239.78
2005-01-05,EUR,SIT,239.77
2005-01-06,EUR,SIT,239.78
2005-01-07,EUR,SIT,239.77
2005-01-08,EUR,SIT,239.77
2005-01-09,EUR,SIT,239.77
2005-01-10,EUR,SIT,239.78
2005-01-11,EUR,SIT,239.79
2005-01-12,EUR,SIT,239.77
2005-01-13,EUR,SIT,239.77
2005-01-14,EUR,SIT,239.77
2005-01-15,EUR,SIT,239.77
2005-01-16,EUR,SIT,239.77
2005-01-17,EUR,SIT,239.77
2005-01-18,EUR,SIT,239.75
2005-01-19,EUR,SIT,239.78
2005-01-20,EUR,SIT,239.76
2005-01-21,EUR,SIT,239.77
2005-01-22,EUR,SIT,239.77
2005-01-23,EUR,SIT,239.77
2005-01-24,EUR,SIT,239.77
2005-01-25,EUR,SIT,239.75
2005-01-26,EUR,SIT,239.77
2005-01-27,EUR,SIT,239.78
2005-01-28,EUR,SIT,239.78
2005-01-29,EUR,SIT,239.78
2005-01-30,EUR,SIT,239.78
2005-01-31,EUR,SIT,239.77
2005-02-01,EUR,SIT,239.75
2005-02-02,EUR,SIT,239.72
2005-02-03,EUR,SIT,239.72
2005-02-04,EUR,SIT,239.72
2005-02-05,EUR,SIT,239.72
2005-02-06,EUR,SIT,239.72
2005-02-07,EUR,SIT,239.73
2005-02-08,EUR,SIT,239.75
2005-02-09,EUR,SIT,239.74
2005-02-10,EUR,SIT,239.74
2005-02-11,EUR,SIT,239.75
2005-02-12,EUR,SIT,239.75
2005-02-13,EUR,SIT,239.75
2005-02-14,EUR,SIT,239.75
2005-02-15,EUR,SIT,239.73
2005-02-16,EUR,SIT,239.75
2005-02-17,EUR,SIT,239.76
2005-02-18,EUR,SIT,239.75
2005-02-19,EUR,SIT,239.75
2005-02-20,EUR,SIT,239.75
2005-02-21,EUR,SIT,239.75
2005-02-22,EUR,SIT,239.74
2005-02-23,EUR,SIT,239.73
2005-02-24,EUR,SIT,239.72
2005-02-25,EUR,SIT,239.71
2005-02-26,EUR,SIT,239.71
2005-02-27,EUR,SIT,239.71
2005-02-28,EUR,SIT,239.7
2005-03-01,EUR,SIT,239.71
2005-03-02,EUR,SIT,239.73
2005-03-03,EUR,SIT,239.73
2005-03-04,EUR,SIT,239.69
2005-03-05,EUR,SIT,239.69
2005-03-06,EUR,SIT,239.69
2005-03-07,EUR,SIT,239.69
2005-03-08,EUR,SIT,239.69
2005-03-09,EUR,SIT,239.73
2005-03-10,EUR,SIT,239.7
2005-03-11,EUR,SIT,239.72
2005-03-12,EUR,SIT,239.72
2005-03-13,EUR,SIT,239.72
2005-03-14,EUR,SIT,239.7
2005-03-15,EUR,SIT,239.69
2005-03-16,EUR,SIT,239.7
2005-03-17,EUR,SIT,239.68
2005-03-18,EUR,SIT,239.7
2005-03-19,EUR,SIT,239.7
2005-03-20,EUR,SIT,239.7
2005-03-21,EUR,SIT,239.69
2005-03-22,EUR,SIT,239.68
2005-03-23,EUR,SIT,239.67
2005-03-24,EUR,SIT,239.68
2005-03-25,EUR,SIT,239.68
2005-03-26,EUR,SIT,239.68
2005-03-27,EUR,SIT,239.68
2005-03-28,EUR,SIT,239.68
2005-03-29,EUR,SIT,239.71
2005-03-30,EUR,SIT,239.7
2005-03-31,EUR,SIT,239.73
2005-04-01,EUR,SIT,239.7
2005-04-02,EUR,SIT,239.7
2005-04-03,EUR,SIT,239.7
2005-04-04,EUR,SIT,239.68
2005-04-05,EUR,SIT,239.7
2005-04-06,EUR,SIT,239.68
2005-04-07,EUR,SIT,239.7
2005-04-08,EUR,SIT,239.72
2005-04-09,EUR,SIT,239.72
2005-04-10,EUR,SIT,239.72
2005-04-11,EUR,SIT,239.72
2005-04-12,EUR,SIT,239.71
2005-04-13,EUR,SIT,239.69
2005-04-14,EUR,SIT,239.7
2005-04-15,EUR,SIT,239.67
2005-04-16,EUR,SIT,239.67
2005-04-17,EUR,SIT,239.67
2005-04-18,EUR,SIT,239.61
2005-04-19,EUR,SIT,239.63
2005-04-20,EUR,SIT,239.61
2005-04-21,EUR,SIT,239.61
2005-04-22,EUR,SIT,239.61
2005-04-23,EUR,SIT,239.61
2005-04-24,EUR,SIT,239.61
2005-04-25,EUR,SIT,239.61
2005-04-26,EUR,SIT,239.61
2005-04-27,EUR,SIT,239.61
2005-04-28,EUR,SIT,239.58
2005-04-29,EUR,SIT,239.58
2005-04-30,EUR,SIT,239.58
2005-05-01,EUR,SIT,239.58
2005-05-02,EUR,SIT,239.58
2005-05-03,EUR,SIT,239.55
2005-05-04,EUR,SIT,239.48
2005-05-05,EUR,SIT,239.53
2005-05-06,EUR,SIT,239.53
2005-05-07,EUR,SIT,239.53
2005-05-08,EUR,SIT,239.53
2005-05-09,EUR,SIT,239.5
2005-05-10,EUR,SIT,239.51
2005-05-11,EUR,SIT,239.51
2005-05-12,EUR,SIT,239.52
2005-05-13,EUR,SIT,239.5
2005-05-14,EUR,SIT,239.5
2005-05-15,EUR,SIT,239.5
2005-05-16,EUR,SIT,239.49
2005-05-17,EUR,SIT,239.5
2005-05-18,EUR,SIT,239.5
2005-05-19,EUR,SIT,239.52
2005-05-20,EUR,SIT,239.5
2005-05-21,EUR,SIT,239.5
2005-05-22,EUR,SIT,239.5
2005-05-23,EUR,SIT,239.5
2005-05-24,EUR,SIT,239.48
2005-05-25,EUR,SIT,239.52
2005-05-26,EUR,SIT,239.52
2005-05-27,EUR,SIT,239.53
2005-05-28,EUR,SIT,239.53
2005-05-29,EUR,SIT,239.53
2005-05-30,EUR,SIT,239.52
2005-05-31,EUR,SIT,239.48
2005-06-01,EUR,SIT,239.5
2005-06-02,EUR,SIT,239.5
2005-06-03,EUR,SIT,239.5
2005-06-04,EUR,SIT,239.5
2005-06-05,EUR,SIT,239.5
2005-06-06,EUR,SIT,239.47
2005-06-07,EUR,SIT,239.52
2005-06-08,EUR,SIT,239.52
2005-06-09,EUR,SIT,239.49
2005-06-10,EUR,SIT,239.51
2005-06-11,EUR,SIT,239.51
2005-06-12,EUR,SIT,239.51
2005-06-13,EUR,SIT,239.43
2005-06-14,EUR,SIT,239.43
2005-06-15,EUR,SIT,239.41
2005-06-16,EUR,SIT,239.43
2005-06-17,EUR,SIT,239.43
2005-06-18,EUR,SIT,239.43
2005-06-19,EUR,SIT,239.43
2005-06-20,EUR,SIT,239.53
2005-06-21,EUR,SIT,239.44
2005-06-22,EUR,SIT,239.45
2005-06-23,EUR,SIT,239.43
2005-06-24,EUR,SIT,239.43
2005-06-25,EUR,SIT,239.43
2005-06-26,EUR,SIT,239.43
2005-06-27,EUR,SIT,239.46
2005-06-28,EUR,SIT,239.44
2005-06-29,EUR,SIT,239.46
2005-06-30,EUR,SIT,239.47
2005-07-01,EUR,SIT,239.45
2005-07-02,EUR,SIT,239.45
2005-07-03,EUR,SIT,239.45
2005-07-04,EUR,SIT,239.45
2005-07-05,EUR,SIT,239.44
2005-07-06,EUR,SIT,239.45
2005-07-07,EUR,SIT,239.46
2005-07-08,EUR,SIT,239.48
2005-07-09,EUR,SIT,239.48
2005-07-10,EUR,SIT,239.48
2005-07-11,EUR,SIT,239.48
2005-07-12,EUR,SIT,239.46
2005-07-13,EUR,SIT,239.47
2005-07-14,EUR,SIT,239.46
2005-07-15,EUR,SIT,239.46
2005-07-16,EUR,SIT,239.46
2005-07-17,EUR,SIT,239.46
2005-07-18,EUR,SIT,239.48
2005-07-19,EUR,SIT,239.48
2005-07-20,EUR,SIT,239.5
2005-07-21,EUR,SIT,239.5
2005-07-22,EUR,SIT,239.49
2005-07-23,EUR,SIT,239.49
2005-07-24,EUR,SIT,239.49
2005-07-25,EUR,SIT,239.52
2005-07-26,EUR,SIT,239.53
2005-07-27,EUR,SIT,239.52
2005-07-28,EUR,SIT,239.51
2005-07-29,EUR,SIT,239.51
2005-07-30,EUR,SIT,239.51
2005-07-31,EUR,SIT,239.51
2005-08-01,EUR,SIT,239.49
2005-08-02,EUR,SIT,239.51
2005-08-03,EUR,SIT,239.51
2005-08-04,EUR,SIT,239.52
2005-08-05,EUR,SIT,239.53
2005-08-06,EUR,SIT,239.53
2005-08-07,EUR,SIT,239.53
2005-08-08,EUR,SIT,239.52
2005-08-09,EUR,SIT,239.56
2005-08-10,EUR,SIT,239.53
2005-08-11,EUR,SIT,239.49
2005-08-12,EUR,SIT,239.51
2005-08-13,EUR,SIT,239.51
2005-08-14,EUR,SIT,239.51
2005-08-15,EUR,SIT,239.51
2005-08-16,EUR,SIT,239.51
2005-08-17,EUR,SIT,239.5
2005-08-18,EUR,SIT,239.5
2005-08-19,EUR,SIT,239.5
2005-08-20,EUR,SIT,239.5
2005-08-21,EUR,SIT,239.5
2005-08-22,EUR,SIT,239.49
2005-08-23,EUR,SIT,239.51
2005-08-24,EUR,SIT,239.51
2005-08-25,EUR,SIT,239.5
2005-08-26,EUR,SIT,239.52
2005-08-27,EUR,SIT,239.52
2005-08-28,EUR,SIT,239.52
2005-08-29,EUR,SIT,239.5
2005-08-30,EUR,SIT,239.5
2005-08-31,EUR,SIT,239.5
2005-09-01,EUR,SIT,239.51
2005-09-02,EUR,SIT,239.46
2005-09-03,EUR,SIT,239.46
2005-09-04,EUR,SIT,239.46
2005-09-05,EUR,SIT,239.49
2005-09-06,EUR,SIT,239.47
2005-09-07,EUR,SIT,239.42
2005-09-08,EUR,SIT,239.41
2005-09-09,EUR,SIT,239.42
2005-09-10,EUR,SIT,239.42
2005-09-11,EUR,SIT,239.42
2005-09-12,EUR,SIT,239.44
2005-09-13,EUR,SIT,239.43
2005-09-14,EUR,SIT,239.47
2005-09-15,EUR,SIT,239.47
2005-09-16,EUR,SIT,239.46
2005-09-17,EUR,SIT,239.46
2005-09-18,EUR,SIT,239.46
2005-09-19,EUR,SIT,239.48
2005-09-20,EUR,SIT,239.49
2005-09-21,EUR,SIT,239.48
2005-09-22,EUR,SIT,239.48
2005-09-23,EUR,SIT,239.48
2005-09-24,EUR,SIT,239.48
2005-09-25,EUR,SIT,239.48
2005-09-26,EUR,SIT,239.51
2005-09-27,EUR,SIT,239.51
2005-09-28,EUR,SIT,239.51
2005-09-29,EUR,SIT,239.53
2005-09-30,EUR,SIT,239.52
2005-10-01,EUR,SIT,239.52
2005-10-02,EUR,SIT,239.52
2005-10-03,EUR,SIT,239.52
2005-10-04,EUR,SIT,239.54
2005-10-05,EUR,SIT,239.53
2005-10-06,EUR,SIT,239.55
2005-10-07,EUR,SIT,239.53
2005-10-08,EUR,SIT,239.53
2005-10-09,EUR,SIT,239.53
2005-10-10,EUR,SIT,239.56
2005-10-11,EUR,SIT,239.52
2005-10-12,EUR,SIT,239.52
2005-10-13,EUR,SIT,239.52
2005-10-14,EUR,SIT,239.51
2005-10-15,EUR,SIT,239.51
2005-10-16,EUR,SIT,239.51
2005-10-17,EUR,SIT,239.53
2005-10-18,EUR,SIT,239.52
2005-10-19,EUR,SIT,239.52
2005-10-20,EUR,SIT,239.52
2005-10-21,EUR,SIT,239.5
2005-10-22,EUR,SIT,239.5
2005-10-23,EUR,SIT,239.5
2005-10-24,EUR,SIT,239.54
2005-10-25,EUR,SIT,239.53
2005-10-26,EUR,SIT,239.52
2005-10-27,EUR,SIT,239.51
2005-10-28,EUR,SIT,239.53
2005-10-29,EUR,SIT,239.53
2005-10-30,EUR,SIT,239.53
2005-10-31,EUR,SIT,239.51
2005-11-01,EUR,SIT,239.51
2005-11-02,EUR,SIT,239.5
2005-11-03,EUR,SIT,239.5
2005-11-04,EUR,SIT,239.49
2005-11-05,EUR,SIT,239.49
2005-11-06,EUR,SIT,239.49
2005-11-07,EUR,SIT,239.51
2005-11-08,EUR,SIT,239.52
2005-11-09,EUR,SIT,239.48
2005-11-10,EUR,SIT,239.52
2005-11-11,EUR,SIT,239.5
2005-11-12,EUR,SIT,239.5
2005-11-13,EUR,SIT,239.5
2005-11-14,EUR,SIT,239.5
2005-11-15,EUR,SIT,239.5
2005-11-16,EUR,SIT,239.5
2005-11-17,EUR,SIT,239.51
2005-11-18,EUR,SIT,239.52
2005-11-19,EUR,SIT,239.52
2005-11-20,EUR,SIT,239.52
2005-11-21,EUR,SIT,239.51
2005-11-22,EUR,SIT,239.52
2005-11-23,EUR,SIT,239.54
2005-11-24,EUR,SIT,239.51
2005-11-25,EUR,SIT,239.53
2005-11-26,EUR,SIT,239.53
2005-11-27,EUR,SIT,239.53
2005-11-28,EUR,SIT,239.51
2005-11-29,EUR,SIT,239.5
2005-11-30,EUR,SIT,239.5
2005-12-01,EUR,SIT,239.48
2005-12-02,EUR,SIT,239.51
2005-12-03,EUR,SIT,239.51
2005-12-04,EUR,SIT,239.51
2005-12-05,EUR,SIT,239.52
2005-12-06,EUR,SIT,239.54
2005-12-07,EUR,SIT,239.51
2005-12-08,EUR,SIT,239.5
2005-12-09,EUR,SIT,239.51
2005-12-10,EUR,SIT,239.51
2005-12-11,EUR,SIT,239.51
2005-12-12,EUR,SIT,239.51
2005-12-13,EUR,SIT,239.5
2005-12-14,EUR,SIT,239.52
2005-12-15,EUR,SIT,239.49
2005-12-16,EUR,SIT,239.5
2005-12-17,EUR,SIT,239.5
2005-12-18,EUR,SIT,239.5
2005-12-19,EUR,SIT,239.49
2005-12-20,EUR,SIT,239.52
2005-12-21,EUR,SIT,239.51
2005-12-22,EUR,SIT,239.5
2005-12-23,EUR,SIT,239.5
2005-12-24,EUR,SIT,239.5
2005-12-25,EUR,SIT,239.5
2005-12-26,EUR,SIT,239.5
2005-12-27,EUR,SIT,239.51
2005-12-28,EUR,SIT,239.5
2005-12-29,EUR,SIT,239.51
2005-12-30,EUR,SIT,239.5
2005-12-31,EUR,SIT,239.5
2006-01-01,EUR,SIT,239.5
2006-01-02,EUR,SIT,239.5
2006-01-03,EUR,SIT,239.5
2006-01-04,EUR,SIT,239.51
2006-01-05,EUR,SIT,239.51
2006-01-06,EUR,SIT,239.49
2006-01-07,EUR,SIT,239.49
2006-01-08,EUR,SIT,239.49
2006-01-09,EUR,SIT,239.49
2006-01-10,EUR,SIT,239.49
2006-01-11,EUR,SIT,239.48
2006-01-12,EUR,SIT,239.5
2006-01-13,EUR,SIT,239.49
2006-01-14,EUR,SIT,239.49
2006-01-15,EUR,SIT,239.49
2006-01-16,EUR,SIT,239.51
2006-01-17,EUR,SIT,239.48
2006-01-18,EUR,SIT,239.48
2006-01-19,EUR,SIT,239.47
2006-01-20,EUR,SIT,239.47
2006-01-21,EUR,SIT,239.47
2006-01-22,EUR,SIT,239.47
2006-01-23,EUR,SIT,239.47
2006-01-24,EUR,SIT,239.49
2006-01-25,EUR,SIT,239.46
2006-01-26,EUR,SIT,239.47
2006-01-27,EUR,SIT,239.51
2006-01-28,EUR,SIT,239.51
2006-01-29,EUR,SIT,239.51
2006-01-30,EUR,SIT,239.47
2006-01-31,EUR,SIT,239.47
2006-02-01,EUR,SIT,239.47
2006-02-02,EUR,SIT,239.47
2006-02-03,EUR,SIT,239.46
2006-02-04,EUR,SIT,239.46
2006-02-05,EUR,SIT,239.46
2006-02-06,EUR,SIT,239.49
2006-02-07,EUR,SIT,239.49
2006-02-08,EUR,SIT,239.49
2006-02-09,EUR,SIT,239.47
2006-02-10,EUR,SIT,239.5
2006-02-11,EUR,SIT,239.5
2006-02-12,EUR,SIT,239.5
2006-02-13,EUR,SIT,239.5
2006-02-14,EUR,SIT,239.51
2006-02-15,EUR,SIT,239.49
2006-02-16,EUR,SIT,239.47
2006-02-17,EUR,SIT,239.46
2006-02-18,EUR,SIT,239.46
2006-02-19,EUR,SIT,239.46
2006-02-20,EUR,SIT,239.48
2006-02-21,EUR,SIT,239.47
2006-02-22,EUR,SIT,239.49
2006-02-23,EUR,SIT,239.5
2006-02-24,EUR,SIT,239.49
2006-02-25,EUR,SIT,239.49
2006-02-26,EUR,SIT,239.49
2006-02-27,EUR,SIT,239.51
2006-02-28,EUR,SIT,239.49
2006-03-01,EUR,SIT,239.5
2006-03-02,EUR,SIT,239.5
2006-03-03,EUR,SIT,239.5
2006-03-04,EUR,SIT,239.5
2006-03-05,EUR,SIT,239.5
2006-03-06,EUR,SIT,239.51
2006-03-07,EUR,SIT,239.52
2006-03-08,EUR,SIT,239.54
2006-03-09,EUR,SIT,239.54
2006-03-10,EUR,SIT,239.56
2006-03-11,EUR,SIT,239.56
2006-03-12,EUR,SIT,239.56
2006-03-13,EUR,SIT,239.56
2006-03-14,EUR,SIT,239.56
2006-03-15,EUR,SIT,239.55
2006-03-16,EUR,SIT,239.53
2006-03-17,EUR,SIT,239.53
2006-03-18,EUR,SIT,239.53
2006-03-19,EUR,SIT,239.53
2006-03-20,EUR,SIT,239.54
2006-03-21,EUR,SIT,239.57
2006-03-22,EUR,SIT,239.54
2006-03-23,EUR,SIT,239.6
2006-03-24,EUR,SIT,239.56
2006-03-25,EUR,SIT,239.56
2006-03-26,EUR,SIT,239.56
2006-03-27,EUR,SIT,239.59
2006-03-28,EUR,SIT,239.59
2006-03-29,EUR,SIT,239.6
2006-03-30,EUR,SIT,239.61
2006-03-31,EUR,SIT,239.56
2006-04-01,EUR,SIT,239.56
2006-04-02,EUR,SIT,239.56
2006-04-03,EUR,SIT,239.59
2006-04-04,EUR,SIT,239.62
2006-04-05,EUR,SIT,239.62
2006-04-06,EUR,SIT,239.63
2006-04-07,EUR,SIT,239.63
2006-04-08,EUR,SIT,239.63
2006-04-09,EUR,SIT,239.63
2006-04-10,EUR,SIT,239.63
2006-04-11,EUR,SIT,239.58
2006-04-12,EUR,SIT,239.61
2006-04-13,EUR,SIT,239.61
2006-04-14,EUR,SIT,239.61
2006-04-15,EUR,SIT,239.61
2006-04-16,EUR,SIT,239.61
2006-04-17,EUR,SIT,239.61
2006-04-18,EUR,SIT,239.6
2006-04-19,EUR,SIT,239.59
2006-04-20,EUR,SIT,239.61
2006-04-21,EUR,SIT,239.6
2006-04-22,EUR,SIT,239.6
2006-04-23,EUR,SIT,239.6
2006-04-24,EUR,SIT,239.61
2006-04-25,EUR,SIT,239.58
2006-04-26,EUR,SIT,239.58
2006-04-27,EUR,SIT,239.58
2006-04-28,EUR,SIT,239.61
2006-04-29,EUR,SIT,239.61
2006-04-30,EUR,SIT,239.61
2006-05-01,EUR,SIT,239.61
2006-05-02,EUR,SIT,239.61
2006-05-03,EUR,SIT,239.58
2006-05-04,EUR,SIT,239.59
2006-05-05,EUR,SIT,239.62
2006-05-06,EUR,SIT,239.62
2006-05-07,EUR,SIT,239.62
2006-05-08,EUR,SIT,239.63
2006-05-09,EUR,SIT,239.63
2006-05-10,EUR,SIT,239.66
2006-05-11,EUR,SIT,239.68
2006-05-12,EUR,SIT,239.65
2006-05-13,EUR,SIT,239.65
2006-05-14,EUR,SIT,239.65
2006-05-15,EUR,SIT,239.62
2006-05-16,EUR,SIT,239.65
2006-05-17,EUR,SIT,239.65
2006-05-18,EUR,SIT,239.62
2006-05-19,EUR,SIT,239.61
2006-05-20,EUR,SIT,239.61
2006-05-21,EUR,SIT,239.61
2006-05-22,EUR,SIT,239.62
2006-05-23,EUR,SIT,239.61
2006-05-24,EUR,SIT,239.64
2006-05-25,EUR,SIT,239.63
2006-05-26,EUR,SIT,239.63
2006-05-27,EUR,SIT,239.63
2006-05-28,EUR,SIT,239.63
2006-05-29,EUR,SIT,239.64
2006-05-30,EUR,SIT,239.64
2006-05-31,EUR,SIT,239.65
2006-06-01,EUR,SIT,239.64
2006-06-02,EUR,SIT,239.66
2006-06-03,EUR,SIT,239.66
2006-06-04,EUR,SIT,239.66
2006-06-05,EUR,SIT,239.66
2006-06-06,EUR,SIT,239.66
2006-06-07,EUR,SIT,239.67
2006-06-08,EUR,SIT,239.65
2006-06-09,EUR,SIT,239.65
2006-06-10,EUR,SIT,239.65
2006-06-11,EUR,SIT,239.65
2006-06-12,EUR,SIT,239.66
2006-06-13,EUR,SIT,239.64
2006-06-14,EUR,SIT,239.64
2006-06-15,EUR,SIT,239.65
2006-06-16,EUR,SIT,239.63
2006-06-17,EUR,SIT,239.63
2006-06-18,EUR,SIT,239.63
2006-06-19,EUR,SIT,239.64
2006-06-20,EUR,SIT,239.64
2006-06-21,EUR,SIT,239.64
2006-06-22,EUR,SIT,239.66
2006-06-23,EUR,SIT,239.65
2006-06-24,EUR,SIT,239.65
2006-06-25,EUR,SIT,239.65
2006-06-26,EUR,SIT,239.65
2006-06-27,EUR,SIT,239.65
2006-06-28,EUR,SIT,239.64
2006-06-29,EUR,SIT,239.62
2006-06-30,EUR,SIT,239.63
2006-07-01,EUR,SIT,239.63
2006-07-02,EUR,SIT,239.63
2006-07-03,EUR,SIT,239.64
2006-07-04,EUR,SIT,239.64
2006-07-05,EUR,SIT,239.64
2006-07-06,EUR,SIT,239.68
2006-07-07,EUR,SIT,239.66
2006-07-08,EUR,SIT,239.66
2006-07-09,EUR,SIT,239.66
2006-07-10,EUR,SIT,239.65
2006-07-11,EUR,SIT,239.64
2006-07-12,EUR,SIT,239.64
2006-07-13,EUR,SIT,239.64
2006-07-14,EUR,SIT,239.64
2006-07-15,EUR,SIT,239.64
2006-07-16,EUR,SIT,239.64
2006-07-17,EUR,SIT,239.63
2006-07-18,EUR,SIT,239.63
2006-07-19,EUR,SIT,239.64
2006-07-20,EUR,SIT,239.64
2006-07-21,EUR,SIT,239.64
2006-07-22,EUR,SIT,239.64
2006-07-23,EUR,SIT,239.64
2006-07-24,EUR,SIT,239.65
2006-07-25,EUR,SIT,239.65
2006-07-26,EUR,SIT,239.65
2006-07-27,EUR,SIT,239.67
2006-07-28,EUR,SIT,239.65
2006-07-29,EUR,SIT,239.65
2006-07-30,EUR,SIT,239.65
2006-07-31,EUR,SIT,239.66
2006-08-01,EUR,SIT,239.67
2006-08-02,EUR,SIT,239.65
2006-08-03,EUR,SIT,239.65
2006-08-04,EUR,SIT,239.66
2006-08-05,EUR,SIT,239.66
2006-08-06,EUR,SIT,239.66
2006-08-07,EUR,SIT,239.67
2006-08-08,EUR,SIT,239.67
2006-08-09,EUR,SIT,239.67
2006-08-10,EUR,SIT,239.65
2006-08-11,EUR,SIT,239.64
2006-08-12,EUR,SIT,239.64
2006-08-13,EUR,SIT,239.64
2006-08-14,EUR,SIT,239.62
2006-08-15,EUR,SIT,239.62
2006-08-16,EUR,SIT,239.62
2006-08-17,EUR,SIT,239.63
2006-08-18,EUR,SIT,239.6
2006-08-19,EUR,SIT,239.6
2006-08-20,EUR,SIT,239.6
2006-08-21,EUR,SIT,239.58
2006-08-22,EUR,SIT,239.59
2006-08-23,EUR,SIT,239.59
2006-08-24,EUR,SIT,239.59
2006-08-25,EUR,SIT,239.58
2006-08-26,EUR,SIT,239.58
2006-08-27,EUR,SIT,239.58
2006-08-28,EUR,SIT,239.6
2006-08-29,EUR,SIT,239.59
2006-08-30,EUR,SIT,239.58
2006-08-31,EUR,SIT,239.57
2006-09-01,EUR,SIT,239.57
2006-09-02,EUR,SIT,239.57
2006-09-03,EUR,SIT,239.57
2006-09-04,EUR,SIT,239.61
2006-09-05,EUR,SIT,239.57
2006-09-06,EUR,SIT,239.59
2006-09-07,EUR,SIT,239.59
2006-09-08,EUR,SIT,239.59
2006-09-09,EUR,SIT,239.59
2006-09-10,EUR,SIT,239.59
2006-09-11,EUR,SIT,239.59
2006-09-12,EUR,SIT,239.59
2006-09-13,EUR,SIT,239.59
2006-09-14,EUR,SIT,239.6
2006-09-15,EUR,SIT,239.59
2006-09-16,EUR,SIT,239.59
2006-09-17,EUR,SIT,239.59
2006-09-18,EUR,SIT,239.58
2006-09-19,EUR,SIT,239.58
2006-09-20,EUR,SIT,239.59
2006-09-21,EUR,SIT,239.61
2006-09-22,EUR,SIT,239.6
2006-09-23,EUR,SIT,239.6
2006-09-24,EUR,SIT,239.6
2006-09-25,EUR,SIT,239.6
2006-09-26,EUR,SIT,239.59
2006-09-27,EUR,SIT,239.59
2006-09-28,EUR,SIT,239.59
2006-09-29,EUR,SIT,239.59
2006-09-30,EUR,SIT,239.59
2006-10-01,EUR,SIT,239.59
2006-10-02,EUR,SIT,239.58
2006-10-03,EUR,SIT,239.51
2006-10-04,EUR,SIT,239.6
2006-10-05,EUR,SIT,239.6
2006-10-06,EUR,SIT,239.63
2006-10-07,EUR,SIT,239.63
2006-10-08,EUR,SIT,239.63
2006-10-09,EUR,SIT,239.6
2006-10-10,EUR,SIT,239.6
2006-10-11,EUR,SIT,239.6
2006-10-12,EUR,SIT,239.59
2006-10-13,EUR,SIT,239.56
2006-10-14,EUR,SIT,239.56
2006-10-15,EUR,SIT,239.56
2006-10-16,EUR,SIT,239.57
2006-10-17,EUR,SIT,239.57
2006-10-18,EUR,SIT,239.58
2006-10-19,EUR,SIT,239.68
2006-10-20,EUR,SIT,239.57
2006-10-21,EUR,SIT,239.57
2006-10-22,EUR,SIT,239.57
2006-10-23,EUR,SIT,239.61
2006-10-24,EUR,SIT,239.6
2006-10-25,EUR,SIT,239.6
2006-10-26,EUR,SIT,239.6
2006-10-27,EUR,SIT,239.62
2006-10-28,EUR,SIT,239.62
2006-10-29,EUR,SIT,239.62
2006-10-30,EUR,SIT,239.62
2006-10-31,EUR,SIT,239.61
2006-11-01,EUR,SIT,239.51
2006-11-02,EUR,SIT,239.6
2006-11-03,EUR,SIT,239.62
2006-11-04,EUR,SIT,239.62
2006-11-05,EUR,SIT,239.62
2006-11-06,EUR,SIT,239.63
2006-11-07,EUR,SIT,239.61
2006-11-08,EUR,SIT,239.65
2006-11-09,EUR,SIT,239.65
2006-11-10,EUR,SIT,239.68
2006-11-11,EUR,SIT,239.68
2006-11-12,EUR,SIT,239.68
2006-11-13,EUR,SIT,239.62
2006-11-14,EUR,SIT,239.66
2006-11-15,EUR,SIT,239.58
2006-11-16,EUR,SIT,239.64
2006-11-17,EUR,SIT,239.68
2006-11-18,EUR,SIT,239.68
2006-11-19,EUR,SIT,239.68
2006-11-20,EUR,SIT,239.66
2006-11-21,EUR,SIT,239.66
2006-11-22,EUR,SIT,239.66
2006-11-23,EUR,SIT,239.66
2006-11-24,EUR,SIT,239.66
2006-11-25,EUR,SIT,239.66
2006-11-26,EUR,SIT,239.66
2006-11-27,EUR,SIT,239.66
2006-11-28,EUR,SIT,239.67
2006-11-29,EUR,SIT,239.65
2006-11-30,EUR,SIT,239.66
2006-12-01,EUR,SIT,239.63
2006-12-02,EUR,SIT,239.63
2006-12-03,EUR,SIT,239.63
2006-12-04,EUR,SIT,239.67
2006-12-05,EUR,SIT,239.66
2006-12-06,EUR,SIT,239.66
2006-12-07,EUR,SIT,239.67
2006-12-08,EUR,SIT,239.66
2006-12-09,EUR,SIT,239.66
2006-12-10,EUR,SIT,239.66
2006-12-11,EUR,SIT,239.68
2006-12-12,EUR,SIT,239.67
2006-12-13,EUR,SIT,239.68
2006-12-14,EUR,SIT,239.65
2006-12-15,EUR,SIT,239.66
2006-12-16,EUR,SIT,239.66
2006-12-17,EUR,SIT,239.66
2006-12-18,EUR,SIT,239.66
2006-12-19,EUR,SIT,239.64
2006-12-20,EUR,SIT,239.66
2006-12-21,EUR,SIT,239.69
2006-12-22,EUR,SIT,239.66
2006-12-23,EUR,SIT,239.66
2006-12-24,EUR,SIT,239.66
2006-12-25,EUR,SIT,239.66
2006-12-26,EUR,SIT,239.66
2006-12-27,EUR,SIT,239.65
2006-12-28,EUR,SIT,239.64
2006-12-29,EUR,SIT,239.64
