1999-01-04,EUR,SKK,42.991
1999-01-05,EUR,SKK,42.848
1999-01-06,EUR,SKK,42.778
1999-01-07,EUR,SKK,42.765
1999-01-08,EUR,SKK,42.56
1999-01-09,EUR,SKK,42.56
1999-01-10,EUR,SKK,42.56
1999-01-11,EUR,SKK,42.509
1999-01-12,EUR,SKK,42.49
1999-01-13,EUR,SKK,42.794
1999-01-14,EUR,SKK,42.757
1999-01-15,EUR,SKK,42.738
1999-01-16,EUR,SKK,42.738
1999-01-17,EUR,SKK,42.738
1999-01-18,EUR,SKK,42.72
1999-01-19,EUR,SKK,42.737
1999-01-20,EUR,SKK,42.667
1999-01-21,EUR,SKK,42.827
1999-01-22,EUR,SKK,42.906
1999-01-23,EUR,SKK,42.906
1999-01-24,EUR,SKK,42.906
1999-01-25,EUR,SKK,42.943
1999-01-26,EUR,SKK,42.935
1999-01-27,EUR,SKK,42.893
1999-01-28,EUR,SKK,42.713
1999-01-29,EUR,SKK,42.726
1999-01-30,EUR,SKK,42.726
1999-01-31,EUR,SKK,42.726
1999-02-01,EUR,SKK,42.883
1999-02-02,EUR,SKK,42.704
1999-02-03,EUR,SKK,42.469
1999-02-04,EUR,SKK,42.419
1999-02-05,EUR,SKK,42.458
1999-02-06,EUR,SKK,42.458
1999-02-07,EUR,SKK,42.458
1999-02-08,EUR,SKK,42.557
1999-02-09,EUR,SKK,42.69
1999-02-10,EUR,SKK,42.707
1999-02-11,EUR,SKK,42.826
1999-02-12,EUR,SKK,42.997
1999-02-13,EUR,SKK,42.997
1999-02-14,EUR,SKK,42.997
1999-02-15,EUR,SKK,42.931
1999-02-16,EUR,SKK,42.946
1999-02-17,EUR,SKK,42.964
1999-02-18,EUR,SKK,43.073
1999-02-19,EUR,SKK,43.626
1999-02-20,EUR,SKK,43.626
1999-02-21,EUR,SKK,43.626
1999-02-22,EUR,SKK,43.888
1999-02-23,EUR,SKK,43.846
1999-02-24,EUR,SKK,43.96
1999-02-25,EUR,SKK,43.92
1999-02-26,EUR,SKK,43.958
1999-02-27,EUR,SKK,43.958
1999-02-28,EUR,SKK,43.958
1999-03-01,EUR,SKK,43.843
1999-03-02,EUR,SKK,43.728
1999-03-03,EUR,SKK,43.646
1999-03-04,EUR,SKK,43.57
1999-03-05,EUR,SKK,43.874
1999-03-06,EUR,SKK,43.874
1999-03-07,EUR,SKK,43.874
1999-03-08,EUR,SKK,43.94
1999-03-09,EUR,SKK,44.554
1999-03-10,EUR,SKK,44.38
1999-03-11,EUR,SKK,44.47
1999-03-12,EUR,SKK,44.854
1999-03-13,EUR,SKK,44.854
1999-03-14,EUR,SKK,44.854
1999-03-15,EUR,SKK,44.658
1999-03-16,EUR,SKK,44.25
1999-03-17,EUR,SKK,44.546
1999-03-18,EUR,SKK,44.648
1999-03-19,EUR,SKK,44.62
1999-03-20,EUR,SKK,44.62
1999-03-21,EUR,SKK,44.62
1999-03-22,EUR,SKK,44.702
1999-03-23,EUR,SKK,44.7
1999-03-24,EUR,SKK,44.704
1999-03-25,EUR,SKK,44.714
1999-03-26,EUR,SKK,44.752
1999-03-27,EUR,SKK,44.752
1999-03-28,EUR,SKK,44.752
1999-03-29,EUR,SKK,44.979
1999-03-30,EUR,SKK,44.9
1999-03-31,EUR,SKK,44.962
1999-04-01,EUR,SKK,44.991
1999-04-02,EUR,SKK,44.982
1999-04-03,EUR,SKK,44.982
1999-04-04,EUR,SKK,44.982
1999-04-05,EUR,SKK,44.983
1999-04-06,EUR,SKK,44.894
1999-04-07,EUR,SKK,44.918
1999-04-08,EUR,SKK,44.788
1999-04-09,EUR,SKK,44.745
1999-04-10,EUR,SKK,44.745
1999-04-11,EUR,SKK,44.745
1999-04-12,EUR,SKK,44.901
1999-04-13,EUR,SKK,44.852
1999-04-14,EUR,SKK,44.892
1999-04-15,EUR,SKK,44.878
1999-04-16,EUR,SKK,44.91
1999-04-17,EUR,SKK,44.91
1999-04-18,EUR,SKK,44.91
1999-04-19,EUR,SKK,45.003
1999-04-20,EUR,SKK,45.003
1999-04-21,EUR,SKK,44.921
1999-04-22,EUR,SKK,45.03
1999-04-23,EUR,SKK,44.914
1999-04-24,EUR,SKK,44.914
1999-04-25,EUR,SKK,44.914
1999-04-26,EUR,SKK,44.799
1999-04-27,EUR,SKK,44.818
1999-04-28,EUR,SKK,44.927
1999-04-29,EUR,SKK,44.964
1999-04-30,EUR,SKK,44.951
1999-05-01,EUR,SKK,44.951
1999-05-02,EUR,SKK,44.951
1999-05-03,EUR,SKK,44.896
1999-05-04,EUR,SKK,45.02
1999-05-05,EUR,SKK,44.95
1999-05-06,EUR,SKK,44.922
1999-05-07,EUR,SKK,45.05
1999-05-08,EUR,SKK,45.05
1999-05-09,EUR,SKK,45.05
1999-05-10,EUR,SKK,45.156
1999-05-11,EUR,SKK,45.193
1999-05-12,EUR,SKK,45.481
1999-05-13,EUR,SKK,45.444
1999-05-14,EUR,SKK,45.686
1999-05-15,EUR,SKK,45.686
1999-05-16,EUR,SKK,45.686
1999-05-17,EUR,SKK,46.196
1999-05-18,EUR,SKK,46.823
1999-05-19,EUR,SKK,47.484
1999-05-20,EUR,SKK,47.036
1999-05-21,EUR,SKK,46.953
1999-05-22,EUR,SKK,46.953
1999-05-23,EUR,SKK,46.953
1999-05-24,EUR,SKK,46.805
1999-05-25,EUR,SKK,46.654
1999-05-26,EUR,SKK,46.448
1999-05-27,EUR,SKK,46.468
1999-05-28,EUR,SKK,45.707
1999-05-29,EUR,SKK,45.707
1999-05-30,EUR,SKK,45.707
1999-05-31,EUR,SKK,45.5
1999-06-01,EUR,SKK,45.178
1999-06-02,EUR,SKK,45.405
1999-06-03,EUR,SKK,45.553
1999-06-04,EUR,SKK,45.696
1999-06-05,EUR,SKK,45.696
1999-06-06,EUR,SKK,45.696
1999-06-07,EUR,SKK,45.786
1999-06-08,EUR,SKK,45.557
1999-06-09,EUR,SKK,45.596
1999-06-10,EUR,SKK,45.804
1999-06-11,EUR,SKK,45.696
1999-06-12,EUR,SKK,45.696
1999-06-13,EUR,SKK,45.696
1999-06-14,EUR,SKK,45.652
1999-06-15,EUR,SKK,45.446
1999-06-16,EUR,SKK,45.147
1999-06-17,EUR,SKK,45.4
1999-06-18,EUR,SKK,45.441
1999-06-19,EUR,SKK,45.441
1999-06-20,EUR,SKK,45.441
1999-06-21,EUR,SKK,45.477
1999-06-22,EUR,SKK,45.4
1999-06-23,EUR,SKK,45.293
1999-06-24,EUR,SKK,45.3
1999-06-25,EUR,SKK,45.454
1999-06-26,EUR,SKK,45.454
1999-06-27,EUR,SKK,45.454
1999-06-28,EUR,SKK,45.458
1999-06-29,EUR,SKK,45.361
1999-06-30,EUR,SKK,45.327
1999-07-01,EUR,SKK,45.109
1999-07-02,EUR,SKK,45.184
1999-07-03,EUR,SKK,45.184
1999-07-04,EUR,SKK,45.184
1999-07-05,EUR,SKK,45.169
1999-07-06,EUR,SKK,45.134
1999-07-07,EUR,SKK,45.135
1999-07-08,EUR,SKK,45.384
1999-07-09,EUR,SKK,45.233
1999-07-10,EUR,SKK,45.233
1999-07-11,EUR,SKK,45.233
1999-07-12,EUR,SKK,45.147
1999-07-13,EUR,SKK,45.215
1999-07-14,EUR,SKK,45.215
1999-07-15,EUR,SKK,44.951
1999-07-16,EUR,SKK,45.009
1999-07-17,EUR,SKK,45.009
1999-07-18,EUR,SKK,45.009
1999-07-19,EUR,SKK,44.975
1999-07-20,EUR,SKK,45.054
1999-07-21,EUR,SKK,45.092
1999-07-22,EUR,SKK,45.02
1999-07-23,EUR,SKK,44.726
1999-07-24,EUR,SKK,44.726
1999-07-25,EUR,SKK,44.726
1999-07-26,EUR,SKK,44.749
1999-07-27,EUR,SKK,44.722
1999-07-28,EUR,SKK,44.646
1999-07-29,EUR,SKK,44.772
1999-07-30,EUR,SKK,44.717
1999-07-31,EUR,SKK,44.717
1999-08-01,EUR,SKK,44.717
1999-08-02,EUR,SKK,44.852
1999-08-03,EUR,SKK,44.685
1999-08-04,EUR,SKK,44.693
1999-08-05,EUR,SKK,44.662
1999-08-06,EUR,SKK,44.67
1999-08-07,EUR,SKK,44.67
1999-08-08,EUR,SKK,44.67
1999-08-09,EUR,SKK,44.748
1999-08-10,EUR,SKK,44.758
1999-08-11,EUR,SKK,44.759
1999-08-12,EUR,SKK,44.754
1999-08-13,EUR,SKK,44.826
1999-08-14,EUR,SKK,44.826
1999-08-15,EUR,SKK,44.826
1999-08-16,EUR,SKK,44.744
1999-08-17,EUR,SKK,44.59
1999-08-18,EUR,SKK,44.512
1999-08-19,EUR,SKK,44.58
1999-08-20,EUR,SKK,44.58
1999-08-21,EUR,SKK,44.58
1999-08-22,EUR,SKK,44.58
1999-08-23,EUR,SKK,44.599
1999-08-24,EUR,SKK,44.475
1999-08-25,EUR,SKK,44.432
1999-08-26,EUR,SKK,44.244
1999-08-27,EUR,SKK,44.195
1999-08-28,EUR,SKK,44.195
1999-08-29,EUR,SKK,44.195
1999-08-30,EUR,SKK,44.194
1999-08-31,EUR,SKK,43.976
1999-09-01,EUR,SKK,43.998
1999-09-02,EUR,SKK,44.004
1999-09-03,EUR,SKK,43.916
1999-09-04,EUR,SKK,43.916
1999-09-05,EUR,SKK,43.916
1999-09-06,EUR,SKK,43.85
1999-09-07,EUR,SKK,43.876
1999-09-08,EUR,SKK,44.117
1999-09-09,EUR,SKK,43.971
1999-09-10,EUR,SKK,43.903
1999-09-11,EUR,SKK,43.903
1999-09-12,EUR,SKK,43.903
1999-09-13,EUR,SKK,43.911
1999-09-14,EUR,SKK,43.974
1999-09-15,EUR,SKK,43.952
1999-09-16,EUR,SKK,43.948
1999-09-17,EUR,SKK,43.789
1999-09-18,EUR,SKK,43.789
1999-09-19,EUR,SKK,43.789
1999-09-20,EUR,SKK,43.776
1999-09-21,EUR,SKK,43.649
1999-09-22,EUR,SKK,43.57
1999-09-23,EUR,SKK,43.503
1999-09-24,EUR,SKK,43.238
1999-09-25,EUR,SKK,43.238
1999-09-26,EUR,SKK,43.238
1999-09-27,EUR,SKK,43.188
1999-09-28,EUR,SKK,43.312
1999-09-29,EUR,SKK,43.304
1999-09-30,EUR,SKK,43.256
1999-10-01,EUR,SKK,43.362
1999-10-02,EUR,SKK,43.362
1999-10-03,EUR,SKK,43.362
1999-10-04,EUR,SKK,43.362
1999-10-05,EUR,SKK,43.422
1999-10-06,EUR,SKK,43.352
1999-10-07,EUR,SKK,43.371
1999-10-08,EUR,SKK,43.458
1999-10-09,EUR,SKK,43.458
1999-10-10,EUR,SKK,43.458
1999-10-11,EUR,SKK,43.462
1999-10-12,EUR,SKK,43.458
1999-10-13,EUR,SKK,44.05
1999-10-14,EUR,SKK,43.892
1999-10-15,EUR,SKK,43.906
1999-10-16,EUR,SKK,43.906
1999-10-17,EUR,SKK,43.906
1999-10-18,EUR,SKK,43.932
1999-10-19,EUR,SKK,43.782
1999-10-20,EUR,SKK,43.744
1999-10-21,EUR,SKK,43.761
1999-10-22,EUR,SKK,43.73
1999-10-23,EUR,SKK,43.73
1999-10-24,EUR,SKK,43.73
1999-10-25,EUR,SKK,43.682
1999-10-26,EUR,SKK,43.726
1999-10-27,EUR,SKK,43.699
1999-10-28,EUR,SKK,43.722
1999-10-29,EUR,SKK,43.793
1999-10-30,EUR,SKK,43.793
1999-10-31,EUR,SKK,43.793
1999-11-01,EUR,SKK,43.685
1999-11-02,EUR,SKK,43.666
1999-11-03,EUR,SKK,43.56
1999-11-04,EUR,SKK,43.584
1999-11-05,EUR,SKK,43.598
1999-11-06,EUR,SKK,43.598
1999-11-07,EUR,SKK,43.598
1999-11-08,EUR,SKK,43.596
1999-11-09,EUR,SKK,43.501
1999-11-10,EUR,SKK,43.435
1999-11-11,EUR,SKK,43.258
1999-11-12,EUR,SKK,43.246
1999-11-13,EUR,SKK,43.246
1999-11-14,EUR,SKK,43.246
1999-11-15,EUR,SKK,43.1
1999-11-16,EUR,SKK,42.852
1999-11-17,EUR,SKK,42.933
1999-11-18,EUR,SKK,42.899
1999-11-19,EUR,SKK,42.97
1999-11-20,EUR,SKK,42.97
1999-11-21,EUR,SKK,42.97
1999-11-22,EUR,SKK,43.098
1999-11-23,EUR,SKK,42.998
1999-11-24,EUR,SKK,43.08
1999-11-25,EUR,SKK,43.024
1999-11-26,EUR,SKK,43.11
1999-11-27,EUR,SKK,43.11
1999-11-28,EUR,SKK,43.11
1999-11-29,EUR,SKK,43.098
1999-11-30,EUR,SKK,43.005
1999-12-01,EUR,SKK,43.062
1999-12-02,EUR,SKK,43.042
1999-12-03,EUR,SKK,42.853
1999-12-04,EUR,SKK,42.853
1999-12-05,EUR,SKK,42.853
1999-12-06,EUR,SKK,42.792
1999-12-07,EUR,SKK,42.554
1999-12-08,EUR,SKK,42.444
1999-12-09,EUR,SKK,42.496
1999-12-10,EUR,SKK,42.407
1999-12-11,EUR,SKK,42.407
1999-12-12,EUR,SKK,42.407
1999-12-13,EUR,SKK,42.264
1999-12-14,EUR,SKK,42.228
1999-12-15,EUR,SKK,42.298
1999-12-16,EUR,SKK,42.381
1999-12-17,EUR,SKK,42.318
1999-12-18,EUR,SKK,42.318
1999-12-19,EUR,SKK,42.318
1999-12-20,EUR,SKK,42.403
1999-12-21,EUR,SKK,42.34
1999-12-22,EUR,SKK,42.374
1999-12-23,EUR,SKK,42.292
1999-12-24,EUR,SKK,42.535
1999-12-25,EUR,SKK,42.535
1999-12-26,EUR,SKK,42.535
1999-12-27,EUR,SKK,42.658
1999-12-28,EUR,SKK,42.756
1999-12-29,EUR,SKK,42.609
1999-12-30,EUR,SKK,42.402
1999-12-31,EUR,SKK,42.402
2000-01-01,EUR,SKK,42.402
2000-01-02,EUR,SKK,42.402
2000-01-03,EUR,SKK,42.317
2000-01-04,EUR,SKK,42.326
2000-01-05,EUR,SKK,42.459
2000-01-06,EUR,SKK,42.408
2000-01-07,EUR,SKK,42.404
2000-01-08,EUR,SKK,42.404
2000-01-09,EUR,SKK,42.404
2000-01-10,EUR,SKK,42.292
2000-01-11,EUR,SKK,42.284
2000-01-12,EUR,SKK,42.295
2000-01-13,EUR,SKK,42.273
2000-01-14,EUR,SKK,42.302
2000-01-15,EUR,SKK,42.302
2000-01-16,EUR,SKK,42.302
2000-01-17,EUR,SKK,42.331
2000-01-18,EUR,SKK,42.347
2000-01-19,EUR,SKK,42.334
2000-01-20,EUR,SKK,42.304
2000-01-21,EUR,SKK,42.324
2000-01-22,EUR,SKK,42.324
2000-01-23,EUR,SKK,42.324
2000-01-24,EUR,SKK,42.368
2000-01-25,EUR,SKK,42.372
2000-01-26,EUR,SKK,42.316
2000-01-27,EUR,SKK,42.35
2000-01-28,EUR,SKK,42.337
2000-01-29,EUR,SKK,42.337
2000-01-30,EUR,SKK,42.337
2000-01-31,EUR,SKK,42.273
2000-02-01,EUR,SKK,42.315
2000-02-02,EUR,SKK,42.305
2000-02-03,EUR,SKK,42.292
2000-02-04,EUR,SKK,42.328
2000-02-05,EUR,SKK,42.328
2000-02-06,EUR,SKK,42.328
2000-02-07,EUR,SKK,42.316
2000-02-08,EUR,SKK,42.266
2000-02-09,EUR,SKK,42.305
2000-02-10,EUR,SKK,42.298
2000-02-11,EUR,SKK,42.307
2000-02-12,EUR,SKK,42.307
2000-02-13,EUR,SKK,42.307
2000-02-14,EUR,SKK,42.314
2000-02-15,EUR,SKK,42.315
2000-02-16,EUR,SKK,42.31
2000-02-17,EUR,SKK,42.29
2000-02-18,EUR,SKK,42.284
2000-02-19,EUR,SKK,42.284
2000-02-20,EUR,SKK,42.284
2000-02-21,EUR,SKK,42.3
2000-02-22,EUR,SKK,42.209
2000-02-23,EUR,SKK,42.16
2000-02-24,EUR,SKK,42.159
2000-02-25,EUR,SKK,42.062
2000-02-26,EUR,SKK,42.062
2000-02-27,EUR,SKK,42.062
2000-02-28,EUR,SKK,41.934
2000-02-29,EUR,SKK,41.929
2000-03-01,EUR,SKK,41.879
2000-03-02,EUR,SKK,41.825
2000-03-03,EUR,SKK,41.793
2000-03-04,EUR,SKK,41.793
2000-03-05,EUR,SKK,41.793
2000-03-06,EUR,SKK,41.637
2000-03-07,EUR,SKK,41.581
2000-03-08,EUR,SKK,41.525
2000-03-09,EUR,SKK,41.569
2000-03-10,EUR,SKK,41.616
2000-03-11,EUR,SKK,41.616
2000-03-12,EUR,SKK,41.616
2000-03-13,EUR,SKK,41.603
2000-03-14,EUR,SKK,41.573
2000-03-15,EUR,SKK,41.537
2000-03-16,EUR,SKK,41.596
2000-03-17,EUR,SKK,41.681
2000-03-18,EUR,SKK,41.681
2000-03-19,EUR,SKK,41.681
2000-03-20,EUR,SKK,41.614
2000-03-21,EUR,SKK,41.67
2000-03-22,EUR,SKK,41.69
2000-03-23,EUR,SKK,41.605
2000-03-24,EUR,SKK,41.636
2000-03-25,EUR,SKK,41.636
2000-03-26,EUR,SKK,41.636
2000-03-27,EUR,SKK,41.625
2000-03-28,EUR,SKK,41.525
2000-03-29,EUR,SKK,41.515
2000-03-30,EUR,SKK,41.534
2000-03-31,EUR,SKK,41.688
2000-04-01,EUR,SKK,41.688
2000-04-02,EUR,SKK,41.688
2000-04-03,EUR,SKK,41.647
2000-04-04,EUR,SKK,41.693
2000-04-05,EUR,SKK,41.665
2000-04-06,EUR,SKK,41.644
2000-04-07,EUR,SKK,41.561
2000-04-08,EUR,SKK,41.561
2000-04-09,EUR,SKK,41.561
2000-04-10,EUR,SKK,41.539
2000-04-11,EUR,SKK,41.536
2000-04-12,EUR,SKK,41.521
2000-04-13,EUR,SKK,41.518
2000-04-14,EUR,SKK,41.54
2000-04-15,EUR,SKK,41.54
2000-04-16,EUR,SKK,41.54
2000-04-17,EUR,SKK,41.554
2000-04-18,EUR,SKK,41.554
2000-04-19,EUR,SKK,41.547
2000-04-20,EUR,SKK,41.523
2000-04-21,EUR,SKK,41.523
2000-04-22,EUR,SKK,41.523
2000-04-23,EUR,SKK,41.523
2000-04-24,EUR,SKK,41.523
2000-04-25,EUR,SKK,41.545
2000-04-26,EUR,SKK,41.534
2000-04-27,EUR,SKK,41.567
2000-04-28,EUR,SKK,41.574
2000-04-29,EUR,SKK,41.574
2000-04-30,EUR,SKK,41.574
2000-05-01,EUR,SKK,41.574
2000-05-02,EUR,SKK,41.589
2000-05-03,EUR,SKK,41.664
2000-05-04,EUR,SKK,42.064
2000-05-05,EUR,SKK,42.275
2000-05-06,EUR,SKK,42.275
2000-05-07,EUR,SKK,42.275
2000-05-08,EUR,SKK,42.426
2000-05-09,EUR,SKK,42.675
2000-05-10,EUR,SKK,43.061
2000-05-11,EUR,SKK,43.157
2000-05-12,EUR,SKK,42.989
2000-05-13,EUR,SKK,42.989
2000-05-14,EUR,SKK,42.989
2000-05-15,EUR,SKK,43.0
2000-05-16,EUR,SKK,42.955
2000-05-17,EUR,SKK,42.85
2000-05-18,EUR,SKK,43.056
2000-05-19,EUR,SKK,42.883
2000-05-20,EUR,SKK,42.883
2000-05-21,EUR,SKK,42.883
2000-05-22,EUR,SKK,42.893
2000-05-23,EUR,SKK,43.04
2000-05-24,EUR,SKK,43.024
2000-05-25,EUR,SKK,42.975
2000-05-26,EUR,SKK,42.95
2000-05-27,EUR,SKK,42.95
2000-05-28,EUR,SKK,42.95
2000-05-29,EUR,SKK,42.95
2000-05-30,EUR,SKK,42.944
2000-05-31,EUR,SKK,42.706
2000-06-01,EUR,SKK,42.838
2000-06-02,EUR,SKK,42.768
2000-06-03,EUR,SKK,42.768
2000-06-04,EUR,SKK,42.768
2000-06-05,EUR,SKK,42.754
2000-06-06,EUR,SKK,42.555
2000-06-07,EUR,SKK,42.354
2000-06-08,EUR,SKK,42.313
2000-06-09,EUR,SKK,42.264
2000-06-10,EUR,SKK,42.264
2000-06-11,EUR,SKK,42.264
2000-06-12,EUR,SKK,42.013
2000-06-13,EUR,SKK,41.853
2000-06-14,EUR,SKK,41.86
2000-06-15,EUR,SKK,42.111
2000-06-16,EUR,SKK,42.313
2000-06-17,EUR,SKK,42.313
2000-06-18,EUR,SKK,42.313
2000-06-19,EUR,SKK,42.444
2000-06-20,EUR,SKK,42.215
2000-06-21,EUR,SKK,42.116
2000-06-22,EUR,SKK,42.098
2000-06-23,EUR,SKK,42.125
2000-06-24,EUR,SKK,42.125
2000-06-25,EUR,SKK,42.125
2000-06-26,EUR,SKK,42.555
2000-06-27,EUR,SKK,42.991
2000-06-28,EUR,SKK,43.026
2000-06-29,EUR,SKK,42.96
2000-06-30,EUR,SKK,42.641
2000-07-01,EUR,SKK,42.641
2000-07-02,EUR,SKK,42.641
2000-07-03,EUR,SKK,42.505
2000-07-04,EUR,SKK,42.404
2000-07-05,EUR,SKK,42.418
2000-07-06,EUR,SKK,42.405
2000-07-07,EUR,SKK,42.434
2000-07-08,EUR,SKK,42.434
2000-07-09,EUR,SKK,42.434
2000-07-10,EUR,SKK,42.433
2000-07-11,EUR,SKK,42.464
2000-07-12,EUR,SKK,42.49
2000-07-13,EUR,SKK,42.825
2000-07-14,EUR,SKK,42.796
2000-07-15,EUR,SKK,42.796
2000-07-16,EUR,SKK,42.796
2000-07-17,EUR,SKK,42.411
2000-07-18,EUR,SKK,42.554
2000-07-19,EUR,SKK,42.51
2000-07-20,EUR,SKK,42.505
2000-07-21,EUR,SKK,42.533
2000-07-22,EUR,SKK,42.533
2000-07-23,EUR,SKK,42.533
2000-07-24,EUR,SKK,42.494
2000-07-25,EUR,SKK,42.472
2000-07-26,EUR,SKK,42.544
2000-07-27,EUR,SKK,42.538
2000-07-28,EUR,SKK,42.35
2000-07-29,EUR,SKK,42.35
2000-07-30,EUR,SKK,42.35
2000-07-31,EUR,SKK,42.434
2000-08-01,EUR,SKK,42.505
2000-08-02,EUR,SKK,42.425
2000-08-03,EUR,SKK,42.395
2000-08-04,EUR,SKK,42.396
2000-08-05,EUR,SKK,42.396
2000-08-06,EUR,SKK,42.396
2000-08-07,EUR,SKK,42.395
2000-08-08,EUR,SKK,42.412
2000-08-09,EUR,SKK,42.45
2000-08-10,EUR,SKK,43.0
2000-08-11,EUR,SKK,42.801
2000-08-12,EUR,SKK,42.801
2000-08-13,EUR,SKK,42.801
2000-08-14,EUR,SKK,42.54
2000-08-15,EUR,SKK,42.54
2000-08-16,EUR,SKK,42.402
2000-08-17,EUR,SKK,42.4
2000-08-18,EUR,SKK,42.378
2000-08-19,EUR,SKK,42.378
2000-08-20,EUR,SKK,42.378
2000-08-21,EUR,SKK,42.425
2000-08-22,EUR,SKK,42.537
2000-08-23,EUR,SKK,42.624
2000-08-24,EUR,SKK,42.518
2000-08-25,EUR,SKK,42.62
2000-08-26,EUR,SKK,42.62
2000-08-27,EUR,SKK,42.62
2000-08-28,EUR,SKK,42.604
2000-08-29,EUR,SKK,42.613
2000-08-30,EUR,SKK,42.71
2000-08-31,EUR,SKK,42.632
2000-09-01,EUR,SKK,42.618
2000-09-02,EUR,SKK,42.618
2000-09-03,EUR,SKK,42.618
2000-09-04,EUR,SKK,42.76
2000-09-05,EUR,SKK,42.798
2000-09-06,EUR,SKK,42.724
2000-09-07,EUR,SKK,42.603
2000-09-08,EUR,SKK,42.65
2000-09-09,EUR,SKK,42.65
2000-09-10,EUR,SKK,42.65
2000-09-11,EUR,SKK,42.647
2000-09-12,EUR,SKK,42.87
2000-09-13,EUR,SKK,42.877
2000-09-14,EUR,SKK,42.875
2000-09-15,EUR,SKK,42.84
2000-09-16,EUR,SKK,42.84
2000-09-17,EUR,SKK,42.84
2000-09-18,EUR,SKK,42.97
2000-09-19,EUR,SKK,43.058
2000-09-20,EUR,SKK,43.243
2000-09-21,EUR,SKK,43.41
2000-09-22,EUR,SKK,43.665
2000-09-23,EUR,SKK,43.665
2000-09-24,EUR,SKK,43.665
2000-09-25,EUR,SKK,43.64
2000-09-26,EUR,SKK,43.618
2000-09-27,EUR,SKK,43.678
2000-09-28,EUR,SKK,43.683
2000-09-29,EUR,SKK,43.743
2000-09-30,EUR,SKK,43.743
2000-10-01,EUR,SKK,43.743
2000-10-02,EUR,SKK,43.884
2000-10-03,EUR,SKK,43.892
2000-10-04,EUR,SKK,43.872
2000-10-05,EUR,SKK,43.863
2000-10-06,EUR,SKK,43.854
2000-10-07,EUR,SKK,43.854
2000-10-08,EUR,SKK,43.854
2000-10-09,EUR,SKK,43.889
2000-10-10,EUR,SKK,43.751
2000-10-11,EUR,SKK,43.811
2000-10-12,EUR,SKK,43.792
2000-10-13,EUR,SKK,43.782
2000-10-14,EUR,SKK,43.782
2000-10-15,EUR,SKK,43.782
2000-10-16,EUR,SKK,43.683
2000-10-17,EUR,SKK,43.59
2000-10-18,EUR,SKK,43.702
2000-10-19,EUR,SKK,43.66
2000-10-20,EUR,SKK,43.586
2000-10-21,EUR,SKK,43.586
2000-10-22,EUR,SKK,43.586
2000-10-23,EUR,SKK,43.385
2000-10-24,EUR,SKK,43.396
2000-10-25,EUR,SKK,43.494
2000-10-26,EUR,SKK,43.49
2000-10-27,EUR,SKK,43.339
2000-10-28,EUR,SKK,43.339
2000-10-29,EUR,SKK,43.339
2000-10-30,EUR,SKK,43.399
2000-10-31,EUR,SKK,43.472
2000-11-01,EUR,SKK,43.625
2000-11-02,EUR,SKK,43.543
2000-11-03,EUR,SKK,43.366
2000-11-04,EUR,SKK,43.366
2000-11-05,EUR,SKK,43.366
2000-11-06,EUR,SKK,43.366
2000-11-07,EUR,SKK,43.206
2000-11-08,EUR,SKK,42.988
2000-11-09,EUR,SKK,42.694
2000-11-10,EUR,SKK,42.764
2000-11-11,EUR,SKK,42.764
2000-11-12,EUR,SKK,42.764
2000-11-13,EUR,SKK,42.622
2000-11-14,EUR,SKK,42.631
2000-11-15,EUR,SKK,42.911
2000-11-16,EUR,SKK,42.721
2000-11-17,EUR,SKK,42.848
2000-11-18,EUR,SKK,42.848
2000-11-19,EUR,SKK,42.848
2000-11-20,EUR,SKK,42.936
2000-11-21,EUR,SKK,42.692
2000-11-22,EUR,SKK,42.534
2000-11-23,EUR,SKK,42.593
2000-11-24,EUR,SKK,42.641
2000-11-25,EUR,SKK,42.641
2000-11-26,EUR,SKK,42.641
2000-11-27,EUR,SKK,42.685
2000-11-28,EUR,SKK,42.944
2000-11-29,EUR,SKK,42.942
2000-11-30,EUR,SKK,43.212
2000-12-01,EUR,SKK,43.233
2000-12-02,EUR,SKK,43.233
2000-12-03,EUR,SKK,43.233
2000-12-04,EUR,SKK,43.431
2000-12-05,EUR,SKK,43.543
2000-12-06,EUR,SKK,43.466
2000-12-07,EUR,SKK,43.598
2000-12-08,EUR,SKK,43.352
2000-12-09,EUR,SKK,43.352
2000-12-10,EUR,SKK,43.352
2000-12-11,EUR,SKK,43.294
2000-12-12,EUR,SKK,43.157
2000-12-13,EUR,SKK,43.362
2000-12-14,EUR,SKK,43.223
2000-12-15,EUR,SKK,43.326
2000-12-16,EUR,SKK,43.326
2000-12-17,EUR,SKK,43.326
2000-12-18,EUR,SKK,43.48
2000-12-19,EUR,SKK,43.719
2000-12-20,EUR,SKK,43.883
2000-12-21,EUR,SKK,43.855
2000-12-22,EUR,SKK,43.683
2000-12-23,EUR,SKK,43.683
2000-12-24,EUR,SKK,43.683
2000-12-25,EUR,SKK,43.683
2000-12-26,EUR,SKK,43.683
2000-12-27,EUR,SKK,43.949
2000-12-28,EUR,SKK,43.99
2000-12-29,EUR,SKK,43.933
2000-12-30,EUR,SKK,43.933
2000-12-31,EUR,SKK,43.933
2001-01-01,EUR,SKK,43.933
2001-01-02,EUR,SKK,43.859
2001-01-03,EUR,SKK,43.988
2001-01-04,EUR,SKK,43.798
2001-01-05,EUR,SKK,43.861
2001-01-06,EUR,SKK,43.861
2001-01-07,EUR,SKK,43.861
2001-01-08,EUR,SKK,43.855
2001-01-09,EUR,SKK,43.605
2001-01-10,EUR,SKK,43.57
2001-01-11,EUR,SKK,43.57
2001-01-12,EUR,SKK,43.621
2001-01-13,EUR,SKK,43.621
2001-01-14,EUR,SKK,43.621
2001-01-15,EUR,SKK,43.609
2001-01-16,EUR,SKK,43.581
2001-01-17,EUR,SKK,43.901
2001-01-18,EUR,SKK,43.721
2001-01-19,EUR,SKK,43.653
2001-01-20,EUR,SKK,43.653
2001-01-21,EUR,SKK,43.653
2001-01-22,EUR,SKK,43.67
2001-01-23,EUR,SKK,43.723
2001-01-24,EUR,SKK,43.617
2001-01-25,EUR,SKK,43.602
2001-01-26,EUR,SKK,43.633
2001-01-27,EUR,SKK,43.633
2001-01-28,EUR,SKK,43.633
2001-01-29,EUR,SKK,43.666
2001-01-30,EUR,SKK,43.688
2001-01-31,EUR,SKK,43.633
2001-02-01,EUR,SKK,43.71
2001-02-02,EUR,SKK,43.753
2001-02-03,EUR,SKK,43.753
2001-02-04,EUR,SKK,43.753
2001-02-05,EUR,SKK,43.71
2001-02-06,EUR,SKK,43.673
2001-02-07,EUR,SKK,43.732
2001-02-08,EUR,SKK,43.688
2001-02-09,EUR,SKK,43.663
2001-02-10,EUR,SKK,43.663
2001-02-11,EUR,SKK,43.663
2001-02-12,EUR,SKK,43.591
2001-02-13,EUR,SKK,43.612
2001-02-14,EUR,SKK,43.665
2001-02-15,EUR,SKK,43.69
2001-02-16,EUR,SKK,43.752
2001-02-17,EUR,SKK,43.752
2001-02-18,EUR,SKK,43.752
2001-02-19,EUR,SKK,43.75
2001-02-20,EUR,SKK,43.68
2001-02-21,EUR,SKK,43.671
2001-02-22,EUR,SKK,43.805
2001-02-23,EUR,SKK,43.765
2001-02-24,EUR,SKK,43.765
2001-02-25,EUR,SKK,43.765
2001-02-26,EUR,SKK,43.77
2001-02-27,EUR,SKK,43.723
2001-02-28,EUR,SKK,43.793
2001-03-01,EUR,SKK,43.785
2001-03-02,EUR,SKK,43.845
2001-03-03,EUR,SKK,43.845
2001-03-04,EUR,SKK,43.845
2001-03-05,EUR,SKK,43.9
2001-03-06,EUR,SKK,43.834
2001-03-07,EUR,SKK,43.843
2001-03-08,EUR,SKK,43.77
2001-03-09,EUR,SKK,43.708
2001-03-10,EUR,SKK,43.708
2001-03-11,EUR,SKK,43.708
2001-03-12,EUR,SKK,43.679
2001-03-13,EUR,SKK,43.75
2001-03-14,EUR,SKK,43.733
2001-03-15,EUR,SKK,43.705
2001-03-16,EUR,SKK,43.713
2001-03-17,EUR,SKK,43.713
2001-03-18,EUR,SKK,43.713
2001-03-19,EUR,SKK,43.738
2001-03-20,EUR,SKK,43.683
2001-03-21,EUR,SKK,43.643
2001-03-22,EUR,SKK,43.598
2001-03-23,EUR,SKK,43.613
2001-03-24,EUR,SKK,43.613
2001-03-25,EUR,SKK,43.613
2001-03-26,EUR,SKK,43.583
2001-03-27,EUR,SKK,43.515
2001-03-28,EUR,SKK,43.614
2001-03-29,EUR,SKK,43.63
2001-03-30,EUR,SKK,43.663
2001-03-31,EUR,SKK,43.663
2001-04-01,EUR,SKK,43.663
2001-04-02,EUR,SKK,43.668
2001-04-03,EUR,SKK,43.56
2001-04-04,EUR,SKK,43.569
2001-04-05,EUR,SKK,43.57
2001-04-06,EUR,SKK,43.54
2001-04-07,EUR,SKK,43.54
2001-04-08,EUR,SKK,43.54
2001-04-09,EUR,SKK,43.475
2001-04-10,EUR,SKK,43.398
2001-04-11,EUR,SKK,43.409
2001-04-12,EUR,SKK,43.341
2001-04-13,EUR,SKK,43.341
2001-04-14,EUR,SKK,43.341
2001-04-15,EUR,SKK,43.341
2001-04-16,EUR,SKK,43.341
2001-04-17,EUR,SKK,43.37
2001-04-18,EUR,SKK,43.323
2001-04-19,EUR,SKK,43.28
2001-04-20,EUR,SKK,43.405
2001-04-21,EUR,SKK,43.405
2001-04-22,EUR,SKK,43.405
2001-04-23,EUR,SKK,43.421
2001-04-24,EUR,SKK,43.428
2001-04-25,EUR,SKK,43.45
2001-04-26,EUR,SKK,43.449
2001-04-27,EUR,SKK,43.575
2001-04-28,EUR,SKK,43.575
2001-04-29,EUR,SKK,43.575
2001-04-30,EUR,SKK,43.45
2001-05-01,EUR,SKK,43.45
2001-05-02,EUR,SKK,43.448
2001-05-03,EUR,SKK,43.357
2001-05-04,EUR,SKK,43.252
2001-05-05,EUR,SKK,43.252
2001-05-06,EUR,SKK,43.252
2001-05-07,EUR,SKK,43.243
2001-05-08,EUR,SKK,43.259
2001-05-09,EUR,SKK,43.253
2001-05-10,EUR,SKK,43.258
2001-05-11,EUR,SKK,43.243
2001-05-12,EUR,SKK,43.243
2001-05-13,EUR,SKK,43.243
2001-05-14,EUR,SKK,43.228
2001-05-15,EUR,SKK,43.188
2001-05-16,EUR,SKK,43.24
2001-05-17,EUR,SKK,43.213
2001-05-18,EUR,SKK,43.278
2001-05-19,EUR,SKK,43.278
2001-05-20,EUR,SKK,43.278
2001-05-21,EUR,SKK,43.229
2001-05-22,EUR,SKK,43.265
2001-05-23,EUR,SKK,43.11
2001-05-24,EUR,SKK,42.94
2001-05-25,EUR,SKK,42.815
2001-05-26,EUR,SKK,42.815
2001-05-27,EUR,SKK,42.815
2001-05-28,EUR,SKK,42.863
2001-05-29,EUR,SKK,42.938
2001-05-30,EUR,SKK,42.881
2001-05-31,EUR,SKK,42.939
2001-06-01,EUR,SKK,42.898
2001-06-02,EUR,SKK,42.898
2001-06-03,EUR,SKK,42.898
2001-06-04,EUR,SKK,42.895
2001-06-05,EUR,SKK,42.889
2001-06-06,EUR,SKK,42.92
2001-06-07,EUR,SKK,42.98
2001-06-08,EUR,SKK,43.012
2001-06-09,EUR,SKK,43.012
2001-06-10,EUR,SKK,43.012
2001-06-11,EUR,SKK,43.027
2001-06-12,EUR,SKK,42.945
2001-06-13,EUR,SKK,43.031
2001-06-14,EUR,SKK,42.852
2001-06-15,EUR,SKK,42.892
2001-06-16,EUR,SKK,42.892
2001-06-17,EUR,SKK,42.892
2001-06-18,EUR,SKK,42.93
2001-06-19,EUR,SKK,42.93
2001-06-20,EUR,SKK,42.89
2001-06-21,EUR,SKK,42.805
2001-06-22,EUR,SKK,42.612
2001-06-23,EUR,SKK,42.612
2001-06-24,EUR,SKK,42.612
2001-06-25,EUR,SKK,42.681
2001-06-26,EUR,SKK,42.381
2001-06-27,EUR,SKK,42.33
2001-06-28,EUR,SKK,42.18
2001-06-29,EUR,SKK,42.265
2001-06-30,EUR,SKK,42.265
2001-07-01,EUR,SKK,42.265
2001-07-02,EUR,SKK,42.16
2001-07-03,EUR,SKK,42.133
2001-07-04,EUR,SKK,41.95
2001-07-05,EUR,SKK,41.951
2001-07-06,EUR,SKK,42.402
2001-07-07,EUR,SKK,42.402
2001-07-08,EUR,SKK,42.402
2001-07-09,EUR,SKK,42.571
2001-07-10,EUR,SKK,42.561
2001-07-11,EUR,SKK,42.691
2001-07-12,EUR,SKK,42.68
2001-07-13,EUR,SKK,42.571
2001-07-14,EUR,SKK,42.571
2001-07-15,EUR,SKK,42.571
2001-07-16,EUR,SKK,42.615
2001-07-17,EUR,SKK,42.599
2001-07-18,EUR,SKK,42.601
2001-07-19,EUR,SKK,42.718
2001-07-20,EUR,SKK,42.739
2001-07-21,EUR,SKK,42.739
2001-07-22,EUR,SKK,42.739
2001-07-23,EUR,SKK,42.68
2001-07-24,EUR,SKK,42.711
2001-07-25,EUR,SKK,42.811
2001-07-26,EUR,SKK,43.041
2001-07-27,EUR,SKK,43.067
2001-07-28,EUR,SKK,43.067
2001-07-29,EUR,SKK,43.067
2001-07-30,EUR,SKK,43.193
2001-07-31,EUR,SKK,43.302
2001-08-01,EUR,SKK,43.261
2001-08-02,EUR,SKK,43.041
2001-08-03,EUR,SKK,42.95
2001-08-04,EUR,SKK,42.95
2001-08-05,EUR,SKK,42.95
2001-08-06,EUR,SKK,42.911
2001-08-07,EUR,SKK,42.909
2001-08-08,EUR,SKK,42.827
2001-08-09,EUR,SKK,42.815
2001-08-10,EUR,SKK,43.005
2001-08-11,EUR,SKK,43.005
2001-08-12,EUR,SKK,43.005
2001-08-13,EUR,SKK,42.871
2001-08-14,EUR,SKK,42.96
2001-08-15,EUR,SKK,42.95
2001-08-16,EUR,SKK,43.13
2001-08-17,EUR,SKK,43.17
2001-08-18,EUR,SKK,43.17
2001-08-19,EUR,SKK,43.17
2001-08-20,EUR,SKK,43.168
2001-08-21,EUR,SKK,43.173
2001-08-22,EUR,SKK,43.265
2001-08-23,EUR,SKK,43.255
2001-08-24,EUR,SKK,43.251
2001-08-25,EUR,SKK,43.251
2001-08-26,EUR,SKK,43.251
2001-08-27,EUR,SKK,43.29
2001-08-28,EUR,SKK,43.358
2001-08-29,EUR,SKK,43.384
2001-08-30,EUR,SKK,43.375
2001-08-31,EUR,SKK,43.409
2001-09-01,EUR,SKK,43.409
2001-09-02,EUR,SKK,43.409
2001-09-03,EUR,SKK,43.375
2001-09-04,EUR,SKK,43.341
2001-09-05,EUR,SKK,43.267
2001-09-06,EUR,SKK,43.233
2001-09-07,EUR,SKK,43.22
2001-09-08,EUR,SKK,43.22
2001-09-09,EUR,SKK,43.22
2001-09-10,EUR,SKK,43.228
2001-09-11,EUR,SKK,43.29
2001-09-12,EUR,SKK,43.353
2001-09-13,EUR,SKK,43.377
2001-09-14,EUR,SKK,43.505
2001-09-15,EUR,SKK,43.505
2001-09-16,EUR,SKK,43.505
2001-09-17,EUR,SKK,43.795
2001-09-18,EUR,SKK,43.855
2001-09-19,EUR,SKK,43.76
2001-09-20,EUR,SKK,43.768
2001-09-21,EUR,SKK,43.738
2001-09-22,EUR,SKK,43.738
2001-09-23,EUR,SKK,43.738
2001-09-24,EUR,SKK,43.845
2001-09-25,EUR,SKK,43.865
2001-09-26,EUR,SKK,43.812
2001-09-27,EUR,SKK,43.647
2001-09-28,EUR,SKK,43.622
2001-09-29,EUR,SKK,43.622
2001-09-30,EUR,SKK,43.622
2001-10-01,EUR,SKK,43.598
2001-10-02,EUR,SKK,43.47
2001-10-03,EUR,SKK,43.495
2001-10-04,EUR,SKK,43.52
2001-10-05,EUR,SKK,43.552
2001-10-06,EUR,SKK,43.552
2001-10-07,EUR,SKK,43.552
2001-10-08,EUR,SKK,43.718
2001-10-09,EUR,SKK,43.699
2001-10-10,EUR,SKK,43.608
2001-10-11,EUR,SKK,43.563
2001-10-12,EUR,SKK,43.428
2001-10-13,EUR,SKK,43.428
2001-10-14,EUR,SKK,43.428
2001-10-15,EUR,SKK,43.479
2001-10-16,EUR,SKK,43.528
2001-10-17,EUR,SKK,43.52
2001-10-18,EUR,SKK,43.56
2001-10-19,EUR,SKK,43.693
2001-10-20,EUR,SKK,43.693
2001-10-21,EUR,SKK,43.693
2001-10-22,EUR,SKK,43.745
2001-10-23,EUR,SKK,43.645
2001-10-24,EUR,SKK,43.628
2001-10-25,EUR,SKK,43.561
2001-10-26,EUR,SKK,43.665
2001-10-27,EUR,SKK,43.665
2001-10-28,EUR,SKK,43.665
2001-10-29,EUR,SKK,43.628
2001-10-30,EUR,SKK,43.74
2001-10-31,EUR,SKK,43.615
2001-11-01,EUR,SKK,43.535
2001-11-02,EUR,SKK,43.525
2001-11-03,EUR,SKK,43.525
2001-11-04,EUR,SKK,43.525
2001-11-05,EUR,SKK,43.37
2001-11-06,EUR,SKK,43.37
2001-11-07,EUR,SKK,43.286
2001-11-08,EUR,SKK,43.089
2001-11-09,EUR,SKK,43.039
2001-11-10,EUR,SKK,43.039
2001-11-11,EUR,SKK,43.039
2001-11-12,EUR,SKK,42.881
2001-11-13,EUR,SKK,42.775
2001-11-14,EUR,SKK,42.751
2001-11-15,EUR,SKK,42.76
2001-11-16,EUR,SKK,42.809
2001-11-17,EUR,SKK,42.809
2001-11-18,EUR,SKK,42.809
2001-11-19,EUR,SKK,42.834
2001-11-20,EUR,SKK,42.869
2001-11-21,EUR,SKK,43.16
2001-11-22,EUR,SKK,43.261
2001-11-23,EUR,SKK,43.121
2001-11-24,EUR,SKK,43.121
2001-11-25,EUR,SKK,43.121
2001-11-26,EUR,SKK,43.151
2001-11-27,EUR,SKK,43.291
2001-11-28,EUR,SKK,43.33
2001-11-29,EUR,SKK,43.35
2001-11-30,EUR,SKK,43.401
2001-12-01,EUR,SKK,43.401
2001-12-02,EUR,SKK,43.401
2001-12-03,EUR,SKK,43.229
2001-12-04,EUR,SKK,43.15
2001-12-05,EUR,SKK,43.17
2001-12-06,EUR,SKK,43.15
2001-12-07,EUR,SKK,43.155
2001-12-08,EUR,SKK,43.155
2001-12-09,EUR,SKK,43.155
2001-12-10,EUR,SKK,43.23
2001-12-11,EUR,SKK,43.305
2001-12-12,EUR,SKK,43.271
2001-12-13,EUR,SKK,43.22
2001-12-14,EUR,SKK,43.119
2001-12-15,EUR,SKK,43.119
2001-12-16,EUR,SKK,43.119
2001-12-17,EUR,SKK,42.89
2001-12-18,EUR,SKK,42.839
2001-12-19,EUR,SKK,43.01
2001-12-20,EUR,SKK,43.199
2001-12-21,EUR,SKK,43.081
2001-12-22,EUR,SKK,43.081
2001-12-23,EUR,SKK,43.081
2001-12-24,EUR,SKK,42.961
2001-12-25,EUR,SKK,42.961
2001-12-26,EUR,SKK,42.961
2001-12-27,EUR,SKK,42.855
2001-12-28,EUR,SKK,42.78
2001-12-29,EUR,SKK,42.78
2001-12-30,EUR,SKK,42.78
2001-12-31,EUR,SKK,42.78
2002-01-01,EUR,SKK,42.78
2002-01-02,EUR,SKK,42.728
2002-01-03,EUR,SKK,42.829
2002-01-04,EUR,SKK,42.829
2002-01-05,EUR,SKK,42.829
2002-01-06,EUR,SKK,42.829
2002-01-07,EUR,SKK,42.869
2002-01-08,EUR,SKK,42.845
2002-01-09,EUR,SKK,42.829
2002-01-10,EUR,SKK,42.59
2002-01-11,EUR,SKK,42.554
2002-01-12,EUR,SKK,42.554
2002-01-13,EUR,SKK,42.554
2002-01-14,EUR,SKK,42.521
2002-01-15,EUR,SKK,42.579
2002-01-16,EUR,SKK,42.4
2002-01-17,EUR,SKK,42.365
2002-01-18,EUR,SKK,42.279
2002-01-19,EUR,SKK,42.279
2002-01-20,EUR,SKK,42.279
2002-01-21,EUR,SKK,42.34
2002-01-22,EUR,SKK,42.298
2002-01-23,EUR,SKK,42.34
2002-01-24,EUR,SKK,42.225
2002-01-25,EUR,SKK,42.268
2002-01-26,EUR,SKK,42.268
2002-01-27,EUR,SKK,42.268
2002-01-28,EUR,SKK,42.332
2002-01-29,EUR,SKK,42.252
2002-01-30,EUR,SKK,42.35
2002-01-31,EUR,SKK,42.451
2002-02-01,EUR,SKK,42.47
2002-02-02,EUR,SKK,42.47
2002-02-03,EUR,SKK,42.47
2002-02-04,EUR,SKK,42.458
2002-02-05,EUR,SKK,42.505
2002-02-06,EUR,SKK,42.478
2002-02-07,EUR,SKK,42.453
2002-02-08,EUR,SKK,42.356
2002-02-09,EUR,SKK,42.356
2002-02-10,EUR,SKK,42.356
2002-02-11,EUR,SKK,42.528
2002-02-12,EUR,SKK,42.54
2002-02-13,EUR,SKK,42.482
2002-02-14,EUR,SKK,42.183
2002-02-15,EUR,SKK,42.228
2002-02-16,EUR,SKK,42.228
2002-02-17,EUR,SKK,42.228
2002-02-18,EUR,SKK,42.25
2002-02-19,EUR,SKK,42.171
2002-02-20,EUR,SKK,42.068
2002-02-21,EUR,SKK,42.099
2002-02-22,EUR,SKK,41.93
2002-02-23,EUR,SKK,41.93
2002-02-24,EUR,SKK,41.93
2002-02-25,EUR,SKK,41.922
2002-02-26,EUR,SKK,41.882
2002-02-27,EUR,SKK,41.73
2002-02-28,EUR,SKK,41.67
2002-03-01,EUR,SKK,41.713
2002-03-02,EUR,SKK,41.713
2002-03-03,EUR,SKK,41.713
2002-03-04,EUR,SKK,41.68
2002-03-05,EUR,SKK,41.978
2002-03-06,EUR,SKK,42.053
2002-03-07,EUR,SKK,42.108
2002-03-08,EUR,SKK,42.132
2002-03-09,EUR,SKK,42.132
2002-03-10,EUR,SKK,42.132
2002-03-11,EUR,SKK,42.131
2002-03-12,EUR,SKK,42.071
2002-03-13,EUR,SKK,42.02
2002-03-14,EUR,SKK,41.973
2002-03-15,EUR,SKK,42.119
2002-03-16,EUR,SKK,42.119
2002-03-17,EUR,SKK,42.119
2002-03-18,EUR,SKK,42.071
2002-03-19,EUR,SKK,42.04
2002-03-20,EUR,SKK,42.025
2002-03-21,EUR,SKK,41.889
2002-03-22,EUR,SKK,41.819
2002-03-23,EUR,SKK,41.819
2002-03-24,EUR,SKK,41.819
2002-03-25,EUR,SKK,41.758
2002-03-26,EUR,SKK,41.8
2002-03-27,EUR,SKK,41.778
2002-03-28,EUR,SKK,41.852
2002-03-29,EUR,SKK,41.852
2002-03-30,EUR,SKK,41.852
2002-03-31,EUR,SKK,41.852
2002-04-01,EUR,SKK,41.852
2002-04-02,EUR,SKK,41.749
2002-04-03,EUR,SKK,41.659
2002-04-04,EUR,SKK,41.775
2002-04-05,EUR,SKK,41.709
2002-04-06,EUR,SKK,41.709
2002-04-07,EUR,SKK,41.709
2002-04-08,EUR,SKK,41.699
2002-04-09,EUR,SKK,41.578
2002-04-10,EUR,SKK,41.558
2002-04-11,EUR,SKK,41.46
2002-04-12,EUR,SKK,41.465
2002-04-13,EUR,SKK,41.465
2002-04-14,EUR,SKK,41.465
2002-04-15,EUR,SKK,41.468
2002-04-16,EUR,SKK,41.505
2002-04-17,EUR,SKK,41.595
2002-04-18,EUR,SKK,41.673
2002-04-19,EUR,SKK,41.63
2002-04-20,EUR,SKK,41.63
2002-04-21,EUR,SKK,41.63
2002-04-22,EUR,SKK,41.633
2002-04-23,EUR,SKK,41.725
2002-04-24,EUR,SKK,41.912
2002-04-25,EUR,SKK,41.91
2002-04-26,EUR,SKK,41.935
2002-04-27,EUR,SKK,41.935
2002-04-28,EUR,SKK,41.935
2002-04-29,EUR,SKK,42.175
2002-04-30,EUR,SKK,42.161
2002-05-01,EUR,SKK,42.161
2002-05-02,EUR,SKK,42.15
2002-05-03,EUR,SKK,42.234
2002-05-04,EUR,SKK,42.234
2002-05-05,EUR,SKK,42.234
2002-05-06,EUR,SKK,42.12
2002-05-07,EUR,SKK,42.125
2002-05-08,EUR,SKK,42.205
2002-05-09,EUR,SKK,42.428
2002-05-10,EUR,SKK,42.568
2002-05-11,EUR,SKK,42.568
2002-05-12,EUR,SKK,42.568
2002-05-13,EUR,SKK,42.52
2002-05-14,EUR,SKK,42.518
2002-05-15,EUR,SKK,42.615
2002-05-16,EUR,SKK,42.875
2002-05-17,EUR,SKK,43.085
2002-05-18,EUR,SKK,43.085
2002-05-19,EUR,SKK,43.085
2002-05-20,EUR,SKK,43.27
2002-05-21,EUR,SKK,43.7
2002-05-22,EUR,SKK,43.877
2002-05-23,EUR,SKK,43.795
2002-05-24,EUR,SKK,43.616
2002-05-25,EUR,SKK,43.616
2002-05-26,EUR,SKK,43.616
2002-05-27,EUR,SKK,43.543
2002-05-28,EUR,SKK,43.734
2002-05-29,EUR,SKK,43.714
2002-05-30,EUR,SKK,43.688
2002-05-31,EUR,SKK,43.67
2002-06-01,EUR,SKK,43.67
2002-06-02,EUR,SKK,43.67
2002-06-03,EUR,SKK,43.615
2002-06-04,EUR,SKK,43.795
2002-06-05,EUR,SKK,44.276
2002-06-06,EUR,SKK,44.434
2002-06-07,EUR,SKK,44.601
2002-06-08,EUR,SKK,44.601
2002-06-09,EUR,SKK,44.601
2002-06-10,EUR,SKK,44.641
2002-06-11,EUR,SKK,44.46
2002-06-12,EUR,SKK,44.505
2002-06-13,EUR,SKK,44.454
2002-06-14,EUR,SKK,44.61
2002-06-15,EUR,SKK,44.61
2002-06-16,EUR,SKK,44.61
2002-06-17,EUR,SKK,44.67
2002-06-18,EUR,SKK,44.429
2002-06-19,EUR,SKK,44.334
2002-06-20,EUR,SKK,44.336
2002-06-21,EUR,SKK,44.369
2002-06-22,EUR,SKK,44.369
2002-06-23,EUR,SKK,44.369
2002-06-24,EUR,SKK,44.416
2002-06-25,EUR,SKK,44.271
2002-06-26,EUR,SKK,44.38
2002-06-27,EUR,SKK,43.985
2002-06-28,EUR,SKK,43.92
2002-06-29,EUR,SKK,43.92
2002-06-30,EUR,SKK,43.92
2002-07-01,EUR,SKK,43.909
2002-07-02,EUR,SKK,44.023
2002-07-03,EUR,SKK,44.201
2002-07-04,EUR,SKK,44.414
2002-07-05,EUR,SKK,44.426
2002-07-06,EUR,SKK,44.426
2002-07-07,EUR,SKK,44.426
2002-07-08,EUR,SKK,44.424
2002-07-09,EUR,SKK,44.341
2002-07-10,EUR,SKK,44.476
2002-07-11,EUR,SKK,44.651
2002-07-12,EUR,SKK,44.599
2002-07-13,EUR,SKK,44.599
2002-07-14,EUR,SKK,44.599
2002-07-15,EUR,SKK,44.563
2002-07-16,EUR,SKK,44.715
2002-07-17,EUR,SKK,44.775
2002-07-18,EUR,SKK,44.694
2002-07-19,EUR,SKK,44.754
2002-07-20,EUR,SKK,44.754
2002-07-21,EUR,SKK,44.754
2002-07-22,EUR,SKK,44.86
2002-07-23,EUR,SKK,44.565
2002-07-24,EUR,SKK,44.634
2002-07-25,EUR,SKK,44.724
2002-07-26,EUR,SKK,44.501
2002-07-27,EUR,SKK,44.501
2002-07-28,EUR,SKK,44.501
2002-07-29,EUR,SKK,44.42
2002-07-30,EUR,SKK,44.39
2002-07-31,EUR,SKK,44.3
2002-08-01,EUR,SKK,44.23
2002-08-02,EUR,SKK,44.465
2002-08-03,EUR,SKK,44.465
2002-08-04,EUR,SKK,44.465
2002-08-05,EUR,SKK,44.424
2002-08-06,EUR,SKK,44.244
2002-08-07,EUR,SKK,44.214
2002-08-08,EUR,SKK,43.926
2002-08-09,EUR,SKK,44.122
2002-08-10,EUR,SKK,44.122
2002-08-11,EUR,SKK,44.122
2002-08-12,EUR,SKK,44.115
2002-08-13,EUR,SKK,44.193
2002-08-14,EUR,SKK,44.356
2002-08-15,EUR,SKK,44.3
2002-08-16,EUR,SKK,43.695
2002-08-17,EUR,SKK,43.695
2002-08-18,EUR,SKK,43.695
2002-08-19,EUR,SKK,43.57
2002-08-20,EUR,SKK,43.63
2002-08-21,EUR,SKK,43.65
2002-08-22,EUR,SKK,43.756
2002-08-23,EUR,SKK,43.714
2002-08-24,EUR,SKK,43.714
2002-08-25,EUR,SKK,43.714
2002-08-26,EUR,SKK,43.61
2002-08-27,EUR,SKK,43.694
2002-08-28,EUR,SKK,43.566
2002-08-29,EUR,SKK,43.524
2002-08-30,EUR,SKK,43.41
2002-08-31,EUR,SKK,43.41
2002-09-01,EUR,SKK,43.41
2002-09-02,EUR,SKK,43.34
2002-09-03,EUR,SKK,43.235
2002-09-04,EUR,SKK,43.32
2002-09-05,EUR,SKK,43.364
2002-09-06,EUR,SKK,43.266
2002-09-07,EUR,SKK,43.266
2002-09-08,EUR,SKK,43.266
2002-09-09,EUR,SKK,43.22
2002-09-10,EUR,SKK,43.16
2002-09-11,EUR,SKK,43.151
2002-09-12,EUR,SKK,43.063
2002-09-13,EUR,SKK,43.231
2002-09-14,EUR,SKK,43.231
2002-09-15,EUR,SKK,43.231
2002-09-16,EUR,SKK,43.219
2002-09-17,EUR,SKK,43.386
2002-09-18,EUR,SKK,43.384
2002-09-19,EUR,SKK,43.212
2002-09-20,EUR,SKK,43.131
2002-09-21,EUR,SKK,43.131
2002-09-22,EUR,SKK,43.131
2002-09-23,EUR,SKK,42.653
2002-09-24,EUR,SKK,42.416
2002-09-25,EUR,SKK,41.929
2002-09-26,EUR,SKK,42.056
2002-09-27,EUR,SKK,41.964
2002-09-28,EUR,SKK,41.964
2002-09-29,EUR,SKK,41.964
2002-09-30,EUR,SKK,41.805
2002-10-01,EUR,SKK,41.69
2002-10-02,EUR,SKK,42.065
2002-10-03,EUR,SKK,42.063
2002-10-04,EUR,SKK,41.996
2002-10-05,EUR,SKK,41.996
2002-10-06,EUR,SKK,41.996
2002-10-07,EUR,SKK,41.926
2002-10-08,EUR,SKK,41.945
2002-10-09,EUR,SKK,42.14
2002-10-10,EUR,SKK,42.055
2002-10-11,EUR,SKK,41.94
2002-10-12,EUR,SKK,41.94
2002-10-13,EUR,SKK,41.94
2002-10-14,EUR,SKK,41.995
2002-10-15,EUR,SKK,41.993
2002-10-16,EUR,SKK,42.045
2002-10-17,EUR,SKK,41.974
2002-10-18,EUR,SKK,41.79
2002-10-19,EUR,SKK,41.79
2002-10-20,EUR,SKK,41.79
2002-10-21,EUR,SKK,41.525
2002-10-22,EUR,SKK,41.438
2002-10-23,EUR,SKK,41.531
2002-10-24,EUR,SKK,41.551
2002-10-25,EUR,SKK,41.484
2002-10-26,EUR,SKK,41.484
2002-10-27,EUR,SKK,41.484
2002-10-28,EUR,SKK,41.534
2002-10-29,EUR,SKK,41.605
2002-10-30,EUR,SKK,41.569
2002-10-31,EUR,SKK,41.474
2002-11-01,EUR,SKK,41.464
2002-11-02,EUR,SKK,41.464
2002-11-03,EUR,SKK,41.464
2002-11-04,EUR,SKK,41.26
2002-11-05,EUR,SKK,41.304
2002-11-06,EUR,SKK,41.276
2002-11-07,EUR,SKK,41.288
2002-11-08,EUR,SKK,41.266
2002-11-09,EUR,SKK,41.266
2002-11-10,EUR,SKK,41.266
2002-11-11,EUR,SKK,41.12
2002-11-12,EUR,SKK,41.53
2002-11-13,EUR,SKK,41.745
2002-11-14,EUR,SKK,41.664
2002-11-15,EUR,SKK,41.684
2002-11-16,EUR,SKK,41.684
2002-11-17,EUR,SKK,41.684
2002-11-18,EUR,SKK,41.619
2002-11-19,EUR,SKK,41.466
2002-11-20,EUR,SKK,41.414
2002-11-21,EUR,SKK,41.419
2002-11-22,EUR,SKK,41.575
2002-11-23,EUR,SKK,41.575
2002-11-24,EUR,SKK,41.575
2002-11-25,EUR,SKK,41.626
2002-11-26,EUR,SKK,41.676
2002-11-27,EUR,SKK,41.824
2002-11-28,EUR,SKK,42.139
2002-11-29,EUR,SKK,41.974
2002-11-30,EUR,SKK,41.974
2002-12-01,EUR,SKK,41.974
2002-12-02,EUR,SKK,41.882
2002-12-03,EUR,SKK,41.8
2002-12-04,EUR,SKK,41.854
2002-12-05,EUR,SKK,41.653
2002-12-06,EUR,SKK,41.684
2002-12-07,EUR,SKK,41.684
2002-12-08,EUR,SKK,41.684
2002-12-09,EUR,SKK,41.735
2002-12-10,EUR,SKK,41.728
2002-12-11,EUR,SKK,41.764
2002-12-12,EUR,SKK,41.721
2002-12-13,EUR,SKK,41.726
2002-12-14,EUR,SKK,41.726
2002-12-15,EUR,SKK,41.726
2002-12-16,EUR,SKK,41.645
2002-12-17,EUR,SKK,41.72
2002-12-18,EUR,SKK,41.766
2002-12-19,EUR,SKK,41.784
2002-12-20,EUR,SKK,41.835
2002-12-21,EUR,SKK,41.835
2002-12-22,EUR,SKK,41.835
2002-12-23,EUR,SKK,41.825
2002-12-24,EUR,SKK,41.79
2002-12-25,EUR,SKK,41.79
2002-12-26,EUR,SKK,41.79
2002-12-27,EUR,SKK,41.8
2002-12-28,EUR,SKK,41.8
2002-12-29,EUR,SKK,41.8
2002-12-30,EUR,SKK,41.688
2002-12-31,EUR,SKK,41.503
2003-01-01,EUR,SKK,41.503
2003-01-02,EUR,SKK,41.412
2003-01-03,EUR,SKK,41.27
2003-01-04,EUR,SKK,41.27
2003-01-05,EUR,SKK,41.27
2003-01-06,EUR,SKK,41.27
2003-01-07,EUR,SKK,41.23
2003-01-08,EUR,SKK,41.346
2003-01-09,EUR,SKK,41.49
2003-01-10,EUR,SKK,41.501
2003-01-11,EUR,SKK,41.501
2003-01-12,EUR,SKK,41.501
2003-01-13,EUR,SKK,41.495
2003-01-14,EUR,SKK,41.6
2003-01-15,EUR,SKK,41.331
2003-01-16,EUR,SKK,41.225
2003-01-17,EUR,SKK,41.602
2003-01-18,EUR,SKK,41.602
2003-01-19,EUR,SKK,41.602
2003-01-20,EUR,SKK,41.732
2003-01-21,EUR,SKK,41.54
2003-01-22,EUR,SKK,42.023
2003-01-23,EUR,SKK,42.502
2003-01-24,EUR,SKK,42.155
2003-01-25,EUR,SKK,42.155
2003-01-26,EUR,SKK,42.155
2003-01-27,EUR,SKK,42.116
2003-01-28,EUR,SKK,41.905
2003-01-29,EUR,SKK,41.745
2003-01-30,EUR,SKK,41.806
2003-01-31,EUR,SKK,41.741
2003-02-01,EUR,SKK,41.741
2003-02-02,EUR,SKK,41.741
2003-02-03,EUR,SKK,41.894
2003-02-04,EUR,SKK,41.754
2003-02-05,EUR,SKK,41.812
2003-02-06,EUR,SKK,41.756
2003-02-07,EUR,SKK,41.912
2003-02-08,EUR,SKK,41.912
2003-02-09,EUR,SKK,41.912
2003-02-10,EUR,SKK,42.156
2003-02-11,EUR,SKK,42.041
2003-02-12,EUR,SKK,42.075
2003-02-13,EUR,SKK,42.023
2003-02-14,EUR,SKK,41.972
2003-02-15,EUR,SKK,41.972
2003-02-16,EUR,SKK,41.972
2003-02-17,EUR,SKK,41.998
2003-02-18,EUR,SKK,42.045
2003-02-19,EUR,SKK,42.025
2003-02-20,EUR,SKK,42.167
2003-02-21,EUR,SKK,42.162
2003-02-22,EUR,SKK,42.162
2003-02-23,EUR,SKK,42.162
2003-02-24,EUR,SKK,42.273
2003-02-25,EUR,SKK,42.141
2003-02-26,EUR,SKK,41.871
2003-02-27,EUR,SKK,41.845
2003-02-28,EUR,SKK,41.815
2003-03-01,EUR,SKK,41.815
2003-03-02,EUR,SKK,41.815
2003-03-03,EUR,SKK,41.845
2003-03-04,EUR,SKK,41.96
2003-03-05,EUR,SKK,41.854
2003-03-06,EUR,SKK,41.785
2003-03-07,EUR,SKK,41.805
2003-03-08,EUR,SKK,41.805
2003-03-09,EUR,SKK,41.805
2003-03-10,EUR,SKK,41.815
2003-03-11,EUR,SKK,41.882
2003-03-12,EUR,SKK,41.855
2003-03-13,EUR,SKK,41.815
2003-03-14,EUR,SKK,41.695
2003-03-15,EUR,SKK,41.695
2003-03-16,EUR,SKK,41.695
2003-03-17,EUR,SKK,41.735
2003-03-18,EUR,SKK,41.758
2003-03-19,EUR,SKK,41.725
2003-03-20,EUR,SKK,41.945
2003-03-21,EUR,SKK,41.915
2003-03-22,EUR,SKK,41.915
2003-03-23,EUR,SKK,41.915
2003-03-24,EUR,SKK,41.852
2003-03-25,EUR,SKK,41.726
2003-03-26,EUR,SKK,41.556
2003-03-27,EUR,SKK,41.433
2003-03-28,EUR,SKK,41.388
2003-03-29,EUR,SKK,41.388
2003-03-30,EUR,SKK,41.388
2003-03-31,EUR,SKK,41.388
2003-04-01,EUR,SKK,41.17
2003-04-02,EUR,SKK,41.065
2003-04-03,EUR,SKK,41.116
2003-04-04,EUR,SKK,41.234
2003-04-05,EUR,SKK,41.234
2003-04-06,EUR,SKK,41.234
2003-04-07,EUR,SKK,41.149
2003-04-08,EUR,SKK,41.155
2003-04-09,EUR,SKK,41.015
2003-04-10,EUR,SKK,41.062
2003-04-11,EUR,SKK,41.095
2003-04-12,EUR,SKK,41.095
2003-04-13,EUR,SKK,41.095
2003-04-14,EUR,SKK,41.055
2003-04-15,EUR,SKK,40.936
2003-04-16,EUR,SKK,40.992
2003-04-17,EUR,SKK,40.965
2003-04-18,EUR,SKK,40.965
2003-04-19,EUR,SKK,40.965
2003-04-20,EUR,SKK,40.965
2003-04-21,EUR,SKK,40.965
2003-04-22,EUR,SKK,41.006
2003-04-23,EUR,SKK,41.005
2003-04-24,EUR,SKK,40.964
2003-04-25,EUR,SKK,40.925
2003-04-26,EUR,SKK,40.925
2003-04-27,EUR,SKK,40.925
2003-04-28,EUR,SKK,40.965
2003-04-29,EUR,SKK,40.97
2003-04-30,EUR,SKK,40.921
2003-05-01,EUR,SKK,40.921
2003-05-02,EUR,SKK,40.843
2003-05-03,EUR,SKK,40.843
2003-05-04,EUR,SKK,40.843
2003-05-05,EUR,SKK,41.156
2003-05-06,EUR,SKK,41.162
2003-05-07,EUR,SKK,41.225
2003-05-08,EUR,SKK,41.24
2003-05-09,EUR,SKK,41.155
2003-05-10,EUR,SKK,41.155
2003-05-11,EUR,SKK,41.155
2003-05-12,EUR,SKK,41.16
2003-05-13,EUR,SKK,41.11
2003-05-14,EUR,SKK,41.075
2003-05-15,EUR,SKK,41.065
2003-05-16,EUR,SKK,41.046
2003-05-17,EUR,SKK,41.046
2003-05-18,EUR,SKK,41.046
2003-05-19,EUR,SKK,41.045
2003-05-20,EUR,SKK,41.052
2003-05-21,EUR,SKK,41.181
2003-05-22,EUR,SKK,41.125
2003-05-23,EUR,SKK,41.16
2003-05-24,EUR,SKK,41.16
2003-05-25,EUR,SKK,41.16
2003-05-26,EUR,SKK,41.149
2003-05-27,EUR,SKK,41.125
2003-05-28,EUR,SKK,41.055
2003-05-29,EUR,SKK,41.31
2003-05-30,EUR,SKK,41.185
2003-05-31,EUR,SKK,41.185
2003-06-01,EUR,SKK,41.185
2003-06-02,EUR,SKK,41.121
2003-06-03,EUR,SKK,41.176
2003-06-04,EUR,SKK,41.394
2003-06-05,EUR,SKK,41.52
2003-06-06,EUR,SKK,41.43
2003-06-07,EUR,SKK,41.43
2003-06-08,EUR,SKK,41.43
2003-06-09,EUR,SKK,41.356
2003-06-10,EUR,SKK,41.49
2003-06-11,EUR,SKK,41.535
2003-06-12,EUR,SKK,41.455
2003-06-13,EUR,SKK,41.346
2003-06-14,EUR,SKK,41.346
2003-06-15,EUR,SKK,41.346
2003-06-16,EUR,SKK,41.36
2003-06-17,EUR,SKK,41.435
2003-06-18,EUR,SKK,41.485
2003-06-19,EUR,SKK,41.7
2003-06-20,EUR,SKK,41.671
2003-06-21,EUR,SKK,41.671
2003-06-22,EUR,SKK,41.671
2003-06-23,EUR,SKK,41.829
2003-06-24,EUR,SKK,41.774
2003-06-25,EUR,SKK,41.671
2003-06-26,EUR,SKK,41.66
2003-06-27,EUR,SKK,41.69
2003-06-28,EUR,SKK,41.69
2003-06-29,EUR,SKK,41.69
2003-06-30,EUR,SKK,41.55
2003-07-01,EUR,SKK,41.385
2003-07-02,EUR,SKK,41.48
2003-07-03,EUR,SKK,41.53
2003-07-04,EUR,SKK,41.525
2003-07-05,EUR,SKK,41.525
2003-07-06,EUR,SKK,41.525
2003-07-07,EUR,SKK,41.514
2003-07-08,EUR,SKK,41.59
2003-07-09,EUR,SKK,41.602
2003-07-10,EUR,SKK,41.595
2003-07-11,EUR,SKK,41.605
2003-07-12,EUR,SKK,41.605
2003-07-13,EUR,SKK,41.605
2003-07-14,EUR,SKK,41.64
2003-07-15,EUR,SKK,41.68
2003-07-16,EUR,SKK,41.674
2003-07-17,EUR,SKK,41.8
2003-07-18,EUR,SKK,42.18
2003-07-19,EUR,SKK,42.18
2003-07-20,EUR,SKK,42.18
2003-07-21,EUR,SKK,42.38
2003-07-22,EUR,SKK,42.257
2003-07-23,EUR,SKK,42.22
2003-07-24,EUR,SKK,42.095
2003-07-25,EUR,SKK,42.06
2003-07-26,EUR,SKK,42.06
2003-07-27,EUR,SKK,42.06
2003-07-28,EUR,SKK,42.055
2003-07-29,EUR,SKK,41.95
2003-07-30,EUR,SKK,41.835
2003-07-31,EUR,SKK,41.85
2003-08-01,EUR,SKK,41.989
2003-08-02,EUR,SKK,41.989
2003-08-03,EUR,SKK,41.989
2003-08-04,EUR,SKK,41.99
2003-08-05,EUR,SKK,41.89
2003-08-06,EUR,SKK,41.81
2003-08-07,EUR,SKK,41.735
2003-08-08,EUR,SKK,41.71
2003-08-09,EUR,SKK,41.71
2003-08-10,EUR,SKK,41.71
2003-08-11,EUR,SKK,41.89
2003-08-12,EUR,SKK,41.86
2003-08-13,EUR,SKK,41.83
2003-08-14,EUR,SKK,41.99
2003-08-15,EUR,SKK,42.16
2003-08-16,EUR,SKK,42.16
2003-08-17,EUR,SKK,42.16
2003-08-18,EUR,SKK,42.185
2003-08-19,EUR,SKK,42.135
2003-08-20,EUR,SKK,41.993
2003-08-21,EUR,SKK,41.925
2003-08-22,EUR,SKK,41.98
2003-08-23,EUR,SKK,41.98
2003-08-24,EUR,SKK,41.98
2003-08-25,EUR,SKK,42.02
2003-08-26,EUR,SKK,41.93
2003-08-27,EUR,SKK,41.99
2003-08-28,EUR,SKK,42.045
2003-08-29,EUR,SKK,42.005
2003-08-30,EUR,SKK,42.005
2003-08-31,EUR,SKK,42.005
2003-09-01,EUR,SKK,42.005
2003-09-02,EUR,SKK,41.975
2003-09-03,EUR,SKK,41.935
2003-09-04,EUR,SKK,41.915
2003-09-05,EUR,SKK,41.75
2003-09-06,EUR,SKK,41.75
2003-09-07,EUR,SKK,41.75
2003-09-08,EUR,SKK,41.77
2003-09-09,EUR,SKK,41.64
2003-09-10,EUR,SKK,41.59
2003-09-11,EUR,SKK,41.475
2003-09-12,EUR,SKK,41.425
2003-09-13,EUR,SKK,41.425
2003-09-14,EUR,SKK,41.425
2003-09-15,EUR,SKK,41.454
2003-09-16,EUR,SKK,41.305
2003-09-17,EUR,SKK,41.31
2003-09-18,EUR,SKK,41.39
2003-09-19,EUR,SKK,41.23
2003-09-20,EUR,SKK,41.23
2003-09-21,EUR,SKK,41.23
2003-09-22,EUR,SKK,41.25
2003-09-23,EUR,SKK,41.23
2003-09-24,EUR,SKK,41.23
2003-09-25,EUR,SKK,41.31
2003-09-26,EUR,SKK,41.275
2003-09-27,EUR,SKK,41.275
2003-09-28,EUR,SKK,41.275
2003-09-29,EUR,SKK,41.135
2003-09-30,EUR,SKK,41.165
2003-10-01,EUR,SKK,41.275
2003-10-02,EUR,SKK,41.195
2003-10-03,EUR,SKK,41.225
2003-10-04,EUR,SKK,41.225
2003-10-05,EUR,SKK,41.225
2003-10-06,EUR,SKK,41.24
2003-10-07,EUR,SKK,41.31
2003-10-08,EUR,SKK,41.34
2003-10-09,EUR,SKK,41.25
2003-10-10,EUR,SKK,41.27
2003-10-11,EUR,SKK,41.27
2003-10-12,EUR,SKK,41.27
2003-10-13,EUR,SKK,41.278
2003-10-14,EUR,SKK,41.26
2003-10-15,EUR,SKK,41.185
2003-10-16,EUR,SKK,41.19
2003-10-17,EUR,SKK,41.275
2003-10-18,EUR,SKK,41.275
2003-10-19,EUR,SKK,41.275
2003-10-20,EUR,SKK,41.335
2003-10-21,EUR,SKK,41.305
2003-10-22,EUR,SKK,41.325
2003-10-23,EUR,SKK,41.34
2003-10-24,EUR,SKK,41.537
2003-10-25,EUR,SKK,41.537
2003-10-26,EUR,SKK,41.537
2003-10-27,EUR,SKK,41.45
2003-10-28,EUR,SKK,41.351
2003-10-29,EUR,SKK,41.34
2003-10-30,EUR,SKK,41.305
2003-10-31,EUR,SKK,41.4
2003-11-01,EUR,SKK,41.4
2003-11-02,EUR,SKK,41.4
2003-11-03,EUR,SKK,41.425
2003-11-04,EUR,SKK,41.42
2003-11-05,EUR,SKK,41.315
2003-11-06,EUR,SKK,41.32
2003-11-07,EUR,SKK,41.24
2003-11-08,EUR,SKK,41.24
2003-11-09,EUR,SKK,41.24
2003-11-10,EUR,SKK,41.265
2003-11-11,EUR,SKK,41.175
2003-11-12,EUR,SKK,41.17
2003-11-13,EUR,SKK,41.11
2003-11-14,EUR,SKK,40.985
2003-11-15,EUR,SKK,40.985
2003-11-16,EUR,SKK,40.985
2003-11-17,EUR,SKK,40.965
2003-11-18,EUR,SKK,40.935
2003-11-19,EUR,SKK,40.94
2003-11-20,EUR,SKK,40.95
2003-11-21,EUR,SKK,40.959
2003-11-22,EUR,SKK,40.959
2003-11-23,EUR,SKK,40.959
2003-11-24,EUR,SKK,40.963
2003-11-25,EUR,SKK,40.95
2003-11-26,EUR,SKK,40.905
2003-11-27,EUR,SKK,40.95
2003-11-28,EUR,SKK,41.1
2003-11-29,EUR,SKK,41.1
2003-11-30,EUR,SKK,41.1
2003-12-01,EUR,SKK,41.03
2003-12-02,EUR,SKK,41.2
2003-12-03,EUR,SKK,41.08
2003-12-04,EUR,SKK,41.014
2003-12-05,EUR,SKK,41.02
2003-12-06,EUR,SKK,41.02
2003-12-07,EUR,SKK,41.02
2003-12-08,EUR,SKK,41.045
2003-12-09,EUR,SKK,41.09
2003-12-10,EUR,SKK,41.18
2003-12-11,EUR,SKK,41.21
2003-12-12,EUR,SKK,41.155
2003-12-13,EUR,SKK,41.155
2003-12-14,EUR,SKK,41.155
2003-12-15,EUR,SKK,41.185
2003-12-16,EUR,SKK,41.162
2003-12-17,EUR,SKK,41.16
2003-12-18,EUR,SKK,41.14
2003-12-19,EUR,SKK,41.133
2003-12-20,EUR,SKK,41.133
2003-12-21,EUR,SKK,41.133
2003-12-22,EUR,SKK,41.175
2003-12-23,EUR,SKK,41.16
2003-12-24,EUR,SKK,41.16
2003-12-25,EUR,SKK,41.16
2003-12-26,EUR,SKK,41.16
2003-12-27,EUR,SKK,41.16
2003-12-28,EUR,SKK,41.16
2003-12-29,EUR,SKK,41.16
2003-12-30,EUR,SKK,41.145
2003-12-31,EUR,SKK,41.17
2004-01-01,EUR,SKK,41.17
2004-01-02,EUR,SKK,41.145
2004-01-03,EUR,SKK,41.145
2004-01-04,EUR,SKK,41.145
2004-01-05,EUR,SKK,41.04
2004-01-06,EUR,SKK,40.88
2004-01-07,EUR,SKK,40.915
2004-01-08,EUR,SKK,40.876
2004-01-09,EUR,SKK,40.652
2004-01-10,EUR,SKK,40.652
2004-01-11,EUR,SKK,40.652
2004-01-12,EUR,SKK,40.66
2004-01-13,EUR,SKK,40.58
2004-01-14,EUR,SKK,40.615
2004-01-15,EUR,SKK,40.77
2004-01-16,EUR,SKK,40.77
2004-01-17,EUR,SKK,40.77
2004-01-18,EUR,SKK,40.77
2004-01-19,EUR,SKK,40.78
2004-01-20,EUR,SKK,40.695
2004-01-21,EUR,SKK,40.585
2004-01-22,EUR,SKK,40.44
2004-01-23,EUR,SKK,40.535
2004-01-24,EUR,SKK,40.535
2004-01-25,EUR,SKK,40.535
2004-01-26,EUR,SKK,40.494
2004-01-27,EUR,SKK,40.585
2004-01-28,EUR,SKK,40.655
2004-01-29,EUR,SKK,40.75
2004-01-30,EUR,SKK,40.925
2004-01-31,EUR,SKK,40.925
2004-02-01,EUR,SKK,40.925
2004-02-02,EUR,SKK,40.825
2004-02-03,EUR,SKK,40.7
2004-02-04,EUR,SKK,40.57
2004-02-05,EUR,SKK,40.57
2004-02-06,EUR,SKK,40.7
2004-02-07,EUR,SKK,40.7
2004-02-08,EUR,SKK,40.7
2004-02-09,EUR,SKK,40.525
2004-02-10,EUR,SKK,40.485
2004-02-11,EUR,SKK,40.455
2004-02-12,EUR,SKK,40.435
2004-02-13,EUR,SKK,40.408
2004-02-14,EUR,SKK,40.408
2004-02-15,EUR,SKK,40.408
2004-02-16,EUR,SKK,40.425
2004-02-17,EUR,SKK,40.45
2004-02-18,EUR,SKK,40.435
2004-02-19,EUR,SKK,40.495
2004-02-20,EUR,SKK,40.555
2004-02-21,EUR,SKK,40.555
2004-02-22,EUR,SKK,40.555
2004-02-23,EUR,SKK,40.615
2004-02-24,EUR,SKK,40.605
2004-02-25,EUR,SKK,40.685
2004-02-26,EUR,SKK,40.535
2004-02-27,EUR,SKK,40.542
2004-02-28,EUR,SKK,40.542
2004-02-29,EUR,SKK,40.542
2004-03-01,EUR,SKK,40.468
2004-03-02,EUR,SKK,40.458
2004-03-03,EUR,SKK,40.575
2004-03-04,EUR,SKK,40.685
2004-03-05,EUR,SKK,40.645
2004-03-06,EUR,SKK,40.645
2004-03-07,EUR,SKK,40.645
2004-03-08,EUR,SKK,40.565
2004-03-09,EUR,SKK,40.555
2004-03-10,EUR,SKK,40.55
2004-03-11,EUR,SKK,40.535
2004-03-12,EUR,SKK,40.494
2004-03-13,EUR,SKK,40.494
2004-03-14,EUR,SKK,40.494
2004-03-15,EUR,SKK,40.456
2004-03-16,EUR,SKK,40.46
2004-03-17,EUR,SKK,40.455
2004-03-18,EUR,SKK,40.41
2004-03-19,EUR,SKK,40.375
2004-03-20,EUR,SKK,40.375
2004-03-21,EUR,SKK,40.375
2004-03-22,EUR,SKK,40.255
2004-03-23,EUR,SKK,40.165
2004-03-24,EUR,SKK,40.145
2004-03-25,EUR,SKK,40.235
2004-03-26,EUR,SKK,40.23
2004-03-27,EUR,SKK,40.23
2004-03-28,EUR,SKK,40.23
2004-03-29,EUR,SKK,40.195
2004-03-30,EUR,SKK,40.18
2004-03-31,EUR,SKK,40.115
2004-04-01,EUR,SKK,40.085
2004-04-02,EUR,SKK,40.115
2004-04-03,EUR,SKK,40.115
2004-04-04,EUR,SKK,40.115
2004-04-05,EUR,SKK,40.22
2004-04-06,EUR,SKK,40.2
2004-04-07,EUR,SKK,40.16
2004-04-08,EUR,SKK,40.075
2004-04-09,EUR,SKK,40.075
2004-04-10,EUR,SKK,40.075
2004-04-11,EUR,SKK,40.075
2004-04-12,EUR,SKK,40.075
2004-04-13,EUR,SKK,40.065
2004-04-14,EUR,SKK,40.108
2004-04-15,EUR,SKK,40.165
2004-04-16,EUR,SKK,40.235
2004-04-17,EUR,SKK,40.235
2004-04-18,EUR,SKK,40.235
2004-04-19,EUR,SKK,40.133
2004-04-20,EUR,SKK,40.09
2004-04-21,EUR,SKK,40.07
2004-04-22,EUR,SKK,40.11
2004-04-23,EUR,SKK,40.115
2004-04-24,EUR,SKK,40.115
2004-04-25,EUR,SKK,40.115
2004-04-26,EUR,SKK,40.045
2004-04-27,EUR,SKK,39.975
2004-04-28,EUR,SKK,40.275
2004-04-29,EUR,SKK,40.325
2004-04-30,EUR,SKK,40.455
2004-05-01,EUR,SKK,40.455
2004-05-02,EUR,SKK,40.455
2004-05-03,EUR,SKK,40.325
2004-05-04,EUR,SKK,40.215
2004-05-05,EUR,SKK,40.125
2004-05-06,EUR,SKK,40.115
2004-05-07,EUR,SKK,40.17
2004-05-08,EUR,SKK,40.17
2004-05-09,EUR,SKK,40.17
2004-05-10,EUR,SKK,40.35
2004-05-11,EUR,SKK,40.295
2004-05-12,EUR,SKK,40.242
2004-05-13,EUR,SKK,40.335
2004-05-14,EUR,SKK,40.195
2004-05-15,EUR,SKK,40.195
2004-05-16,EUR,SKK,40.195
2004-05-17,EUR,SKK,40.11
2004-05-18,EUR,SKK,40.12
2004-05-19,EUR,SKK,40.135
2004-05-20,EUR,SKK,40.135
2004-05-21,EUR,SKK,40.145
2004-05-22,EUR,SKK,40.145
2004-05-23,EUR,SKK,40.145
2004-05-24,EUR,SKK,40.165
2004-05-25,EUR,SKK,40.135
2004-05-26,EUR,SKK,40.025
2004-05-27,EUR,SKK,40.05
2004-05-28,EUR,SKK,40.06
2004-05-29,EUR,SKK,40.06
2004-05-30,EUR,SKK,40.06
2004-05-31,EUR,SKK,39.99
2004-06-01,EUR,SKK,39.97
2004-06-02,EUR,SKK,39.905
2004-06-03,EUR,SKK,39.92
2004-06-04,EUR,SKK,39.965
2004-06-05,EUR,SKK,39.965
2004-06-06,EUR,SKK,39.965
2004-06-07,EUR,SKK,39.95
2004-06-08,EUR,SKK,39.87
2004-06-09,EUR,SKK,39.955
2004-06-10,EUR,SKK,39.87
2004-06-11,EUR,SKK,39.91
2004-06-12,EUR,SKK,39.91
2004-06-13,EUR,SKK,39.91
2004-06-14,EUR,SKK,39.875
2004-06-15,EUR,SKK,39.892
2004-06-16,EUR,SKK,39.925
2004-06-17,EUR,SKK,39.94
2004-06-18,EUR,SKK,39.925
2004-06-19,EUR,SKK,39.925
2004-06-20,EUR,SKK,39.925
2004-06-21,EUR,SKK,39.955
2004-06-22,EUR,SKK,39.97
2004-06-23,EUR,SKK,39.94
2004-06-24,EUR,SKK,39.938
2004-06-25,EUR,SKK,39.888
2004-06-26,EUR,SKK,39.888
2004-06-27,EUR,SKK,39.888
2004-06-28,EUR,SKK,39.91
2004-06-29,EUR,SKK,39.965
2004-06-30,EUR,SKK,39.875
2004-07-01,EUR,SKK,39.845
2004-07-02,EUR,SKK,39.775
2004-07-03,EUR,SKK,39.775
2004-07-04,EUR,SKK,39.775
2004-07-05,EUR,SKK,39.79
2004-07-06,EUR,SKK,39.815
2004-07-07,EUR,SKK,39.779
2004-07-08,EUR,SKK,39.88
2004-07-09,EUR,SKK,39.895
2004-07-10,EUR,SKK,39.895
2004-07-11,EUR,SKK,39.895
2004-07-12,EUR,SKK,39.85
2004-07-13,EUR,SKK,39.999
2004-07-14,EUR,SKK,40.003
2004-07-15,EUR,SKK,39.88
2004-07-16,EUR,SKK,39.865
2004-07-17,EUR,SKK,39.865
2004-07-18,EUR,SKK,39.865
2004-07-19,EUR,SKK,39.893
2004-07-20,EUR,SKK,39.827
2004-07-21,EUR,SKK,39.85
2004-07-22,EUR,SKK,39.856
2004-07-23,EUR,SKK,39.858
2004-07-24,EUR,SKK,39.858
2004-07-25,EUR,SKK,39.858
2004-07-26,EUR,SKK,39.868
2004-07-27,EUR,SKK,39.96
2004-07-28,EUR,SKK,40.135
2004-07-29,EUR,SKK,40.12
2004-07-30,EUR,SKK,40.045
2004-07-31,EUR,SKK,40.045
2004-08-01,EUR,SKK,40.045
2004-08-02,EUR,SKK,40.075
2004-08-03,EUR,SKK,40.075
2004-08-04,EUR,SKK,40.12
2004-08-05,EUR,SKK,40.13
2004-08-06,EUR,SKK,40.02
2004-08-07,EUR,SKK,40.02
2004-08-08,EUR,SKK,40.02
2004-08-09,EUR,SKK,39.91
2004-08-10,EUR,SKK,39.92
2004-08-11,EUR,SKK,40.01
2004-08-12,EUR,SKK,40.075
2004-08-13,EUR,SKK,40.225
2004-08-14,EUR,SKK,40.225
2004-08-15,EUR,SKK,40.225
2004-08-16,EUR,SKK,40.24
2004-08-17,EUR,SKK,40.19
2004-08-18,EUR,SKK,40.12
2004-08-19,EUR,SKK,40.132
2004-08-20,EUR,SKK,40.105
2004-08-21,EUR,SKK,40.105
2004-08-22,EUR,SKK,40.105
2004-08-23,EUR,SKK,40.12
2004-08-24,EUR,SKK,40.065
2004-08-25,EUR,SKK,40.11
2004-08-26,EUR,SKK,40.15
2004-08-27,EUR,SKK,40.22
2004-08-28,EUR,SKK,40.22
2004-08-29,EUR,SKK,40.22
2004-08-30,EUR,SKK,40.218
2004-08-31,EUR,SKK,40.22
2004-09-01,EUR,SKK,40.255
2004-09-02,EUR,SKK,40.162
2004-09-03,EUR,SKK,40.125
2004-09-04,EUR,SKK,40.125
2004-09-05,EUR,SKK,40.125
2004-09-06,EUR,SKK,40.145
2004-09-07,EUR,SKK,40.13
2004-09-08,EUR,SKK,40.16
2004-09-09,EUR,SKK,40.13
2004-09-10,EUR,SKK,40.166
2004-09-11,EUR,SKK,40.166
2004-09-12,EUR,SKK,40.166
2004-09-13,EUR,SKK,40.075
2004-09-14,EUR,SKK,39.985
2004-09-15,EUR,SKK,39.955
2004-09-16,EUR,SKK,39.915
2004-09-17,EUR,SKK,39.92
2004-09-18,EUR,SKK,39.92
2004-09-19,EUR,SKK,39.92
2004-09-20,EUR,SKK,39.94
2004-09-21,EUR,SKK,39.875
2004-09-22,EUR,SKK,39.953
2004-09-23,EUR,SKK,40.0
2004-09-24,EUR,SKK,40.025
2004-09-25,EUR,SKK,40.025
2004-09-26,EUR,SKK,40.025
2004-09-27,EUR,SKK,40.01
2004-09-28,EUR,SKK,40.055
2004-09-29,EUR,SKK,40.04
2004-09-30,EUR,SKK,40.055
2004-10-01,EUR,SKK,40.075
2004-10-02,EUR,SKK,40.075
2004-10-03,EUR,SKK,40.075
2004-10-04,EUR,SKK,40.035
2004-10-05,EUR,SKK,40.015
2004-10-06,EUR,SKK,40.045
2004-10-07,EUR,SKK,40.055
2004-10-08,EUR,SKK,40.025
2004-10-09,EUR,SKK,40.025
2004-10-10,EUR,SKK,40.025
2004-10-11,EUR,SKK,40.025
2004-10-12,EUR,SKK,40.021
2004-10-13,EUR,SKK,40.028
2004-10-14,EUR,SKK,40.025
2004-10-15,EUR,SKK,39.976
2004-10-16,EUR,SKK,39.976
2004-10-17,EUR,SKK,39.976
2004-10-18,EUR,SKK,39.955
2004-10-19,EUR,SKK,39.96
2004-10-20,EUR,SKK,39.965
2004-10-21,EUR,SKK,39.96
2004-10-22,EUR,SKK,39.95
2004-10-23,EUR,SKK,39.95
2004-10-24,EUR,SKK,39.95
2004-10-25,EUR,SKK,39.99
2004-10-26,EUR,SKK,39.967
2004-10-27,EUR,SKK,39.965
2004-10-28,EUR,SKK,39.955
2004-10-29,EUR,SKK,39.94
2004-10-30,EUR,SKK,39.94
2004-10-31,EUR,SKK,39.94
2004-11-01,EUR,SKK,39.923
2004-11-02,EUR,SKK,39.915
2004-11-03,EUR,SKK,39.93
2004-11-04,EUR,SKK,39.885
2004-11-05,EUR,SKK,39.855
2004-11-06,EUR,SKK,39.855
2004-11-07,EUR,SKK,39.855
2004-11-08,EUR,SKK,39.78
2004-11-09,EUR,SKK,39.708
2004-11-10,EUR,SKK,39.63
2004-11-11,EUR,SKK,39.633
2004-11-12,EUR,SKK,39.61
2004-11-13,EUR,SKK,39.61
2004-11-14,EUR,SKK,39.61
2004-11-15,EUR,SKK,39.62
2004-11-16,EUR,SKK,39.48
2004-11-17,EUR,SKK,39.443
2004-11-18,EUR,SKK,39.408
2004-11-19,EUR,SKK,39.265
2004-11-20,EUR,SKK,39.265
2004-11-21,EUR,SKK,39.265
2004-11-22,EUR,SKK,39.255
2004-11-23,EUR,SKK,39.255
2004-11-24,EUR,SKK,39.315
2004-11-25,EUR,SKK,39.255
2004-11-26,EUR,SKK,39.285
2004-11-27,EUR,SKK,39.285
2004-11-28,EUR,SKK,39.285
2004-11-29,EUR,SKK,39.275
2004-11-30,EUR,SKK,39.28
2004-12-01,EUR,SKK,39.22
2004-12-02,EUR,SKK,39.025
2004-12-03,EUR,SKK,39.054
2004-12-04,EUR,SKK,39.054
2004-12-05,EUR,SKK,39.054
2004-12-06,EUR,SKK,39.135
2004-12-07,EUR,SKK,39.093
2004-12-08,EUR,SKK,39.097
2004-12-09,EUR,SKK,39.073
2004-12-10,EUR,SKK,39.088
2004-12-11,EUR,SKK,39.088
2004-12-12,EUR,SKK,39.088
2004-12-13,EUR,SKK,38.945
2004-12-14,EUR,SKK,38.785
2004-12-15,EUR,SKK,38.755
2004-12-16,EUR,SKK,38.761
2004-12-17,EUR,SKK,38.631
2004-12-18,EUR,SKK,38.631
2004-12-19,EUR,SKK,38.631
2004-12-20,EUR,SKK,38.545
2004-12-21,EUR,SKK,38.565
2004-12-22,EUR,SKK,38.75
2004-12-23,EUR,SKK,38.81
2004-12-24,EUR,SKK,38.83
2004-12-25,EUR,SKK,38.83
2004-12-26,EUR,SKK,38.83
2004-12-27,EUR,SKK,38.805
2004-12-28,EUR,SKK,38.845
2004-12-29,EUR,SKK,38.793
2004-12-30,EUR,SKK,38.71
2004-12-31,EUR,SKK,38.745
2005-01-01,EUR,SKK,38.745
2005-01-02,EUR,SKK,38.745
2005-01-03,EUR,SKK,38.655
2005-01-04,EUR,SKK,38.57
2005-01-05,EUR,SKK,38.625
2005-01-06,EUR,SKK,38.62
2005-01-07,EUR,SKK,38.608
2005-01-08,EUR,SKK,38.608
2005-01-09,EUR,SKK,38.608
2005-01-10,EUR,SKK,38.528
2005-01-11,EUR,SKK,38.632
2005-01-12,EUR,SKK,38.7
2005-01-13,EUR,SKK,38.595
2005-01-14,EUR,SKK,38.58
2005-01-15,EUR,SKK,38.58
2005-01-16,EUR,SKK,38.58
2005-01-17,EUR,SKK,38.608
2005-01-18,EUR,SKK,38.64
2005-01-19,EUR,SKK,38.625
2005-01-20,EUR,SKK,38.68
2005-01-21,EUR,SKK,38.66
2005-01-22,EUR,SKK,38.66
2005-01-23,EUR,SKK,38.66
2005-01-24,EUR,SKK,38.62
2005-01-25,EUR,SKK,38.613
2005-01-26,EUR,SKK,38.535
2005-01-27,EUR,SKK,38.435
2005-01-28,EUR,SKK,38.338
2005-01-29,EUR,SKK,38.338
2005-01-30,EUR,SKK,38.338
2005-01-31,EUR,SKK,38.17
2005-02-01,EUR,SKK,38.14
2005-02-02,EUR,SKK,38.12
2005-02-03,EUR,SKK,38.09
2005-02-04,EUR,SKK,38.043
2005-02-05,EUR,SKK,38.043
2005-02-06,EUR,SKK,38.043
2005-02-07,EUR,SKK,38.07
2005-02-08,EUR,SKK,38.046
2005-02-09,EUR,SKK,38.08
2005-02-10,EUR,SKK,38.08
2005-02-11,EUR,SKK,38.154
2005-02-12,EUR,SKK,38.154
2005-02-13,EUR,SKK,38.154
2005-02-14,EUR,SKK,38.115
2005-02-15,EUR,SKK,38.093
2005-02-16,EUR,SKK,38.072
2005-02-17,EUR,SKK,38.13
2005-02-18,EUR,SKK,38.05
2005-02-19,EUR,SKK,38.05
2005-02-20,EUR,SKK,38.05
2005-02-21,EUR,SKK,38.054
2005-02-22,EUR,SKK,38.045
2005-02-23,EUR,SKK,37.913
2005-02-24,EUR,SKK,37.85
2005-02-25,EUR,SKK,37.858
2005-02-26,EUR,SKK,37.858
2005-02-27,EUR,SKK,37.858
2005-02-28,EUR,SKK,37.874
2005-03-01,EUR,SKK,37.838
2005-03-02,EUR,SKK,37.858
2005-03-03,EUR,SKK,37.896
2005-03-04,EUR,SKK,37.884
2005-03-05,EUR,SKK,37.884
2005-03-06,EUR,SKK,37.884
2005-03-07,EUR,SKK,37.65
2005-03-08,EUR,SKK,37.604
2005-03-09,EUR,SKK,37.555
2005-03-10,EUR,SKK,37.761
2005-03-11,EUR,SKK,37.649
2005-03-12,EUR,SKK,37.649
2005-03-13,EUR,SKK,37.649
2005-03-14,EUR,SKK,37.836
2005-03-15,EUR,SKK,37.756
2005-03-16,EUR,SKK,38.461
2005-03-17,EUR,SKK,38.775
2005-03-18,EUR,SKK,38.28
2005-03-19,EUR,SKK,38.28
2005-03-20,EUR,SKK,38.28
2005-03-21,EUR,SKK,38.895
2005-03-22,EUR,SKK,38.775
2005-03-23,EUR,SKK,39.12
2005-03-24,EUR,SKK,39.035
2005-03-25,EUR,SKK,39.035
2005-03-26,EUR,SKK,39.035
2005-03-27,EUR,SKK,39.035
2005-03-28,EUR,SKK,39.035
2005-03-29,EUR,SKK,39.148
2005-03-30,EUR,SKK,38.87
2005-03-31,EUR,SKK,38.672
2005-04-01,EUR,SKK,38.75
2005-04-02,EUR,SKK,38.75
2005-04-03,EUR,SKK,38.75
2005-04-04,EUR,SKK,38.885
2005-04-05,EUR,SKK,38.935
2005-04-06,EUR,SKK,38.915
2005-04-07,EUR,SKK,38.9
2005-04-08,EUR,SKK,38.825
2005-04-09,EUR,SKK,38.825
2005-04-10,EUR,SKK,38.825
2005-04-11,EUR,SKK,38.72
2005-04-12,EUR,SKK,38.66
2005-04-13,EUR,SKK,38.686
2005-04-14,EUR,SKK,38.89
2005-04-15,EUR,SKK,39.246
2005-04-16,EUR,SKK,39.246
2005-04-17,EUR,SKK,39.246
2005-04-18,EUR,SKK,39.595
2005-04-19,EUR,SKK,39.825
2005-04-20,EUR,SKK,39.5
2005-04-21,EUR,SKK,39.535
2005-04-22,EUR,SKK,39.59
2005-04-23,EUR,SKK,39.59
2005-04-24,EUR,SKK,39.59
2005-04-25,EUR,SKK,39.8
2005-04-26,EUR,SKK,39.695
2005-04-27,EUR,SKK,39.62
2005-04-28,EUR,SKK,39.863
2005-04-29,EUR,SKK,39.435
2005-04-30,EUR,SKK,39.435
2005-05-01,EUR,SKK,39.435
2005-05-02,EUR,SKK,39.345
2005-05-03,EUR,SKK,39.27
2005-05-04,EUR,SKK,38.89
2005-05-05,EUR,SKK,38.804
2005-05-06,EUR,SKK,38.76
2005-05-07,EUR,SKK,38.76
2005-05-08,EUR,SKK,38.76
2005-05-09,EUR,SKK,38.645
2005-05-10,EUR,SKK,38.87
2005-05-11,EUR,SKK,38.91
2005-05-12,EUR,SKK,38.818
2005-05-13,EUR,SKK,38.888
2005-05-14,EUR,SKK,38.888
2005-05-15,EUR,SKK,38.888
2005-05-16,EUR,SKK,39.15
2005-05-17,EUR,SKK,39.075
2005-05-18,EUR,SKK,39.038
2005-05-19,EUR,SKK,38.89
2005-05-20,EUR,SKK,38.91
2005-05-21,EUR,SKK,38.91
2005-05-22,EUR,SKK,38.91
2005-05-23,EUR,SKK,39.04
2005-05-24,EUR,SKK,38.975
2005-05-25,EUR,SKK,39.215
2005-05-26,EUR,SKK,39.21
2005-05-27,EUR,SKK,39.189
2005-05-28,EUR,SKK,39.189
2005-05-29,EUR,SKK,39.189
2005-05-30,EUR,SKK,39.134
2005-05-31,EUR,SKK,39.064
2005-06-01,EUR,SKK,39.185
2005-06-02,EUR,SKK,38.896
2005-06-03,EUR,SKK,38.769
2005-06-04,EUR,SKK,38.769
2005-06-05,EUR,SKK,38.769
2005-06-06,EUR,SKK,38.739
2005-06-07,EUR,SKK,38.598
2005-06-08,EUR,SKK,38.575
2005-06-09,EUR,SKK,38.685
2005-06-10,EUR,SKK,38.651
2005-06-11,EUR,SKK,38.651
2005-06-12,EUR,SKK,38.651
2005-06-13,EUR,SKK,38.645
2005-06-14,EUR,SKK,38.565
2005-06-15,EUR,SKK,38.32
2005-06-16,EUR,SKK,38.394
2005-06-17,EUR,SKK,38.315
2005-06-18,EUR,SKK,38.315
2005-06-19,EUR,SKK,38.315
2005-06-20,EUR,SKK,38.449
2005-06-21,EUR,SKK,38.439
2005-06-22,EUR,SKK,38.314
2005-06-23,EUR,SKK,38.321
2005-06-24,EUR,SKK,38.32
2005-06-25,EUR,SKK,38.32
2005-06-26,EUR,SKK,38.32
2005-06-27,EUR,SKK,38.328
2005-06-28,EUR,SKK,38.439
2005-06-29,EUR,SKK,38.407
2005-06-30,EUR,SKK,38.414
2005-07-01,EUR,SKK,38.315
2005-07-02,EUR,SKK,38.315
2005-07-03,EUR,SKK,38.315
2005-07-04,EUR,SKK,38.31
2005-07-05,EUR,SKK,38.27
2005-07-06,EUR,SKK,38.395
2005-07-07,EUR,SKK,38.954
2005-07-08,EUR,SKK,38.941
2005-07-09,EUR,SKK,38.941
2005-07-10,EUR,SKK,38.941
2005-07-11,EUR,SKK,38.879
2005-07-12,EUR,SKK,38.78
2005-07-13,EUR,SKK,39.161
2005-07-14,EUR,SKK,39.096
2005-07-15,EUR,SKK,39.14
2005-07-16,EUR,SKK,39.14
2005-07-17,EUR,SKK,39.14
2005-07-18,EUR,SKK,38.989
2005-07-19,EUR,SKK,39.145
2005-07-20,EUR,SKK,39.151
2005-07-21,EUR,SKK,38.969
2005-07-22,EUR,SKK,38.9
2005-07-23,EUR,SKK,38.9
2005-07-24,EUR,SKK,38.9
2005-07-25,EUR,SKK,38.91
2005-07-26,EUR,SKK,39.13
2005-07-27,EUR,SKK,39.13
2005-07-28,EUR,SKK,39.1
2005-07-29,EUR,SKK,38.935
2005-07-30,EUR,SKK,38.935
2005-07-31,EUR,SKK,38.935
2005-08-01,EUR,SKK,38.915
2005-08-02,EUR,SKK,38.902
2005-08-03,EUR,SKK,38.87
2005-08-04,EUR,SKK,38.825
2005-08-05,EUR,SKK,38.65
2005-08-06,EUR,SKK,38.65
2005-08-07,EUR,SKK,38.65
2005-08-08,EUR,SKK,38.583
2005-08-09,EUR,SKK,38.51
2005-08-10,EUR,SKK,38.48
2005-08-11,EUR,SKK,38.46
2005-08-12,EUR,SKK,38.515
2005-08-13,EUR,SKK,38.515
2005-08-14,EUR,SKK,38.515
2005-08-15,EUR,SKK,38.499
2005-08-16,EUR,SKK,38.401
2005-08-17,EUR,SKK,38.603
2005-08-18,EUR,SKK,38.58
2005-08-19,EUR,SKK,38.605
2005-08-20,EUR,SKK,38.605
2005-08-21,EUR,SKK,38.605
2005-08-22,EUR,SKK,38.59
2005-08-23,EUR,SKK,38.8
2005-08-24,EUR,SKK,38.808
2005-08-25,EUR,SKK,38.865
2005-08-26,EUR,SKK,38.823
2005-08-27,EUR,SKK,38.823
2005-08-28,EUR,SKK,38.823
2005-08-29,EUR,SKK,38.811
2005-08-30,EUR,SKK,38.792
2005-08-31,EUR,SKK,38.765
2005-09-01,EUR,SKK,38.55
2005-09-02,EUR,SKK,38.535
2005-09-03,EUR,SKK,38.535
2005-09-04,EUR,SKK,38.535
2005-09-05,EUR,SKK,38.229
2005-09-06,EUR,SKK,38.265
2005-09-07,EUR,SKK,38.24
2005-09-08,EUR,SKK,38.145
2005-09-09,EUR,SKK,38.14
2005-09-10,EUR,SKK,38.14
2005-09-11,EUR,SKK,38.14
2005-09-12,EUR,SKK,38.183
2005-09-13,EUR,SKK,38.51
2005-09-14,EUR,SKK,38.455
2005-09-15,EUR,SKK,38.448
2005-09-16,EUR,SKK,38.347
2005-09-17,EUR,SKK,38.347
2005-09-18,EUR,SKK,38.347
2005-09-19,EUR,SKK,38.43
2005-09-20,EUR,SKK,38.46
2005-09-21,EUR,SKK,38.445
2005-09-22,EUR,SKK,38.499
2005-09-23,EUR,SKK,38.6
2005-09-24,EUR,SKK,38.6
2005-09-25,EUR,SKK,38.6
2005-09-26,EUR,SKK,38.587
2005-09-27,EUR,SKK,38.588
2005-09-28,EUR,SKK,38.775
2005-09-29,EUR,SKK,38.87
2005-09-30,EUR,SKK,38.79
2005-10-01,EUR,SKK,38.79
2005-10-02,EUR,SKK,38.79
2005-10-03,EUR,SKK,38.852
2005-10-04,EUR,SKK,38.815
2005-10-05,EUR,SKK,38.788
2005-10-06,EUR,SKK,38.96
2005-10-07,EUR,SKK,38.943
2005-10-08,EUR,SKK,38.943
2005-10-09,EUR,SKK,38.943
2005-10-10,EUR,SKK,38.845
2005-10-11,EUR,SKK,38.767
2005-10-12,EUR,SKK,38.84
2005-10-13,EUR,SKK,38.949
2005-10-14,EUR,SKK,38.925
2005-10-15,EUR,SKK,38.925
2005-10-16,EUR,SKK,38.925
2005-10-17,EUR,SKK,38.88
2005-10-18,EUR,SKK,38.923
2005-10-19,EUR,SKK,39.013
2005-10-20,EUR,SKK,38.933
2005-10-21,EUR,SKK,38.926
2005-10-22,EUR,SKK,38.926
2005-10-23,EUR,SKK,38.926
2005-10-24,EUR,SKK,38.888
2005-10-25,EUR,SKK,38.943
2005-10-26,EUR,SKK,39.06
2005-10-27,EUR,SKK,39.033
2005-10-28,EUR,SKK,39.068
2005-10-29,EUR,SKK,39.068
2005-10-30,EUR,SKK,39.068
2005-10-31,EUR,SKK,39.038
2005-11-01,EUR,SKK,39.042
2005-11-02,EUR,SKK,39.0
2005-11-03,EUR,SKK,38.93
2005-11-04,EUR,SKK,38.931
2005-11-05,EUR,SKK,38.931
2005-11-06,EUR,SKK,38.931
2005-11-07,EUR,SKK,38.975
2005-11-08,EUR,SKK,38.95
2005-11-09,EUR,SKK,38.921
2005-11-10,EUR,SKK,38.953
2005-11-11,EUR,SKK,38.927
2005-11-12,EUR,SKK,38.927
2005-11-13,EUR,SKK,38.927
2005-11-14,EUR,SKK,38.904
2005-11-15,EUR,SKK,38.845
2005-11-16,EUR,SKK,38.73
2005-11-17,EUR,SKK,38.684
2005-11-18,EUR,SKK,38.684
2005-11-19,EUR,SKK,38.684
2005-11-20,EUR,SKK,38.684
2005-11-21,EUR,SKK,38.7
2005-11-22,EUR,SKK,38.7
2005-11-23,EUR,SKK,38.58
2005-11-24,EUR,SKK,38.495
2005-11-25,EUR,SKK,38.455
2005-11-26,EUR,SKK,38.455
2005-11-27,EUR,SKK,38.455
2005-11-28,EUR,SKK,37.751
2005-11-29,EUR,SKK,37.868
2005-11-30,EUR,SKK,37.893
2005-12-01,EUR,SKK,37.894
2005-12-02,EUR,SKK,37.852
2005-12-03,EUR,SKK,37.852
2005-12-04,EUR,SKK,37.852
2005-12-05,EUR,SKK,37.825
2005-12-06,EUR,SKK,37.795
2005-12-07,EUR,SKK,37.82
2005-12-08,EUR,SKK,38.02
2005-12-09,EUR,SKK,38.026
2005-12-10,EUR,SKK,38.026
2005-12-11,EUR,SKK,38.026
2005-12-12,EUR,SKK,38.02
2005-12-13,EUR,SKK,37.856
2005-12-14,EUR,SKK,37.805
2005-12-15,EUR,SKK,37.918
2005-12-16,EUR,SKK,37.975
2005-12-17,EUR,SKK,37.975
2005-12-18,EUR,SKK,37.975
2005-12-19,EUR,SKK,38.008
2005-12-20,EUR,SKK,37.905
2005-12-21,EUR,SKK,37.851
2005-12-22,EUR,SKK,37.76
2005-12-23,EUR,SKK,37.73
2005-12-24,EUR,SKK,37.73
2005-12-25,EUR,SKK,37.73
2005-12-26,EUR,SKK,37.73
2005-12-27,EUR,SKK,37.705
2005-12-28,EUR,SKK,37.798
2005-12-29,EUR,SKK,37.87
2005-12-30,EUR,SKK,37.88
2005-12-31,EUR,SKK,37.88
2006-01-01,EUR,SKK,37.88
2006-01-02,EUR,SKK,37.865
2006-01-03,EUR,SKK,37.705
2006-01-04,EUR,SKK,37.656
2006-01-05,EUR,SKK,37.645
2006-01-06,EUR,SKK,37.608
2006-01-07,EUR,SKK,37.608
2006-01-08,EUR,SKK,37.608
2006-01-09,EUR,SKK,37.4
2006-01-10,EUR,SKK,37.465
2006-01-11,EUR,SKK,37.38
2006-01-12,EUR,SKK,37.405
2006-01-13,EUR,SKK,37.52
2006-01-14,EUR,SKK,37.52
2006-01-15,EUR,SKK,37.52
2006-01-16,EUR,SKK,37.477
2006-01-17,EUR,SKK,37.538
2006-01-18,EUR,SKK,37.62
2006-01-19,EUR,SKK,37.57
2006-01-20,EUR,SKK,37.475
2006-01-21,EUR,SKK,37.475
2006-01-22,EUR,SKK,37.475
2006-01-23,EUR,SKK,37.476
2006-01-24,EUR,SKK,37.39
2006-01-25,EUR,SKK,37.215
2006-01-26,EUR,SKK,37.32
2006-01-27,EUR,SKK,37.36
2006-01-28,EUR,SKK,37.36
2006-01-29,EUR,SKK,37.36
2006-01-30,EUR,SKK,37.36
2006-01-31,EUR,SKK,37.37
2006-02-01,EUR,SKK,37.279
2006-02-02,EUR,SKK,37.371
2006-02-03,EUR,SKK,37.365
2006-02-04,EUR,SKK,37.365
2006-02-05,EUR,SKK,37.365
2006-02-06,EUR,SKK,37.341
2006-02-07,EUR,SKK,37.58
2006-02-08,EUR,SKK,37.65
2006-02-09,EUR,SKK,37.558
2006-02-10,EUR,SKK,37.465
2006-02-11,EUR,SKK,37.465
2006-02-12,EUR,SKK,37.465
2006-02-13,EUR,SKK,37.545
2006-02-14,EUR,SKK,37.553
2006-02-15,EUR,SKK,37.395
2006-02-16,EUR,SKK,37.37
2006-02-17,EUR,SKK,37.345
2006-02-18,EUR,SKK,37.345
2006-02-19,EUR,SKK,37.345
2006-02-20,EUR,SKK,37.298
2006-02-21,EUR,SKK,37.263
2006-02-22,EUR,SKK,37.445
2006-02-23,EUR,SKK,37.32
2006-02-24,EUR,SKK,37.285
2006-02-25,EUR,SKK,37.285
2006-02-26,EUR,SKK,37.285
2006-02-27,EUR,SKK,37.271
2006-02-28,EUR,SKK,37.108
2006-03-01,EUR,SKK,36.975
2006-03-02,EUR,SKK,36.95
2006-03-03,EUR,SKK,37.16
2006-03-04,EUR,SKK,37.16
2006-03-05,EUR,SKK,37.16
2006-03-06,EUR,SKK,37.178
2006-03-07,EUR,SKK,37.439
2006-03-08,EUR,SKK,37.584
2006-03-09,EUR,SKK,37.527
2006-03-10,EUR,SKK,37.605
2006-03-11,EUR,SKK,37.605
2006-03-12,EUR,SKK,37.605
2006-03-13,EUR,SKK,37.63
2006-03-14,EUR,SKK,37.6
2006-03-15,EUR,SKK,37.508
2006-03-16,EUR,SKK,37.495
2006-03-17,EUR,SKK,37.33
2006-03-18,EUR,SKK,37.33
2006-03-19,EUR,SKK,37.33
2006-03-20,EUR,SKK,37.398
2006-03-21,EUR,SKK,37.473
2006-03-22,EUR,SKK,37.66
2006-03-23,EUR,SKK,37.438
2006-03-24,EUR,SKK,37.583
2006-03-25,EUR,SKK,37.583
2006-03-26,EUR,SKK,37.583
2006-03-27,EUR,SKK,37.565
2006-03-28,EUR,SKK,37.74
2006-03-29,EUR,SKK,37.85
2006-03-30,EUR,SKK,37.67
2006-03-31,EUR,SKK,37.63
2006-04-01,EUR,SKK,37.63
2006-04-02,EUR,SKK,37.63
2006-04-03,EUR,SKK,37.49
2006-04-04,EUR,SKK,37.515
2006-04-05,EUR,SKK,37.519
2006-04-06,EUR,SKK,37.48
2006-04-07,EUR,SKK,37.41
2006-04-08,EUR,SKK,37.41
2006-04-09,EUR,SKK,37.41
2006-04-10,EUR,SKK,37.55
2006-04-11,EUR,SKK,37.365
2006-04-12,EUR,SKK,37.385
2006-04-13,EUR,SKK,37.49
2006-04-14,EUR,SKK,37.49
2006-04-15,EUR,SKK,37.49
2006-04-16,EUR,SKK,37.49
2006-04-17,EUR,SKK,37.49
2006-04-18,EUR,SKK,37.48
2006-04-19,EUR,SKK,37.38
2006-04-20,EUR,SKK,37.235
2006-04-21,EUR,SKK,37.17
2006-04-22,EUR,SKK,37.17
2006-04-23,EUR,SKK,37.17
2006-04-24,EUR,SKK,37.12
2006-04-25,EUR,SKK,37.1
2006-04-26,EUR,SKK,37.26
2006-04-27,EUR,SKK,37.395
2006-04-28,EUR,SKK,37.395
2006-04-29,EUR,SKK,37.395
2006-04-30,EUR,SKK,37.395
2006-05-01,EUR,SKK,37.395
2006-05-02,EUR,SKK,37.325
2006-05-03,EUR,SKK,37.22
2006-05-04,EUR,SKK,37.3
2006-05-05,EUR,SKK,37.31
2006-05-06,EUR,SKK,37.31
2006-05-07,EUR,SKK,37.31
2006-05-08,EUR,SKK,37.313
2006-05-09,EUR,SKK,37.42
2006-05-10,EUR,SKK,37.483
2006-05-11,EUR,SKK,37.359
2006-05-12,EUR,SKK,37.573
2006-05-13,EUR,SKK,37.573
2006-05-14,EUR,SKK,37.573
2006-05-15,EUR,SKK,37.75
2006-05-16,EUR,SKK,37.54
2006-05-17,EUR,SKK,37.513
2006-05-18,EUR,SKK,37.723
2006-05-19,EUR,SKK,37.673
2006-05-20,EUR,SKK,37.673
2006-05-21,EUR,SKK,37.673
2006-05-22,EUR,SKK,37.75
2006-05-23,EUR,SKK,37.765
2006-05-24,EUR,SKK,37.85
2006-05-25,EUR,SKK,37.9
2006-05-26,EUR,SKK,37.75
2006-05-27,EUR,SKK,37.75
2006-05-28,EUR,SKK,37.75
2006-05-29,EUR,SKK,37.735
2006-05-30,EUR,SKK,37.69
2006-05-31,EUR,SKK,37.77
2006-06-01,EUR,SKK,37.8
2006-06-02,EUR,SKK,37.693
2006-06-03,EUR,SKK,37.693
2006-06-04,EUR,SKK,37.693
2006-06-05,EUR,SKK,37.74
2006-06-06,EUR,SKK,37.745
2006-06-07,EUR,SKK,37.725
2006-06-08,EUR,SKK,37.89
2006-06-09,EUR,SKK,37.866
2006-06-10,EUR,SKK,37.866
2006-06-11,EUR,SKK,37.866
2006-06-12,EUR,SKK,37.945
2006-06-13,EUR,SKK,38.1
2006-06-14,EUR,SKK,38.125
2006-06-15,EUR,SKK,38.01
2006-06-16,EUR,SKK,37.99
2006-06-17,EUR,SKK,37.99
2006-06-18,EUR,SKK,37.99
2006-06-19,EUR,SKK,38.13
2006-06-20,EUR,SKK,38.21
2006-06-21,EUR,SKK,38.53
2006-06-22,EUR,SKK,38.272
2006-06-23,EUR,SKK,38.3
2006-06-24,EUR,SKK,38.3
2006-06-25,EUR,SKK,38.3
2006-06-26,EUR,SKK,38.223
2006-06-27,EUR,SKK,38.149
2006-06-28,EUR,SKK,38.243
2006-06-29,EUR,SKK,38.32
2006-06-30,EUR,SKK,38.35
2006-07-01,EUR,SKK,38.35
2006-07-02,EUR,SKK,38.35
2006-07-03,EUR,SKK,38.42
2006-07-04,EUR,SKK,38.385
2006-07-05,EUR,SKK,38.388
2006-07-06,EUR,SKK,38.395
2006-07-07,EUR,SKK,38.4
2006-07-08,EUR,SKK,38.4
2006-07-09,EUR,SKK,38.4
2006-07-10,EUR,SKK,38.435
2006-07-11,EUR,SKK,38.41
2006-07-12,EUR,SKK,38.715
2006-07-13,EUR,SKK,38.633
2006-07-14,EUR,SKK,38.71
2006-07-15,EUR,SKK,38.71
2006-07-16,EUR,SKK,38.71
2006-07-17,EUR,SKK,38.58
2006-07-18,EUR,SKK,38.562
2006-07-19,EUR,SKK,38.594
2006-07-20,EUR,SKK,38.183
2006-07-21,EUR,SKK,38.348
2006-07-22,EUR,SKK,38.348
2006-07-23,EUR,SKK,38.348
2006-07-24,EUR,SKK,38.385
2006-07-25,EUR,SKK,38.07
2006-07-26,EUR,SKK,38.122
2006-07-27,EUR,SKK,38.005
2006-07-28,EUR,SKK,38.075
2006-07-29,EUR,SKK,38.075
2006-07-30,EUR,SKK,38.075
2006-07-31,EUR,SKK,38.11
2006-08-01,EUR,SKK,38.09
2006-08-02,EUR,SKK,38.09
2006-08-03,EUR,SKK,37.96
2006-08-04,EUR,SKK,37.97
2006-08-05,EUR,SKK,37.97
2006-08-06,EUR,SKK,37.97
2006-08-07,EUR,SKK,37.68
2006-08-08,EUR,SKK,37.57
2006-08-09,EUR,SKK,37.355
2006-08-10,EUR,SKK,37.417
2006-08-11,EUR,SKK,37.395
2006-08-12,EUR,SKK,37.395
2006-08-13,EUR,SKK,37.395
2006-08-14,EUR,SKK,37.566
2006-08-15,EUR,SKK,37.54
2006-08-16,EUR,SKK,37.535
2006-08-17,EUR,SKK,37.415
2006-08-18,EUR,SKK,37.533
2006-08-19,EUR,SKK,37.533
2006-08-20,EUR,SKK,37.533
2006-08-21,EUR,SKK,37.653
2006-08-22,EUR,SKK,37.655
2006-08-23,EUR,SKK,37.615
2006-08-24,EUR,SKK,37.775
2006-08-25,EUR,SKK,37.73
2006-08-26,EUR,SKK,37.73
2006-08-27,EUR,SKK,37.73
2006-08-28,EUR,SKK,37.71
2006-08-29,EUR,SKK,37.738
2006-08-30,EUR,SKK,37.752
2006-08-31,EUR,SKK,37.65
2006-09-01,EUR,SKK,37.723
2006-09-02,EUR,SKK,37.723
2006-09-03,EUR,SKK,37.723
2006-09-04,EUR,SKK,37.67
2006-09-05,EUR,SKK,37.596
2006-09-06,EUR,SKK,37.515
2006-09-07,EUR,SKK,37.575
2006-09-08,EUR,SKK,37.575
2006-09-09,EUR,SKK,37.575
2006-09-10,EUR,SKK,37.575
2006-09-11,EUR,SKK,37.575
2006-09-12,EUR,SKK,37.568
2006-09-13,EUR,SKK,37.368
2006-09-14,EUR,SKK,37.408
2006-09-15,EUR,SKK,37.388
2006-09-16,EUR,SKK,37.388
2006-09-17,EUR,SKK,37.388
2006-09-18,EUR,SKK,37.36
2006-09-19,EUR,SKK,37.472
2006-09-20,EUR,SKK,37.465
2006-09-21,EUR,SKK,37.505
2006-09-22,EUR,SKK,37.568
2006-09-23,EUR,SKK,37.568
2006-09-24,EUR,SKK,37.568
2006-09-25,EUR,SKK,37.501
2006-09-26,EUR,SKK,37.4
2006-09-27,EUR,SKK,37.443
2006-09-28,EUR,SKK,37.38
2006-09-29,EUR,SKK,37.385
2006-09-30,EUR,SKK,37.385
2006-10-01,EUR,SKK,37.385
2006-10-02,EUR,SKK,37.385
2006-10-03,EUR,SKK,37.21
2006-10-04,EUR,SKK,37.246
2006-10-05,EUR,SKK,37.15
2006-10-06,EUR,SKK,37.112
2006-10-07,EUR,SKK,37.112
2006-10-08,EUR,SKK,37.112
2006-10-09,EUR,SKK,37.082
2006-10-10,EUR,SKK,37.023
2006-10-11,EUR,SKK,36.87
2006-10-12,EUR,SKK,36.915
2006-10-13,EUR,SKK,36.853
2006-10-14,EUR,SKK,36.853
2006-10-15,EUR,SKK,36.853
2006-10-16,EUR,SKK,36.805
2006-10-17,EUR,SKK,36.833
2006-10-18,EUR,SKK,36.721
2006-10-19,EUR,SKK,36.635
2006-10-20,EUR,SKK,36.58
2006-10-21,EUR,SKK,36.58
2006-10-22,EUR,SKK,36.58
2006-10-23,EUR,SKK,36.603
2006-10-24,EUR,SKK,36.594
2006-10-25,EUR,SKK,36.576
2006-10-26,EUR,SKK,36.381
2006-10-27,EUR,SKK,36.38
2006-10-28,EUR,SKK,36.38
2006-10-29,EUR,SKK,36.38
2006-10-30,EUR,SKK,36.415
2006-10-31,EUR,SKK,36.326
2006-11-01,EUR,SKK,36.275
2006-11-02,EUR,SKK,36.363
2006-11-03,EUR,SKK,36.376
2006-11-04,EUR,SKK,36.376
2006-11-05,EUR,SKK,36.376
2006-11-06,EUR,SKK,36.177
2006-11-07,EUR,SKK,36.125
2006-11-08,EUR,SKK,36.104
2006-11-09,EUR,SKK,36.085
2006-11-10,EUR,SKK,36.198
2006-11-11,EUR,SKK,36.198
2006-11-12,EUR,SKK,36.198
2006-11-13,EUR,SKK,36.095
2006-11-14,EUR,SKK,35.975
2006-11-15,EUR,SKK,35.77
2006-11-16,EUR,SKK,35.767
2006-11-17,EUR,SKK,35.626
2006-11-18,EUR,SKK,35.626
2006-11-19,EUR,SKK,35.626
2006-11-20,EUR,SKK,35.678
2006-11-21,EUR,SKK,35.526
2006-11-22,EUR,SKK,35.656
2006-11-23,EUR,SKK,35.653
2006-11-24,EUR,SKK,35.635
2006-11-25,EUR,SKK,35.635
2006-11-26,EUR,SKK,35.635
2006-11-27,EUR,SKK,35.662
2006-11-28,EUR,SKK,35.641
2006-11-29,EUR,SKK,35.531
2006-11-30,EUR,SKK,35.53
2006-12-01,EUR,SKK,35.538
2006-12-02,EUR,SKK,35.538
2006-12-03,EUR,SKK,35.538
2006-12-04,EUR,SKK,35.55
2006-12-05,EUR,SKK,35.535
2006-12-06,EUR,SKK,35.465
2006-12-07,EUR,SKK,35.46
2006-12-08,EUR,SKK,35.446
2006-12-09,EUR,SKK,35.446
2006-12-10,EUR,SKK,35.446
2006-12-11,EUR,SKK,35.137
2006-12-12,EUR,SKK,35.027
2006-12-13,EUR,SKK,34.775
2006-12-14,EUR,SKK,34.866
2006-12-15,EUR,SKK,34.853
2006-12-16,EUR,SKK,34.853
2006-12-17,EUR,SKK,34.853
2006-12-18,EUR,SKK,34.839
2006-12-19,EUR,SKK,34.88
2006-12-20,EUR,SKK,34.688
2006-12-21,EUR,SKK,34.585
2006-12-22,EUR,SKK,34.378
2006-12-23,EUR,SKK,34.378
2006-12-24,EUR,SKK,34.378
2006-12-25,EUR,SKK,34.378
2006-12-26,EUR,SKK,34.378
2006-12-27,EUR,SKK,34.349
2006-12-28,EUR,SKK,34.561
2006-12-29,EUR,SKK,34.435
2006-12-30,EUR,SKK,34.435
2006-12-31,EUR,SKK,34.435
2007-01-01,EUR,SKK,34.435
2007-01-02,EUR,SKK,34.383
2007-01-03,EUR,SKK,34.321
2007-01-04,EUR,SKK,34.4
2007-01-05,EUR,SKK,34.425
2007-01-06,EUR,SKK,34.425
2007-01-07,EUR,SKK,34.425
2007-01-08,EUR,SKK,34.431
2007-01-09,EUR,SKK,34.335
2007-01-10,EUR,SKK,34.599
2007-01-11,EUR,SKK,34.548
2007-01-12,EUR,SKK,34.698
2007-01-13,EUR,SKK,34.698
2007-01-14,EUR,SKK,34.698
2007-01-15,EUR,SKK,34.815
2007-01-16,EUR,SKK,34.767
2007-01-17,EUR,SKK,35.065
2007-01-18,EUR,SKK,34.837
2007-01-19,EUR,SKK,34.62
2007-01-20,EUR,SKK,34.62
2007-01-21,EUR,SKK,34.62
2007-01-22,EUR,SKK,34.475
2007-01-23,EUR,SKK,34.756
2007-01-24,EUR,SKK,34.97
2007-01-25,EUR,SKK,35.178
2007-01-26,EUR,SKK,35.225
2007-01-27,EUR,SKK,35.225
2007-01-28,EUR,SKK,35.225
2007-01-29,EUR,SKK,35.268
2007-01-30,EUR,SKK,35.278
2007-01-31,EUR,SKK,35.12
2007-02-01,EUR,SKK,34.91
2007-02-02,EUR,SKK,34.877
2007-02-03,EUR,SKK,34.877
2007-02-04,EUR,SKK,34.877
2007-02-05,EUR,SKK,34.799
2007-02-06,EUR,SKK,34.527
2007-02-07,EUR,SKK,34.518
2007-02-08,EUR,SKK,34.583
2007-02-09,EUR,SKK,34.59
2007-02-10,EUR,SKK,34.59
2007-02-11,EUR,SKK,34.59
2007-02-12,EUR,SKK,34.705
2007-02-13,EUR,SKK,34.397
2007-02-14,EUR,SKK,34.358
2007-02-15,EUR,SKK,34.373
2007-02-16,EUR,SKK,34.276
2007-02-17,EUR,SKK,34.276
2007-02-18,EUR,SKK,34.276
2007-02-19,EUR,SKK,34.25
2007-02-20,EUR,SKK,34.32
2007-02-21,EUR,SKK,34.286
2007-02-22,EUR,SKK,34.286
2007-02-23,EUR,SKK,34.356
2007-02-24,EUR,SKK,34.356
2007-02-25,EUR,SKK,34.356
2007-02-26,EUR,SKK,34.478
2007-02-27,EUR,SKK,34.465
2007-02-28,EUR,SKK,34.44
2007-03-01,EUR,SKK,34.436
2007-03-02,EUR,SKK,34.334
2007-03-03,EUR,SKK,34.334
2007-03-04,EUR,SKK,34.334
2007-03-05,EUR,SKK,34.42
2007-03-06,EUR,SKK,34.383
2007-03-07,EUR,SKK,34.33
2007-03-08,EUR,SKK,33.925
2007-03-09,EUR,SKK,34.058
2007-03-10,EUR,SKK,34.058
2007-03-11,EUR,SKK,34.058
2007-03-12,EUR,SKK,34.062
2007-03-13,EUR,SKK,34.063
2007-03-14,EUR,SKK,34.026
2007-03-15,EUR,SKK,33.969
2007-03-16,EUR,SKK,33.961
2007-03-17,EUR,SKK,33.961
2007-03-18,EUR,SKK,33.961
2007-03-19,EUR,SKK,32.898
2007-03-20,EUR,SKK,33.234
2007-03-21,EUR,SKK,33.39
2007-03-22,EUR,SKK,33.355
2007-03-23,EUR,SKK,33.582
2007-03-24,EUR,SKK,33.582
2007-03-25,EUR,SKK,33.582
2007-03-26,EUR,SKK,33.628
2007-03-27,EUR,SKK,33.591
2007-03-28,EUR,SKK,33.518
2007-03-29,EUR,SKK,33.381
2007-03-30,EUR,SKK,33.34
2007-03-31,EUR,SKK,33.34
2007-04-01,EUR,SKK,33.34
2007-04-02,EUR,SKK,33.286
2007-04-03,EUR,SKK,33.267
2007-04-04,EUR,SKK,33.474
2007-04-05,EUR,SKK,33.427
2007-04-06,EUR,SKK,33.427
2007-04-07,EUR,SKK,33.427
2007-04-08,EUR,SKK,33.427
2007-04-09,EUR,SKK,33.427
2007-04-10,EUR,SKK,33.474
2007-04-11,EUR,SKK,33.397
2007-04-12,EUR,SKK,33.428
2007-04-13,EUR,SKK,33.497
2007-04-14,EUR,SKK,33.497
2007-04-15,EUR,SKK,33.497
2007-04-16,EUR,SKK,33.36
2007-04-17,EUR,SKK,33.436
2007-04-18,EUR,SKK,33.458
2007-04-19,EUR,SKK,33.566
2007-04-20,EUR,SKK,33.456
2007-04-21,EUR,SKK,33.456
2007-04-22,EUR,SKK,33.456
2007-04-23,EUR,SKK,33.533
2007-04-24,EUR,SKK,33.655
2007-04-25,EUR,SKK,33.655
2007-04-26,EUR,SKK,33.579
2007-04-27,EUR,SKK,33.655
2007-04-28,EUR,SKK,33.655
2007-04-29,EUR,SKK,33.655
2007-04-30,EUR,SKK,33.727
2007-05-01,EUR,SKK,33.727
2007-05-02,EUR,SKK,33.662
2007-05-03,EUR,SKK,33.618
2007-05-04,EUR,SKK,33.54
2007-05-05,EUR,SKK,33.54
2007-05-06,EUR,SKK,33.54
2007-05-07,EUR,SKK,33.537
2007-05-08,EUR,SKK,33.627
2007-05-09,EUR,SKK,33.579
2007-05-10,EUR,SKK,33.581
2007-05-11,EUR,SKK,33.686
2007-05-12,EUR,SKK,33.686
2007-05-13,EUR,SKK,33.686
2007-05-14,EUR,SKK,33.584
2007-05-15,EUR,SKK,33.662
2007-05-16,EUR,SKK,33.676
2007-05-17,EUR,SKK,33.687
2007-05-18,EUR,SKK,33.742
2007-05-19,EUR,SKK,33.742
2007-05-20,EUR,SKK,33.742
2007-05-21,EUR,SKK,33.694
2007-05-22,EUR,SKK,33.697
2007-05-23,EUR,SKK,33.743
2007-05-24,EUR,SKK,33.787
2007-05-25,EUR,SKK,34.025
2007-05-26,EUR,SKK,34.025
2007-05-27,EUR,SKK,34.025
2007-05-28,EUR,SKK,33.975
2007-05-29,EUR,SKK,34.029
2007-05-30,EUR,SKK,34.085
2007-05-31,EUR,SKK,33.968
2007-06-01,EUR,SKK,33.863
2007-06-02,EUR,SKK,33.863
2007-06-03,EUR,SKK,33.863
2007-06-04,EUR,SKK,33.845
2007-06-05,EUR,SKK,34.034
2007-06-06,EUR,SKK,34.215
2007-06-07,EUR,SKK,34.268
2007-06-08,EUR,SKK,34.398
2007-06-09,EUR,SKK,34.398
2007-06-10,EUR,SKK,34.398
2007-06-11,EUR,SKK,34.277
2007-06-12,EUR,SKK,34.227
2007-06-13,EUR,SKK,34.33
2007-06-14,EUR,SKK,34.315
2007-06-15,EUR,SKK,34.184
2007-06-16,EUR,SKK,34.184
2007-06-17,EUR,SKK,34.184
2007-06-18,EUR,SKK,33.892
2007-06-19,EUR,SKK,33.733
2007-06-20,EUR,SKK,33.743
2007-06-21,EUR,SKK,33.814
2007-06-22,EUR,SKK,33.713
2007-06-23,EUR,SKK,33.713
2007-06-24,EUR,SKK,33.713
2007-06-25,EUR,SKK,33.813
2007-06-26,EUR,SKK,33.947
2007-06-27,EUR,SKK,33.956
2007-06-28,EUR,SKK,33.832
2007-06-29,EUR,SKK,33.635
2007-06-30,EUR,SKK,33.635
2007-07-01,EUR,SKK,33.635
2007-07-02,EUR,SKK,33.561
2007-07-03,EUR,SKK,33.584
2007-07-04,EUR,SKK,33.479
2007-07-05,EUR,SKK,33.495
2007-07-06,EUR,SKK,33.521
2007-07-07,EUR,SKK,33.521
2007-07-08,EUR,SKK,33.521
2007-07-09,EUR,SKK,33.382
2007-07-10,EUR,SKK,33.399
2007-07-11,EUR,SKK,33.377
2007-07-12,EUR,SKK,33.282
2007-07-13,EUR,SKK,33.238
2007-07-14,EUR,SKK,33.238
2007-07-15,EUR,SKK,33.238
2007-07-16,EUR,SKK,33.151
2007-07-17,EUR,SKK,33.161
2007-07-18,EUR,SKK,33.157
2007-07-19,EUR,SKK,33.15
2007-07-20,EUR,SKK,33.136
2007-07-21,EUR,SKK,33.136
2007-07-22,EUR,SKK,33.136
2007-07-23,EUR,SKK,33.113
2007-07-24,EUR,SKK,33.044
2007-07-25,EUR,SKK,33.188
2007-07-26,EUR,SKK,33.353
2007-07-27,EUR,SKK,33.503
2007-07-28,EUR,SKK,33.503
2007-07-29,EUR,SKK,33.503
2007-07-30,EUR,SKK,33.543
2007-07-31,EUR,SKK,33.365
2007-08-01,EUR,SKK,33.476
2007-08-02,EUR,SKK,33.42
2007-08-03,EUR,SKK,33.37
2007-08-04,EUR,SKK,33.37
2007-08-05,EUR,SKK,33.37
2007-08-06,EUR,SKK,33.38
2007-08-07,EUR,SKK,33.39
2007-08-08,EUR,SKK,33.323
2007-08-09,EUR,SKK,33.476
2007-08-10,EUR,SKK,33.53
2007-08-11,EUR,SKK,33.53
2007-08-12,EUR,SKK,33.53
2007-08-13,EUR,SKK,33.416
2007-08-14,EUR,SKK,33.502
2007-08-15,EUR,SKK,33.667
2007-08-16,EUR,SKK,33.8
2007-08-17,EUR,SKK,33.74
2007-08-18,EUR,SKK,33.74
2007-08-19,EUR,SKK,33.74
2007-08-20,EUR,SKK,33.657
2007-08-21,EUR,SKK,33.779
2007-08-22,EUR,SKK,33.761
2007-08-23,EUR,SKK,33.718
2007-08-24,EUR,SKK,33.74
2007-08-25,EUR,SKK,33.74
2007-08-26,EUR,SKK,33.74
2007-08-27,EUR,SKK,33.718
2007-08-28,EUR,SKK,33.754
2007-08-29,EUR,SKK,33.833
2007-08-30,EUR,SKK,33.74
2007-08-31,EUR,SKK,33.689
2007-09-01,EUR,SKK,33.689
2007-09-02,EUR,SKK,33.689
2007-09-03,EUR,SKK,33.727
2007-09-04,EUR,SKK,33.764
2007-09-05,EUR,SKK,33.781
2007-09-06,EUR,SKK,33.765
2007-09-07,EUR,SKK,33.726
2007-09-08,EUR,SKK,33.726
2007-09-09,EUR,SKK,33.726
2007-09-10,EUR,SKK,33.737
2007-09-11,EUR,SKK,33.637
2007-09-12,EUR,SKK,33.635
2007-09-13,EUR,SKK,33.662
2007-09-14,EUR,SKK,33.76
2007-09-15,EUR,SKK,33.76
2007-09-16,EUR,SKK,33.76
2007-09-17,EUR,SKK,33.845
2007-09-18,EUR,SKK,33.866
2007-09-19,EUR,SKK,33.788
2007-09-20,EUR,SKK,33.833
2007-09-21,EUR,SKK,33.925
2007-09-22,EUR,SKK,33.925
2007-09-23,EUR,SKK,33.925
2007-09-24,EUR,SKK,34.135
2007-09-25,EUR,SKK,34.151
2007-09-26,EUR,SKK,34.083
2007-09-27,EUR,SKK,33.881
2007-09-28,EUR,SKK,33.877
2007-09-29,EUR,SKK,33.877
2007-09-30,EUR,SKK,33.877
2007-10-01,EUR,SKK,33.923
2007-10-02,EUR,SKK,33.955
2007-10-03,EUR,SKK,34.229
2007-10-04,EUR,SKK,34.237
2007-10-05,EUR,SKK,33.912
2007-10-06,EUR,SKK,33.912
2007-10-07,EUR,SKK,33.912
2007-10-08,EUR,SKK,33.664
2007-10-09,EUR,SKK,33.577
2007-10-10,EUR,SKK,33.582
2007-10-11,EUR,SKK,33.56
2007-10-12,EUR,SKK,33.627
2007-10-13,EUR,SKK,33.627
2007-10-14,EUR,SKK,33.627
2007-10-15,EUR,SKK,33.549
2007-10-16,EUR,SKK,33.687
2007-10-17,EUR,SKK,33.625
2007-10-18,EUR,SKK,33.548
2007-10-19,EUR,SKK,33.466
2007-10-20,EUR,SKK,33.466
2007-10-21,EUR,SKK,33.466
2007-10-22,EUR,SKK,33.693
2007-10-23,EUR,SKK,33.553
2007-10-24,EUR,SKK,33.437
2007-10-25,EUR,SKK,33.27
2007-10-26,EUR,SKK,33.291
2007-10-27,EUR,SKK,33.291
2007-10-28,EUR,SKK,33.291
2007-10-29,EUR,SKK,33.278
2007-10-30,EUR,SKK,33.351
2007-10-31,EUR,SKK,33.332
2007-11-01,EUR,SKK,33.357
2007-11-02,EUR,SKK,33.27
2007-11-03,EUR,SKK,33.27
2007-11-04,EUR,SKK,33.27
2007-11-05,EUR,SKK,33.29
2007-11-06,EUR,SKK,33.185
2007-11-07,EUR,SKK,33.183
2007-11-08,EUR,SKK,33.122
2007-11-09,EUR,SKK,33.144
2007-11-10,EUR,SKK,33.144
2007-11-11,EUR,SKK,33.144
2007-11-12,EUR,SKK,33.0
2007-11-13,EUR,SKK,32.866
2007-11-14,EUR,SKK,32.927
2007-11-15,EUR,SKK,33.09
2007-11-16,EUR,SKK,33.09
2007-11-17,EUR,SKK,33.09
2007-11-18,EUR,SKK,33.09
2007-11-19,EUR,SKK,33.142
2007-11-20,EUR,SKK,33.203
2007-11-21,EUR,SKK,33.445
2007-11-22,EUR,SKK,33.469
2007-11-23,EUR,SKK,33.569
2007-11-24,EUR,SKK,33.569
2007-11-25,EUR,SKK,33.569
2007-11-26,EUR,SKK,33.434
2007-11-27,EUR,SKK,33.558
2007-11-28,EUR,SKK,33.239
2007-11-29,EUR,SKK,33.37
2007-11-30,EUR,SKK,33.161
2007-12-01,EUR,SKK,33.161
2007-12-02,EUR,SKK,33.161
2007-12-03,EUR,SKK,33.241
2007-12-04,EUR,SKK,33.315
2007-12-05,EUR,SKK,33.26
2007-12-06,EUR,SKK,33.188
2007-12-07,EUR,SKK,33.173
2007-12-08,EUR,SKK,33.173
2007-12-09,EUR,SKK,33.173
2007-12-10,EUR,SKK,33.068
2007-12-11,EUR,SKK,33.098
2007-12-12,EUR,SKK,33.18
2007-12-13,EUR,SKK,33.293
2007-12-14,EUR,SKK,33.399
2007-12-15,EUR,SKK,33.399
2007-12-16,EUR,SKK,33.399
2007-12-17,EUR,SKK,33.555
2007-12-18,EUR,SKK,33.561
2007-12-19,EUR,SKK,33.661
2007-12-20,EUR,SKK,33.624
2007-12-21,EUR,SKK,33.599
2007-12-22,EUR,SKK,33.599
2007-12-23,EUR,SKK,33.599
2007-12-24,EUR,SKK,33.658
2007-12-25,EUR,SKK,33.658
2007-12-26,EUR,SKK,33.658
2007-12-27,EUR,SKK,33.614
2007-12-28,EUR,SKK,33.601
2007-12-29,EUR,SKK,33.601
2007-12-30,EUR,SKK,33.601
2007-12-31,EUR,SKK,33.583
2008-01-01,EUR,SKK,33.583
2008-01-02,EUR,SKK,33.586
2008-01-03,EUR,SKK,33.446
2008-01-04,EUR,SKK,33.339
2008-01-05,EUR,SKK,33.339
2008-01-06,EUR,SKK,33.339
2008-01-07,EUR,SKK,33.418
2008-01-08,EUR,SKK,33.413
2008-01-09,EUR,SKK,33.328
2008-01-10,EUR,SKK,33.314
2008-01-11,EUR,SKK,33.268
2008-01-12,EUR,SKK,33.268
2008-01-13,EUR,SKK,33.268
2008-01-14,EUR,SKK,33.277
2008-01-15,EUR,SKK,33.364
2008-01-16,EUR,SKK,33.465
2008-01-17,EUR,SKK,33.68
2008-01-18,EUR,SKK,33.693
2008-01-19,EUR,SKK,33.693
2008-01-20,EUR,SKK,33.693
2008-01-21,EUR,SKK,33.882
2008-01-22,EUR,SKK,33.948
2008-01-23,EUR,SKK,33.907
2008-01-24,EUR,SKK,33.525
2008-01-25,EUR,SKK,33.489
2008-01-26,EUR,SKK,33.489
2008-01-27,EUR,SKK,33.489
2008-01-28,EUR,SKK,33.585
2008-01-29,EUR,SKK,33.659
2008-01-30,EUR,SKK,33.661
2008-01-31,EUR,SKK,33.775
2008-02-01,EUR,SKK,33.408
2008-02-02,EUR,SKK,33.408
2008-02-03,EUR,SKK,33.408
2008-02-04,EUR,SKK,33.314
2008-02-05,EUR,SKK,33.379
2008-02-06,EUR,SKK,33.4
2008-02-07,EUR,SKK,33.675
2008-02-08,EUR,SKK,33.536
2008-02-09,EUR,SKK,33.536
2008-02-10,EUR,SKK,33.536
2008-02-11,EUR,SKK,33.256
2008-02-12,EUR,SKK,33.11
2008-02-13,EUR,SKK,33.032
2008-02-14,EUR,SKK,32.931
2008-02-15,EUR,SKK,33.019
2008-02-16,EUR,SKK,33.019
2008-02-17,EUR,SKK,33.019
2008-02-18,EUR,SKK,32.9
2008-02-19,EUR,SKK,33.051
2008-02-20,EUR,SKK,33.177
2008-02-21,EUR,SKK,33.06
2008-02-22,EUR,SKK,32.814
2008-02-23,EUR,SKK,32.814
2008-02-24,EUR,SKK,32.814
2008-02-25,EUR,SKK,32.803
2008-02-26,EUR,SKK,32.779
2008-02-27,EUR,SKK,32.817
2008-02-28,EUR,SKK,32.79
2008-02-29,EUR,SKK,32.53
2008-03-01,EUR,SKK,32.53
2008-03-02,EUR,SKK,32.53
2008-03-03,EUR,SKK,32.54
2008-03-04,EUR,SKK,32.38
2008-03-05,EUR,SKK,32.369
2008-03-06,EUR,SKK,32.68
2008-03-07,EUR,SKK,32.617
2008-03-08,EUR,SKK,32.617
2008-03-09,EUR,SKK,32.617
2008-03-10,EUR,SKK,32.379
2008-03-11,EUR,SKK,32.347
2008-03-12,EUR,SKK,32.32
2008-03-13,EUR,SKK,32.309
2008-03-14,EUR,SKK,32.302
2008-03-15,EUR,SKK,32.302
2008-03-16,EUR,SKK,32.302
2008-03-17,EUR,SKK,32.478
2008-03-18,EUR,SKK,32.408
2008-03-19,EUR,SKK,32.524
2008-03-20,EUR,SKK,32.774
2008-03-21,EUR,SKK,32.774
2008-03-22,EUR,SKK,32.774
2008-03-23,EUR,SKK,32.774
2008-03-24,EUR,SKK,32.774
2008-03-25,EUR,SKK,32.663
2008-03-26,EUR,SKK,32.633
2008-03-27,EUR,SKK,32.556
2008-03-28,EUR,SKK,32.612
2008-03-29,EUR,SKK,32.612
2008-03-30,EUR,SKK,32.612
2008-03-31,EUR,SKK,32.582
2008-04-01,EUR,SKK,32.475
2008-04-02,EUR,SKK,32.453
2008-04-03,EUR,SKK,32.403
2008-04-04,EUR,SKK,32.431
2008-04-05,EUR,SKK,32.431
2008-04-06,EUR,SKK,32.431
2008-04-07,EUR,SKK,32.388
2008-04-08,EUR,SKK,32.386
2008-04-09,EUR,SKK,32.402
2008-04-10,EUR,SKK,32.334
2008-04-11,EUR,SKK,32.414
2008-04-12,EUR,SKK,32.414
2008-04-13,EUR,SKK,32.414
2008-04-14,EUR,SKK,32.302
2008-04-15,EUR,SKK,32.334
2008-04-16,EUR,SKK,32.355
2008-04-17,EUR,SKK,32.442
2008-04-18,EUR,SKK,32.431
2008-04-19,EUR,SKK,32.431
2008-04-20,EUR,SKK,32.431
2008-04-21,EUR,SKK,32.445
2008-04-22,EUR,SKK,32.341
2008-04-23,EUR,SKK,32.355
2008-04-24,EUR,SKK,32.406
2008-04-25,EUR,SKK,32.415
2008-04-26,EUR,SKK,32.415
2008-04-27,EUR,SKK,32.415
2008-04-28,EUR,SKK,32.252
2008-04-29,EUR,SKK,32.238
2008-04-30,EUR,SKK,32.229
2008-05-01,EUR,SKK,32.229
2008-05-02,EUR,SKK,32.237
2008-05-03,EUR,SKK,32.237
2008-05-04,EUR,SKK,32.237
2008-05-05,EUR,SKK,32.243
2008-05-06,EUR,SKK,32.158
2008-05-07,EUR,SKK,32.05
2008-05-08,EUR,SKK,32.05
2008-05-09,EUR,SKK,31.992
2008-05-10,EUR,SKK,31.992
2008-05-11,EUR,SKK,31.992
2008-05-12,EUR,SKK,31.775
2008-05-13,EUR,SKK,31.71
2008-05-14,EUR,SKK,31.72
2008-05-15,EUR,SKK,31.645
2008-05-16,EUR,SKK,31.525
2008-05-17,EUR,SKK,31.525
2008-05-18,EUR,SKK,31.525
2008-05-19,EUR,SKK,31.482
2008-05-20,EUR,SKK,31.324
2008-05-21,EUR,SKK,31.215
2008-05-22,EUR,SKK,31.147
2008-05-23,EUR,SKK,31.075
2008-05-24,EUR,SKK,31.075
2008-05-25,EUR,SKK,31.075
2008-05-26,EUR,SKK,31.145
2008-05-27,EUR,SKK,31.105
2008-05-28,EUR,SKK,30.662
2008-05-29,EUR,SKK,30.24
2008-05-30,EUR,SKK,30.28
2008-05-31,EUR,SKK,30.28
2008-06-01,EUR,SKK,30.28
2008-06-02,EUR,SKK,30.331
2008-06-03,EUR,SKK,30.36
2008-06-04,EUR,SKK,30.325
2008-06-05,EUR,SKK,30.325
2008-06-06,EUR,SKK,30.348
2008-06-07,EUR,SKK,30.348
2008-06-08,EUR,SKK,30.348
2008-06-09,EUR,SKK,30.338
2008-06-10,EUR,SKK,30.28
2008-06-11,EUR,SKK,30.305
2008-06-12,EUR,SKK,30.32
2008-06-13,EUR,SKK,30.3
2008-06-14,EUR,SKK,30.3
2008-06-15,EUR,SKK,30.3
2008-06-16,EUR,SKK,30.305
2008-06-17,EUR,SKK,30.31
2008-06-18,EUR,SKK,30.36
2008-06-19,EUR,SKK,30.355
2008-06-20,EUR,SKK,30.35
2008-06-21,EUR,SKK,30.35
2008-06-22,EUR,SKK,30.35
2008-06-23,EUR,SKK,30.347
2008-06-24,EUR,SKK,30.344
2008-06-25,EUR,SKK,30.335
2008-06-26,EUR,SKK,30.316
2008-06-27,EUR,SKK,30.31
2008-06-28,EUR,SKK,30.31
2008-06-29,EUR,SKK,30.31
2008-06-30,EUR,SKK,30.205
2008-07-01,EUR,SKK,30.196
2008-07-02,EUR,SKK,30.302
2008-07-03,EUR,SKK,30.3
2008-07-04,EUR,SKK,30.27
2008-07-05,EUR,SKK,30.27
2008-07-06,EUR,SKK,30.27
2008-07-07,EUR,SKK,30.245
2008-07-08,EUR,SKK,30.265
2008-07-09,EUR,SKK,30.278
2008-07-10,EUR,SKK,30.289
2008-07-11,EUR,SKK,30.29
2008-07-12,EUR,SKK,30.29
2008-07-13,EUR,SKK,30.29
2008-07-14,EUR,SKK,30.295
2008-07-15,EUR,SKK,30.305
2008-07-16,EUR,SKK,30.302
2008-07-17,EUR,SKK,30.318
2008-07-18,EUR,SKK,30.335
2008-07-19,EUR,SKK,30.335
2008-07-20,EUR,SKK,30.335
2008-07-21,EUR,SKK,30.33
2008-07-22,EUR,SKK,30.363
2008-07-23,EUR,SKK,30.353
2008-07-24,EUR,SKK,30.364
2008-07-25,EUR,SKK,30.385
2008-07-26,EUR,SKK,30.385
2008-07-27,EUR,SKK,30.385
2008-07-28,EUR,SKK,30.39
2008-07-29,EUR,SKK,30.385
2008-07-30,EUR,SKK,30.395
2008-07-31,EUR,SKK,30.371
2008-08-01,EUR,SKK,30.375
2008-08-02,EUR,SKK,30.375
2008-08-03,EUR,SKK,30.375
2008-08-04,EUR,SKK,30.385
2008-08-05,EUR,SKK,30.375
2008-08-06,EUR,SKK,30.375
2008-08-07,EUR,SKK,30.363
2008-08-08,EUR,SKK,30.346
2008-08-09,EUR,SKK,30.346
2008-08-10,EUR,SKK,30.346
2008-08-11,EUR,SKK,30.361
2008-08-12,EUR,SKK,30.343
2008-08-13,EUR,SKK,30.337
2008-08-14,EUR,SKK,30.325
2008-08-15,EUR,SKK,30.305
2008-08-16,EUR,SKK,30.305
2008-08-17,EUR,SKK,30.305
2008-08-18,EUR,SKK,30.31
2008-08-19,EUR,SKK,30.306
2008-08-20,EUR,SKK,30.311
2008-08-21,EUR,SKK,30.307
2008-08-22,EUR,SKK,30.308
2008-08-23,EUR,SKK,30.308
2008-08-24,EUR,SKK,30.308
2008-08-25,EUR,SKK,30.315
2008-08-26,EUR,SKK,30.304
2008-08-27,EUR,SKK,30.315
2008-08-28,EUR,SKK,30.307
2008-08-29,EUR,SKK,30.336
2008-08-30,EUR,SKK,30.336
2008-08-31,EUR,SKK,30.336
2008-09-01,EUR,SKK,30.335
2008-09-02,EUR,SKK,30.29
2008-09-03,EUR,SKK,30.285
2008-09-04,EUR,SKK,30.278
2008-09-05,EUR,SKK,30.281
2008-09-06,EUR,SKK,30.281
2008-09-07,EUR,SKK,30.281
2008-09-08,EUR,SKK,30.29
2008-09-09,EUR,SKK,30.265
2008-09-10,EUR,SKK,30.265
2008-09-11,EUR,SKK,30.28
2008-09-12,EUR,SKK,30.26
2008-09-13,EUR,SKK,30.26
2008-09-14,EUR,SKK,30.26
2008-09-15,EUR,SKK,30.27
2008-09-16,EUR,SKK,30.26
2008-09-17,EUR,SKK,30.255
2008-09-18,EUR,SKK,30.275
2008-09-19,EUR,SKK,30.275
2008-09-20,EUR,SKK,30.275
2008-09-21,EUR,SKK,30.275
2008-09-22,EUR,SKK,30.29
2008-09-23,EUR,SKK,30.285
2008-09-24,EUR,SKK,30.3
2008-09-25,EUR,SKK,30.29
2008-09-26,EUR,SKK,30.291
2008-09-27,EUR,SKK,30.291
2008-09-28,EUR,SKK,30.291
2008-09-29,EUR,SKK,30.305
2008-09-30,EUR,SKK,30.3
2008-10-01,EUR,SKK,30.304
2008-10-02,EUR,SKK,30.331
2008-10-03,EUR,SKK,30.329
2008-10-04,EUR,SKK,30.329
2008-10-05,EUR,SKK,30.329
2008-10-06,EUR,SKK,30.355
2008-10-07,EUR,SKK,30.395
2008-10-08,EUR,SKK,30.38
2008-10-09,EUR,SKK,30.415
2008-10-10,EUR,SKK,30.695
2008-10-11,EUR,SKK,30.695
2008-10-12,EUR,SKK,30.695
2008-10-13,EUR,SKK,30.56
2008-10-14,EUR,SKK,30.455
2008-10-15,EUR,SKK,30.475
2008-10-16,EUR,SKK,30.545
2008-10-17,EUR,SKK,30.515
2008-10-18,EUR,SKK,30.515
2008-10-19,EUR,SKK,30.515
2008-10-20,EUR,SKK,30.465
2008-10-21,EUR,SKK,30.467
2008-10-22,EUR,SKK,30.475
2008-10-23,EUR,SKK,30.575
2008-10-24,EUR,SKK,30.505
2008-10-25,EUR,SKK,30.505
2008-10-26,EUR,SKK,30.505
2008-10-27,EUR,SKK,30.53
2008-10-28,EUR,SKK,30.479
2008-10-29,EUR,SKK,30.476
2008-10-30,EUR,SKK,30.39
2008-10-31,EUR,SKK,30.445
2008-11-01,EUR,SKK,30.445
2008-11-02,EUR,SKK,30.445
2008-11-03,EUR,SKK,30.4
2008-11-04,EUR,SKK,30.333
2008-11-05,EUR,SKK,30.345
2008-11-06,EUR,SKK,30.31
2008-11-07,EUR,SKK,30.394
2008-11-08,EUR,SKK,30.394
2008-11-09,EUR,SKK,30.394
2008-11-10,EUR,SKK,30.425
2008-11-11,EUR,SKK,30.46
2008-11-12,EUR,SKK,30.495
2008-11-13,EUR,SKK,30.41
2008-11-14,EUR,SKK,30.42
2008-11-15,EUR,SKK,30.42
2008-11-16,EUR,SKK,30.42
2008-11-17,EUR,SKK,30.4
2008-11-18,EUR,SKK,30.38
2008-11-19,EUR,SKK,30.39
2008-11-20,EUR,SKK,30.38
2008-11-21,EUR,SKK,30.404
2008-11-22,EUR,SKK,30.404
2008-11-23,EUR,SKK,30.404
2008-11-24,EUR,SKK,30.4
2008-11-25,EUR,SKK,30.342
2008-11-26,EUR,SKK,30.355
2008-11-27,EUR,SKK,30.334
2008-11-28,EUR,SKK,30.322
2008-11-29,EUR,SKK,30.322
2008-11-30,EUR,SKK,30.322
2008-12-01,EUR,SKK,30.312
2008-12-02,EUR,SKK,30.265
2008-12-03,EUR,SKK,30.225
2008-12-04,EUR,SKK,30.195
2008-12-05,EUR,SKK,30.19
2008-12-06,EUR,SKK,30.19
2008-12-07,EUR,SKK,30.19
2008-12-08,EUR,SKK,30.195
2008-12-09,EUR,SKK,30.181
2008-12-10,EUR,SKK,30.189
2008-12-11,EUR,SKK,30.175
2008-12-12,EUR,SKK,30.17
2008-12-13,EUR,SKK,30.17
2008-12-14,EUR,SKK,30.17
2008-12-15,EUR,SKK,30.161
2008-12-16,EUR,SKK,30.18
2008-12-17,EUR,SKK,30.197
2008-12-18,EUR,SKK,30.18
2008-12-19,EUR,SKK,30.23
2008-12-20,EUR,SKK,30.23
2008-12-21,EUR,SKK,30.23
2008-12-22,EUR,SKK,30.175
2008-12-23,EUR,SKK,30.23
2008-12-24,EUR,SKK,30.22
2008-12-25,EUR,SKK,30.22
2008-12-26,EUR,SKK,30.22
2008-12-27,EUR,SKK,30.22
2008-12-28,EUR,SKK,30.22
2008-12-29,EUR,SKK,30.17
2008-12-30,EUR,SKK,30.145
2008-12-31,EUR,SKK,30.126
