2021-01-01,GBP,QAR,0.20349192137072158
2021-01-02,GBP,QAR,0.20349192137072158
2021-01-03,GBP,QAR,0.20349192137072158
2021-01-04,GBP,QAR,0.20349192137072158
2021-01-05,GBP,QAR,0.20349192137072158
2021-01-06,GBP,QAR,0.20349192137072158
2021-01-07,GBP,QAR,0.20349192137072158
2021-01-08,GBP,QAR,0.20349192137072158
2021-01-09,GBP,QAR,0.20349192137072158
2021-01-10,GBP,QAR,0.20349192137072158
2021-01-11,GBP,QAR,0.20349192137072158
2021-01-12,GBP,QAR,0.20349192137072158
2021-01-13,GBP,QAR,0.20349192137072158
2021-01-14,GBP,QAR,0.20349192137072158
2021-01-15,GBP,QAR,0.20349192137072158
2021-01-16,GBP,QAR,0.20349192137072158
2021-01-17,GBP,QAR,0.20349192137072158
2021-01-18,GBP,QAR,0.20349192137072158
2021-01-19,GBP,QAR,0.20349192137072158
2021-01-20,GBP,QAR,0.20349192137072158
2021-01-21,GBP,QAR,0.20349192137072158
2021-01-22,GBP,QAR,0.20349192137072158
2021-01-23,GBP,QAR,0.20349192137072158
2021-01-24,GBP,QAR,0.20349192137072158
2021-01-25,GBP,QAR,0.20349192137072158
2021-01-26,GBP,QAR,0.20349192137072158
2021-01-27,GBP,QAR,0.20349192137072158
2021-01-28,GBP,QAR,0.20349192137072158
2021-01-29,GBP,QAR,0.20349192137072158
2021-01-30,GBP,QAR,0.20349192137072158
2021-01-31,GBP,QAR,0.20349192137072158
2021-02-01,GBP,QAR,0.20147885479418934
2021-02-02,GBP,QAR,0.20147885479418934
2021-02-03,GBP,QAR,0.20147885479418934
2021-02-04,GBP,QAR,0.20147885479418934
2021-02-05,GBP,QAR,0.20147885479418934
2021-02-06,GBP,QAR,0.20147885479418934
2021-02-07,GBP,QAR,0.20147885479418934
2021-02-08,GBP,QAR,0.20147885479418934
2021-02-09,GBP,QAR,0.20147885479418934
2021-02-10,GBP,QAR,0.20147885479418934
2021-02-11,GBP,QAR,0.20147885479418934
2021-02-12,GBP,QAR,0.20147885479418934
2021-02-13,GBP,QAR,0.20147885479418934
2021-02-14,GBP,QAR,0.20147885479418934
2021-02-15,GBP,QAR,0.20147885479418934
2021-02-16,GBP,QAR,0.20147885479418934
2021-02-17,GBP,QAR,0.20147885479418934
2021-02-18,GBP,QAR,0.20147885479418934
2021-02-19,GBP,QAR,0.20147885479418934
2021-02-20,GBP,QAR,0.20147885479418934
2021-02-21,GBP,QAR,0.20147885479418934
2021-02-22,GBP,QAR,0.20147885479418934
2021-02-23,GBP,QAR,0.20147885479418934
2021-02-24,GBP,QAR,0.20147885479418934
2021-02-25,GBP,QAR,0.20147885479418934
2021-02-26,GBP,QAR,0.20147885479418934
2021-02-27,GBP,QAR,0.20147885479418934
2021-02-28,GBP,QAR,0.20147885479418934
2021-03-01,GBP,QAR,0.19546520719311963
2021-03-02,GBP,QAR,0.19546520719311963
2021-03-03,GBP,QAR,0.19546520719311963
2021-03-04,GBP,QAR,0.19546520719311963
2021-03-05,GBP,QAR,0.19546520719311963
2021-03-06,GBP,QAR,0.19546520719311963
2021-03-07,GBP,QAR,0.19546520719311963
2021-03-08,GBP,QAR,0.19546520719311963
2021-03-09,GBP,QAR,0.19546520719311963
2021-03-10,GBP,QAR,0.19546520719311963
2021-03-11,GBP,QAR,0.19546520719311963
2021-03-12,GBP,QAR,0.19546520719311963
2021-03-13,GBP,QAR,0.19546520719311963
2021-03-14,GBP,QAR,0.19546520719311963
2021-03-15,GBP,QAR,0.19546520719311963
2021-03-16,GBP,QAR,0.19546520719311963
2021-03-17,GBP,QAR,0.19546520719311963
2021-03-18,GBP,QAR,0.19546520719311963
2021-03-19,GBP,QAR,0.19546520719311963
2021-03-20,GBP,QAR,0.19546520719311963
2021-03-21,GBP,QAR,0.19546520719311963
2021-03-22,GBP,QAR,0.19546520719311963
2021-03-23,GBP,QAR,0.19546520719311963
2021-03-24,GBP,QAR,0.19546520719311963
2021-03-25,GBP,QAR,0.19546520719311963
2021-03-26,GBP,QAR,0.19546520719311963
2021-03-27,GBP,QAR,0.19546520719311963
2021-03-28,GBP,QAR,0.19546520719311963
2021-03-29,GBP,QAR,0.19546520719311963
2021-03-30,GBP,QAR,0.19546520719311963
2021-03-31,GBP,QAR,0.19546520719311963
2021-04-01,GBP,QAR,0.20016814123864046
2021-04-02,GBP,QAR,0.20016814123864046
2021-04-03,GBP,QAR,0.20016814123864046
2021-04-04,GBP,QAR,0.20016814123864046
2021-04-05,GBP,QAR,0.20016814123864046
2021-04-06,GBP,QAR,0.20016814123864046
2021-04-07,GBP,QAR,0.20016814123864046
2021-04-08,GBP,QAR,0.20016814123864046
2021-04-09,GBP,QAR,0.20016814123864046
2021-04-10,GBP,QAR,0.20016814123864046
2021-04-11,GBP,QAR,0.20016814123864046
2021-04-12,GBP,QAR,0.20016814123864046
2021-04-13,GBP,QAR,0.20016814123864046
2021-04-14,GBP,QAR,0.20016814123864046
2021-04-15,GBP,QAR,0.20016814123864046
2021-04-16,GBP,QAR,0.20016814123864046
2021-04-17,GBP,QAR,0.20016814123864046
2021-04-18,GBP,QAR,0.20016814123864046
2021-04-19,GBP,QAR,0.20016814123864046
2021-04-20,GBP,QAR,0.20016814123864046
2021-04-21,GBP,QAR,0.20016814123864046
2021-04-22,GBP,QAR,0.20016814123864046
2021-04-23,GBP,QAR,0.20016814123864046
2021-04-24,GBP,QAR,0.20016814123864046
2021-04-25,GBP,QAR,0.20016814123864046
2021-04-26,GBP,QAR,0.20016814123864046
2021-04-27,GBP,QAR,0.20016814123864046
2021-04-28,GBP,QAR,0.20016814123864046
2021-04-29,GBP,QAR,0.20016814123864046
2021-04-30,GBP,QAR,0.20016814123864046
2021-05-01,GBP,QAR,0.19717254569473747
2021-05-02,GBP,QAR,0.19717254569473747
2021-05-03,GBP,QAR,0.19717254569473747
2021-05-04,GBP,QAR,0.19717254569473747
2021-05-05,GBP,QAR,0.19717254569473747
2021-05-06,GBP,QAR,0.19717254569473747
2021-05-07,GBP,QAR,0.19717254569473747
2021-05-08,GBP,QAR,0.19717254569473747
2021-05-09,GBP,QAR,0.19717254569473747
2021-05-10,GBP,QAR,0.19717254569473747
2021-05-11,GBP,QAR,0.19717254569473747
2021-05-12,GBP,QAR,0.19717254569473747
2021-05-13,GBP,QAR,0.19717254569473747
2021-05-14,GBP,QAR,0.19717254569473747
2021-05-15,GBP,QAR,0.19717254569473747
2021-05-16,GBP,QAR,0.19717254569473747
2021-05-17,GBP,QAR,0.19717254569473747
2021-05-18,GBP,QAR,0.19717254569473747
2021-05-19,GBP,QAR,0.19717254569473747
2021-05-20,GBP,QAR,0.19717254569473747
2021-05-21,GBP,QAR,0.19717254569473747
2021-05-22,GBP,QAR,0.19717254569473747
2021-05-23,GBP,QAR,0.19717254569473747
2021-05-24,GBP,QAR,0.19717254569473747
2021-05-25,GBP,QAR,0.19717254569473747
2021-05-26,GBP,QAR,0.19717254569473747
2021-05-27,GBP,QAR,0.19717254569473747
2021-05-28,GBP,QAR,0.19717254569473747
2021-05-29,GBP,QAR,0.19717254569473747
2021-05-30,GBP,QAR,0.19717254569473747
2021-05-31,GBP,QAR,0.19717254569473747
2021-06-01,GBP,QAR,0.1941219862561634
2021-06-02,GBP,QAR,0.1941219862561634
2021-06-03,GBP,QAR,0.1941219862561634
2021-06-04,GBP,QAR,0.1941219862561634
2021-06-05,GBP,QAR,0.1941219862561634
2021-06-06,GBP,QAR,0.1941219862561634
2021-06-07,GBP,QAR,0.1941219862561634
2021-06-08,GBP,QAR,0.1941219862561634
2021-06-09,GBP,QAR,0.1941219862561634
2021-06-10,GBP,QAR,0.1941219862561634
2021-06-11,GBP,QAR,0.1941219862561634
2021-06-12,GBP,QAR,0.1941219862561634
2021-06-13,GBP,QAR,0.1941219862561634
2021-06-14,GBP,QAR,0.1941219862561634
2021-06-15,GBP,QAR,0.1941219862561634
2021-06-16,GBP,QAR,0.1941219862561634
2021-06-17,GBP,QAR,0.1941219862561634
2021-06-18,GBP,QAR,0.1941219862561634
2021-06-19,GBP,QAR,0.1941219862561634
2021-06-20,GBP,QAR,0.1941219862561634
2021-06-21,GBP,QAR,0.1941219862561634
2021-06-22,GBP,QAR,0.1941219862561634
2021-06-23,GBP,QAR,0.1941219862561634
2021-06-24,GBP,QAR,0.1941219862561634
2021-06-25,GBP,QAR,0.1941219862561634
2021-06-26,GBP,QAR,0.1941219862561634
2021-06-27,GBP,QAR,0.1941219862561634
2021-06-28,GBP,QAR,0.1941219862561634
2021-06-29,GBP,QAR,0.1941219862561634
2021-06-30,GBP,QAR,0.1941219862561634
2021-07-01,GBP,QAR,0.19657951641438964
2021-07-02,GBP,QAR,0.19657951641438964
2021-07-03,GBP,QAR,0.19657951641438964
2021-07-04,GBP,QAR,0.19657951641438964
2021-07-05,GBP,QAR,0.19657951641438964
2021-07-06,GBP,QAR,0.19657951641438964
2021-07-07,GBP,QAR,0.19657951641438964
2021-07-08,GBP,QAR,0.19657951641438964
2021-07-09,GBP,QAR,0.19657951641438964
2021-07-10,GBP,QAR,0.19657951641438964
2021-07-11,GBP,QAR,0.19657951641438964
2021-07-12,GBP,QAR,0.19657951641438964
2021-07-13,GBP,QAR,0.19657951641438964
2021-07-14,GBP,QAR,0.19657951641438964
2021-07-15,GBP,QAR,0.19657951641438964
2021-07-16,GBP,QAR,0.19657951641438964
2021-07-17,GBP,QAR,0.19657951641438964
2021-07-18,GBP,QAR,0.19657951641438964
2021-07-19,GBP,QAR,0.19657951641438964
2021-07-20,GBP,QAR,0.19657951641438964
2021-07-21,GBP,QAR,0.19657951641438964
2021-07-22,GBP,QAR,0.19657951641438964
2021-07-23,GBP,QAR,0.19657951641438964
2021-07-24,GBP,QAR,0.19657951641438964
2021-07-25,GBP,QAR,0.19657951641438964
2021-07-26,GBP,QAR,0.19657951641438964
2021-07-27,GBP,QAR,0.19657951641438964
2021-07-28,GBP,QAR,0.19657951641438964
2021-07-29,GBP,QAR,0.19657951641438964
2021-07-30,GBP,QAR,0.19657951641438964
2021-07-31,GBP,QAR,0.19657951641438964
2021-08-01,GBP,QAR,0.2008475767739862
2021-08-02,GBP,QAR,0.2008475767739862
2021-08-03,GBP,QAR,0.2008475767739862
2021-08-04,GBP,QAR,0.2008475767739862
2021-08-05,GBP,QAR,0.2008475767739862
2021-08-06,GBP,QAR,0.2008475767739862
2021-08-07,GBP,QAR,0.2008475767739862
2021-08-08,GBP,QAR,0.2008475767739862
2021-08-09,GBP,QAR,0.2008475767739862
2021-08-10,GBP,QAR,0.2008475767739862
2021-08-11,GBP,QAR,0.2008475767739862
2021-08-12,GBP,QAR,0.2008475767739862
2021-08-13,GBP,QAR,0.2008475767739862
2021-08-14,GBP,QAR,0.2008475767739862
2021-08-15,GBP,QAR,0.2008475767739862
2021-08-16,GBP,QAR,0.2008475767739862
2021-08-17,GBP,QAR,0.2008475767739862
2021-08-18,GBP,QAR,0.2008475767739862
2021-08-19,GBP,QAR,0.2008475767739862
2021-08-20,GBP,QAR,0.2008475767739862
2021-08-21,GBP,QAR,0.2008475767739862
2021-08-22,GBP,QAR,0.2008475767739862
2021-08-23,GBP,QAR,0.2008475767739862
2021-08-24,GBP,QAR,0.2008475767739862
2021-08-25,GBP,QAR,0.2008475767739862
2021-08-26,GBP,QAR,0.2008475767739862
2021-08-27,GBP,QAR,0.2008475767739862
2021-08-28,GBP,QAR,0.2008475767739862
2021-08-29,GBP,QAR,0.2008475767739862
2021-08-30,GBP,QAR,0.2008475767739862
2021-08-31,GBP,QAR,0.2008475767739862
2021-09-01,GBP,QAR,0.1996446325540538
2021-09-02,GBP,QAR,0.1996446325540538
2021-09-03,GBP,QAR,0.1996446325540538
2021-09-04,GBP,QAR,0.1996446325540538
2021-09-05,GBP,QAR,0.1996446325540538
2021-09-06,GBP,QAR,0.1996446325540538
2021-09-07,GBP,QAR,0.1996446325540538
2021-09-08,GBP,QAR,0.1996446325540538
2021-09-09,GBP,QAR,0.1996446325540538
2021-09-10,GBP,QAR,0.1996446325540538
2021-09-11,GBP,QAR,0.1996446325540538
2021-09-12,GBP,QAR,0.1996446325540538
2021-09-13,GBP,QAR,0.1996446325540538
2021-09-14,GBP,QAR,0.1996446325540538
2021-09-15,GBP,QAR,0.1996446325540538
2021-09-16,GBP,QAR,0.1996446325540538
2021-09-17,GBP,QAR,0.1996446325540538
2021-09-18,GBP,QAR,0.1996446325540538
2021-09-19,GBP,QAR,0.1996446325540538
2021-09-20,GBP,QAR,0.1996446325540538
2021-09-21,GBP,QAR,0.1996446325540538
2021-09-22,GBP,QAR,0.1996446325540538
2021-09-23,GBP,QAR,0.1996446325540538
2021-09-24,GBP,QAR,0.1996446325540538
2021-09-25,GBP,QAR,0.1996446325540538
2021-09-26,GBP,QAR,0.1996446325540538
2021-09-27,GBP,QAR,0.1996446325540538
2021-09-28,GBP,QAR,0.1996446325540538
2021-09-29,GBP,QAR,0.1996446325540538
2021-09-30,GBP,QAR,0.1996446325540538
2021-10-01,GBP,QAR,0.2012760904132198
2021-10-02,GBP,QAR,0.2012760904132198
2021-10-03,GBP,QAR,0.2012760904132198
2021-10-04,GBP,QAR,0.2012760904132198
2021-10-05,GBP,QAR,0.2012760904132198
2021-10-06,GBP,QAR,0.2012760904132198
2021-10-07,GBP,QAR,0.2012760904132198
2021-10-08,GBP,QAR,0.2012760904132198
2021-10-09,GBP,QAR,0.2012760904132198
2021-10-10,GBP,QAR,0.2012760904132198
2021-10-11,GBP,QAR,0.2012760904132198
2021-10-12,GBP,QAR,0.2012760904132198
2021-10-13,GBP,QAR,0.2012760904132198
2021-10-14,GBP,QAR,0.2012760904132198
2021-10-15,GBP,QAR,0.2012760904132198
2021-10-16,GBP,QAR,0.2012760904132198
2021-10-17,GBP,QAR,0.2012760904132198
2021-10-18,GBP,QAR,0.2012760904132198
2021-10-19,GBP,QAR,0.2012760904132198
2021-10-20,GBP,QAR,0.2012760904132198
2021-10-21,GBP,QAR,0.2012760904132198
2021-10-22,GBP,QAR,0.2012760904132198
2021-10-23,GBP,QAR,0.2012760904132198
2021-10-24,GBP,QAR,0.2012760904132198
2021-10-25,GBP,QAR,0.2012760904132198
2021-10-26,GBP,QAR,0.2012760904132198
2021-10-27,GBP,QAR,0.2012760904132198
2021-10-28,GBP,QAR,0.2012760904132198
2021-10-29,GBP,QAR,0.2012760904132198
2021-10-30,GBP,QAR,0.2012760904132198
2021-10-31,GBP,QAR,0.2012760904132198
2021-11-01,GBP,QAR,0.19874788830368675
2021-11-02,GBP,QAR,0.19874788830368675
2021-11-03,GBP,QAR,0.19874788830368675
2021-11-04,GBP,QAR,0.19874788830368675
2021-11-05,GBP,QAR,0.19874788830368675
2021-11-06,GBP,QAR,0.19874788830368675
2021-11-07,GBP,QAR,0.19874788830368675
2021-11-08,GBP,QAR,0.19874788830368675
2021-11-09,GBP,QAR,0.19874788830368675
2021-11-10,GBP,QAR,0.19874788830368675
2021-11-11,GBP,QAR,0.19874788830368675
2021-11-12,GBP,QAR,0.19874788830368675
2021-11-13,GBP,QAR,0.19874788830368675
2021-11-14,GBP,QAR,0.19874788830368675
2021-11-15,GBP,QAR,0.19874788830368675
2021-11-16,GBP,QAR,0.19874788830368675
2021-11-17,GBP,QAR,0.19874788830368675
2021-11-18,GBP,QAR,0.19874788830368675
2021-11-19,GBP,QAR,0.19874788830368675
2021-11-20,GBP,QAR,0.19874788830368675
2021-11-21,GBP,QAR,0.19874788830368675
2021-11-22,GBP,QAR,0.19874788830368675
2021-11-23,GBP,QAR,0.19874788830368675
2021-11-24,GBP,QAR,0.19874788830368675
2021-11-25,GBP,QAR,0.19874788830368675
2021-11-26,GBP,QAR,0.19874788830368675
2021-11-27,GBP,QAR,0.19874788830368675
2021-11-28,GBP,QAR,0.19874788830368675
2021-11-29,GBP,QAR,0.19874788830368675
2021-11-30,GBP,QAR,0.19874788830368675
2021-12-01,GBP,QAR,0.2039442824220423
2021-12-02,GBP,QAR,0.2039442824220423
2021-12-03,GBP,QAR,0.2039442824220423
2021-12-04,GBP,QAR,0.2039442824220423
2021-12-05,GBP,QAR,0.2039442824220423
2021-12-06,GBP,QAR,0.2039442824220423
2021-12-07,GBP,QAR,0.2039442824220423
2021-12-08,GBP,QAR,0.2039442824220423
2021-12-09,GBP,QAR,0.2039442824220423
2021-12-10,GBP,QAR,0.2039442824220423
2021-12-11,GBP,QAR,0.2039442824220423
2021-12-12,GBP,QAR,0.2039442824220423
2021-12-13,GBP,QAR,0.2039442824220423
2021-12-14,GBP,QAR,0.2039442824220423
2021-12-15,GBP,QAR,0.2039442824220423
2021-12-16,GBP,QAR,0.2039442824220423
2021-12-17,GBP,QAR,0.2039442824220423
2021-12-18,GBP,QAR,0.2039442824220423
2021-12-19,GBP,QAR,0.2039442824220423
2021-12-20,GBP,QAR,0.2039442824220423
2021-12-21,GBP,QAR,0.2039442824220423
2021-12-22,GBP,QAR,0.2039442824220423
2021-12-23,GBP,QAR,0.2039442824220423
2021-12-24,GBP,QAR,0.2039442824220423
2021-12-25,GBP,QAR,0.2039442824220423
2021-12-26,GBP,QAR,0.2039442824220423
2021-12-27,GBP,QAR,0.2039442824220423
2021-12-28,GBP,QAR,0.2039442824220423
2021-12-29,GBP,QAR,0.2039442824220423
2021-12-30,GBP,QAR,0.2039442824220423
2021-12-31,GBP,QAR,0.2039442824220423
2022-01-01,GBP,QAR,0.20782675561651806
2022-01-02,GBP,QAR,0.20782675561651806
2022-01-03,GBP,QAR,0.20782675561651806
2022-01-04,GBP,QAR,0.20782675561651806
2022-01-05,GBP,QAR,0.20782675561651806
2022-01-06,GBP,QAR,0.20782675561651806
2022-01-07,GBP,QAR,0.20782675561651806
2022-01-08,GBP,QAR,0.20782675561651806
2022-01-09,GBP,QAR,0.20782675561651806
2022-01-10,GBP,QAR,0.20782675561651806
2022-01-11,GBP,QAR,0.20782675561651806
2022-01-12,GBP,QAR,0.20782675561651806
2022-01-13,GBP,QAR,0.20782675561651806
2022-01-14,GBP,QAR,0.20782675561651806
2022-01-15,GBP,QAR,0.20782675561651806
2022-01-16,GBP,QAR,0.20782675561651806
2022-01-17,GBP,QAR,0.20782675561651806
2022-01-18,GBP,QAR,0.20782675561651806
2022-01-19,GBP,QAR,0.20782675561651806
2022-01-20,GBP,QAR,0.20782675561651806
2022-01-21,GBP,QAR,0.20782675561651806
2022-01-22,GBP,QAR,0.20782675561651806
2022-01-23,GBP,QAR,0.20782675561651806
2022-01-24,GBP,QAR,0.20782675561651806
2022-01-25,GBP,QAR,0.20782675561651806
2022-01-26,GBP,QAR,0.20782675561651806
2022-01-27,GBP,QAR,0.20782675561651806
2022-01-28,GBP,QAR,0.20782675561651806
2022-01-29,GBP,QAR,0.20782675561651806
2022-01-30,GBP,QAR,0.20782675561651806
2022-01-31,GBP,QAR,0.20782675561651806
2022-02-01,GBP,QAR,0.20151945670354474
2022-02-02,GBP,QAR,0.20151945670354474
2022-02-03,GBP,QAR,0.20151945670354474
2022-02-04,GBP,QAR,0.20151945670354474
2022-02-05,GBP,QAR,0.20151945670354474
2022-02-06,GBP,QAR,0.20151945670354474
2022-02-07,GBP,QAR,0.20151945670354474
2022-02-08,GBP,QAR,0.20151945670354474
2022-02-09,GBP,QAR,0.20151945670354474
2022-02-10,GBP,QAR,0.20151945670354474
2022-02-11,GBP,QAR,0.20151945670354474
2022-02-12,GBP,QAR,0.20151945670354474
2022-02-13,GBP,QAR,0.20151945670354474
2022-02-14,GBP,QAR,0.20151945670354474
2022-02-15,GBP,QAR,0.20151945670354474
2022-02-16,GBP,QAR,0.20151945670354474
2022-02-17,GBP,QAR,0.20151945670354474
2022-02-18,GBP,QAR,0.20151945670354474
2022-02-19,GBP,QAR,0.20151945670354474
2022-02-20,GBP,QAR,0.20151945670354474
2022-02-21,GBP,QAR,0.20151945670354474
2022-02-22,GBP,QAR,0.20151945670354474
2022-02-23,GBP,QAR,0.20151945670354474
2022-02-24,GBP,QAR,0.20151945670354474
2022-02-25,GBP,QAR,0.20151945670354474
2022-02-26,GBP,QAR,0.20151945670354474
2022-02-27,GBP,QAR,0.20151945670354474
2022-02-28,GBP,QAR,0.20151945670354474
2022-03-01,GBP,QAR,0.20226128112295463
2022-03-02,GBP,QAR,0.20226128112295463
2022-03-03,GBP,QAR,0.20226128112295463
2022-03-04,GBP,QAR,0.20226128112295463
2022-03-05,GBP,QAR,0.20226128112295463
2022-03-06,GBP,QAR,0.20226128112295463
2022-03-07,GBP,QAR,0.20226128112295463
2022-03-08,GBP,QAR,0.20226128112295463
2022-03-09,GBP,QAR,0.20226128112295463
2022-03-10,GBP,QAR,0.20226128112295463
2022-03-11,GBP,QAR,0.20226128112295463
2022-03-12,GBP,QAR,0.20226128112295463
2022-03-13,GBP,QAR,0.20226128112295463
2022-03-14,GBP,QAR,0.20226128112295463
2022-03-15,GBP,QAR,0.20226128112295463
2022-03-16,GBP,QAR,0.20226128112295463
2022-03-17,GBP,QAR,0.20226128112295463
2022-03-18,GBP,QAR,0.20226128112295463
2022-03-19,GBP,QAR,0.20226128112295463
2022-03-20,GBP,QAR,0.20226128112295463
2022-03-21,GBP,QAR,0.20226128112295463
2022-03-22,GBP,QAR,0.20226128112295463
2022-03-23,GBP,QAR,0.20226128112295463
2022-03-24,GBP,QAR,0.20226128112295463
2022-03-25,GBP,QAR,0.20226128112295463
2022-03-26,GBP,QAR,0.20226128112295463
2022-03-27,GBP,QAR,0.20226128112295463
2022-03-28,GBP,QAR,0.20226128112295463
2022-03-29,GBP,QAR,0.20226128112295463
2022-03-30,GBP,QAR,0.20226128112295463
2022-03-31,GBP,QAR,0.20226128112295463
2022-04-01,GBP,QAR,0.20783539436766083
2022-04-02,GBP,QAR,0.20783539436766083
2022-04-03,GBP,QAR,0.20783539436766083
2022-04-04,GBP,QAR,0.20783539436766083
2022-04-05,GBP,QAR,0.20783539436766083
2022-04-06,GBP,QAR,0.20783539436766083
2022-04-07,GBP,QAR,0.20783539436766083
2022-04-08,GBP,QAR,0.20783539436766083
2022-04-09,GBP,QAR,0.20783539436766083
2022-04-10,GBP,QAR,0.20783539436766083
2022-04-11,GBP,QAR,0.20783539436766083
2022-04-12,GBP,QAR,0.20783539436766083
2022-04-13,GBP,QAR,0.20783539436766083
2022-04-14,GBP,QAR,0.20783539436766083
2022-04-15,GBP,QAR,0.20783539436766083
2022-04-16,GBP,QAR,0.20783539436766083
2022-04-17,GBP,QAR,0.20783539436766083
2022-04-18,GBP,QAR,0.20783539436766083
2022-04-19,GBP,QAR,0.20783539436766083
2022-04-20,GBP,QAR,0.20783539436766083
2022-04-21,GBP,QAR,0.20783539436766083
2022-04-22,GBP,QAR,0.20783539436766083
2022-04-23,GBP,QAR,0.20783539436766083
2022-04-24,GBP,QAR,0.20783539436766083
2022-04-25,GBP,QAR,0.20783539436766083
2022-04-26,GBP,QAR,0.20783539436766083
2022-04-27,GBP,QAR,0.20783539436766083
2022-04-28,GBP,QAR,0.20783539436766083
2022-04-29,GBP,QAR,0.20783539436766083
2022-04-30,GBP,QAR,0.20783539436766083
2022-05-01,GBP,QAR,0.21045542554087046
2022-05-02,GBP,QAR,0.21045542554087046
2022-05-03,GBP,QAR,0.21045542554087046
2022-05-04,GBP,QAR,0.21045542554087046
2022-05-05,GBP,QAR,0.21045542554087046
2022-05-06,GBP,QAR,0.21045542554087046
2022-05-07,GBP,QAR,0.21045542554087046
2022-05-08,GBP,QAR,0.21045542554087046
2022-05-09,GBP,QAR,0.21045542554087046
2022-05-10,GBP,QAR,0.21045542554087046
2022-05-11,GBP,QAR,0.21045542554087046
2022-05-12,GBP,QAR,0.21045542554087046
2022-05-13,GBP,QAR,0.21045542554087046
2022-05-14,GBP,QAR,0.21045542554087046
2022-05-15,GBP,QAR,0.21045542554087046
2022-05-16,GBP,QAR,0.21045542554087046
2022-05-17,GBP,QAR,0.21045542554087046
2022-05-18,GBP,QAR,0.21045542554087046
2022-05-19,GBP,QAR,0.21045542554087046
2022-05-20,GBP,QAR,0.21045542554087046
2022-05-21,GBP,QAR,0.21045542554087046
2022-05-22,GBP,QAR,0.21045542554087046
2022-05-23,GBP,QAR,0.21045542554087046
2022-05-24,GBP,QAR,0.21045542554087046
2022-05-25,GBP,QAR,0.21045542554087046
2022-05-26,GBP,QAR,0.21045542554087046
2022-05-27,GBP,QAR,0.21045542554087046
2022-05-28,GBP,QAR,0.21045542554087046
2022-05-29,GBP,QAR,0.21045542554087046
2022-05-30,GBP,QAR,0.21045542554087046
2022-05-31,GBP,QAR,0.21045542554087046
2022-06-01,GBP,QAR,0.2212242550273212
2022-06-02,GBP,QAR,0.2212242550273212
2022-06-03,GBP,QAR,0.2212242550273212
2022-06-04,GBP,QAR,0.2212242550273212
2022-06-05,GBP,QAR,0.2212242550273212
2022-06-06,GBP,QAR,0.2212242550273212
2022-06-07,GBP,QAR,0.2212242550273212
2022-06-08,GBP,QAR,0.2212242550273212
2022-06-09,GBP,QAR,0.2212242550273212
2022-06-10,GBP,QAR,0.2212242550273212
2022-06-11,GBP,QAR,0.2212242550273212
2022-06-12,GBP,QAR,0.2212242550273212
2022-06-13,GBP,QAR,0.2212242550273212
2022-06-14,GBP,QAR,0.2212242550273212
2022-06-15,GBP,QAR,0.2212242550273212
2022-06-16,GBP,QAR,0.2212242550273212
2022-06-17,GBP,QAR,0.2212242550273212
2022-06-18,GBP,QAR,0.2212242550273212
2022-06-19,GBP,QAR,0.2212242550273212
2022-06-20,GBP,QAR,0.2212242550273212
2022-06-21,GBP,QAR,0.2212242550273212
2022-06-22,GBP,QAR,0.2212242550273212
2022-06-23,GBP,QAR,0.2212242550273212
2022-06-24,GBP,QAR,0.2212242550273212
2022-06-25,GBP,QAR,0.2212242550273212
2022-06-26,GBP,QAR,0.2212242550273212
2022-06-27,GBP,QAR,0.2212242550273212
2022-06-28,GBP,QAR,0.2212242550273212
2022-06-29,GBP,QAR,0.2212242550273212
2022-06-30,GBP,QAR,0.2212242550273212
2022-07-01,GBP,QAR,0.22307984027483435
2022-07-02,GBP,QAR,0.22307984027483435
2022-07-03,GBP,QAR,0.22307984027483435
2022-07-04,GBP,QAR,0.22307984027483435
2022-07-05,GBP,QAR,0.22307984027483435
2022-07-06,GBP,QAR,0.22307984027483435
2022-07-07,GBP,QAR,0.22307984027483435
2022-07-08,GBP,QAR,0.22307984027483435
2022-07-09,GBP,QAR,0.22307984027483435
2022-07-10,GBP,QAR,0.22307984027483435
2022-07-11,GBP,QAR,0.22307984027483435
2022-07-12,GBP,QAR,0.22307984027483435
2022-07-13,GBP,QAR,0.22307984027483435
2022-07-14,GBP,QAR,0.22307984027483435
2022-07-15,GBP,QAR,0.22307984027483435
2022-07-16,GBP,QAR,0.22307984027483435
2022-07-17,GBP,QAR,0.22307984027483435
2022-07-18,GBP,QAR,0.22307984027483435
2022-07-19,GBP,QAR,0.22307984027483435
2022-07-20,GBP,QAR,0.22307984027483435
2022-07-21,GBP,QAR,0.22307984027483435
2022-07-22,GBP,QAR,0.22307984027483435
2022-07-23,GBP,QAR,0.22307984027483435
2022-07-24,GBP,QAR,0.22307984027483435
2022-07-25,GBP,QAR,0.22307984027483435
2022-07-26,GBP,QAR,0.22307984027483435
2022-07-27,GBP,QAR,0.22307984027483435
2022-07-28,GBP,QAR,0.22307984027483435
2022-07-29,GBP,QAR,0.22307984027483435
2022-07-30,GBP,QAR,0.22307984027483435
2022-07-31,GBP,QAR,0.22307984027483435
2022-08-01,GBP,QAR,0.22889580662882256
2022-08-02,GBP,QAR,0.22889580662882256
2022-08-03,GBP,QAR,0.22889580662882256
2022-08-04,GBP,QAR,0.22889580662882256
2022-08-05,GBP,QAR,0.22889580662882256
2022-08-06,GBP,QAR,0.22889580662882256
2022-08-07,GBP,QAR,0.22889580662882256
2022-08-08,GBP,QAR,0.22889580662882256
2022-08-09,GBP,QAR,0.22889580662882256
2022-08-10,GBP,QAR,0.22889580662882256
2022-08-11,GBP,QAR,0.22889580662882256
2022-08-12,GBP,QAR,0.22889580662882256
2022-08-13,GBP,QAR,0.22889580662882256
2022-08-14,GBP,QAR,0.22889580662882256
2022-08-15,GBP,QAR,0.22889580662882256
2022-08-16,GBP,QAR,0.22889580662882256
2022-08-17,GBP,QAR,0.22889580662882256
2022-08-18,GBP,QAR,0.22889580662882256
2022-08-19,GBP,QAR,0.22889580662882256
2022-08-20,GBP,QAR,0.22889580662882256
2022-08-21,GBP,QAR,0.22889580662882256
2022-08-22,GBP,QAR,0.22889580662882256
2022-08-23,GBP,QAR,0.22889580662882256
2022-08-24,GBP,QAR,0.22889580662882256
2022-08-25,GBP,QAR,0.22889580662882256
2022-08-26,GBP,QAR,0.22889580662882256
2022-08-27,GBP,QAR,0.22889580662882256
2022-08-28,GBP,QAR,0.22889580662882256
2022-08-29,GBP,QAR,0.22889580662882256
2022-08-30,GBP,QAR,0.22889580662882256
2022-08-31,GBP,QAR,0.22889580662882256
2022-09-01,GBP,QAR,0.23229343306464725
2022-09-02,GBP,QAR,0.23229343306464725
2022-09-03,GBP,QAR,0.23229343306464725
2022-09-04,GBP,QAR,0.23229343306464725
2022-09-05,GBP,QAR,0.23229343306464725
2022-09-06,GBP,QAR,0.23229343306464725
2022-09-07,GBP,QAR,0.23229343306464725
2022-09-08,GBP,QAR,0.23229343306464725
2022-09-09,GBP,QAR,0.23229343306464725
2022-09-10,GBP,QAR,0.23229343306464725
2022-09-11,GBP,QAR,0.23229343306464725
2022-09-12,GBP,QAR,0.23229343306464725
2022-09-13,GBP,QAR,0.23229343306464725
2022-09-14,GBP,QAR,0.23229343306464725
2022-09-15,GBP,QAR,0.23229343306464725
2022-09-16,GBP,QAR,0.23229343306464725
2022-09-17,GBP,QAR,0.23229343306464725
2022-09-18,GBP,QAR,0.23229343306464725
2022-09-19,GBP,QAR,0.23229343306464725
2022-09-20,GBP,QAR,0.23229343306464725
2022-09-21,GBP,QAR,0.23229343306464725
2022-09-22,GBP,QAR,0.23229343306464725
2022-09-23,GBP,QAR,0.23229343306464725
2022-09-24,GBP,QAR,0.23229343306464725
2022-09-25,GBP,QAR,0.23229343306464725
2022-09-26,GBP,QAR,0.23229343306464725
2022-09-27,GBP,QAR,0.23229343306464725
2022-09-28,GBP,QAR,0.23229343306464725
2022-09-29,GBP,QAR,0.23229343306464725
2022-09-30,GBP,QAR,0.23229343306464725
2022-10-01,GBP,QAR,0.24233024766151312
2022-10-02,GBP,QAR,0.24233024766151312
2022-10-03,GBP,QAR,0.24233024766151312
2022-10-04,GBP,QAR,0.24233024766151312
2022-10-05,GBP,QAR,0.24233024766151312
2022-10-06,GBP,QAR,0.24233024766151312
2022-10-07,GBP,QAR,0.24233024766151312
2022-10-08,GBP,QAR,0.24233024766151312
2022-10-09,GBP,QAR,0.24233024766151312
2022-10-10,GBP,QAR,0.24233024766151312
2022-10-11,GBP,QAR,0.24233024766151312
2022-10-12,GBP,QAR,0.24233024766151312
2022-10-13,GBP,QAR,0.24233024766151312
2022-10-14,GBP,QAR,0.24233024766151312
2022-10-15,GBP,QAR,0.24233024766151312
2022-10-16,GBP,QAR,0.24233024766151312
2022-10-17,GBP,QAR,0.24233024766151312
2022-10-18,GBP,QAR,0.24233024766151312
2022-10-19,GBP,QAR,0.24233024766151312
2022-10-20,GBP,QAR,0.24233024766151312
2022-10-21,GBP,QAR,0.24233024766151312
2022-10-22,GBP,QAR,0.24233024766151312
2022-10-23,GBP,QAR,0.24233024766151312
2022-10-24,GBP,QAR,0.24233024766151312
2022-10-25,GBP,QAR,0.24233024766151312
2022-10-26,GBP,QAR,0.24233024766151312
2022-10-27,GBP,QAR,0.24233024766151312
2022-10-28,GBP,QAR,0.24233024766151312
2022-10-29,GBP,QAR,0.24233024766151312
2022-10-30,GBP,QAR,0.24233024766151312
2022-10-31,GBP,QAR,0.24233024766151312
2022-11-01,GBP,QAR,0.24389054192478415
2022-11-02,GBP,QAR,0.24389054192478415
2022-11-03,GBP,QAR,0.24389054192478415
2022-11-04,GBP,QAR,0.24389054192478415
2022-11-05,GBP,QAR,0.24389054192478415
2022-11-06,GBP,QAR,0.24389054192478415
2022-11-07,GBP,QAR,0.24389054192478415
2022-11-08,GBP,QAR,0.24389054192478415
2022-11-09,GBP,QAR,0.24389054192478415
2022-11-10,GBP,QAR,0.24389054192478415
2022-11-11,GBP,QAR,0.24389054192478415
2022-11-12,GBP,QAR,0.24389054192478415
2022-11-13,GBP,QAR,0.24389054192478415
2022-11-14,GBP,QAR,0.24389054192478415
2022-11-15,GBP,QAR,0.24389054192478415
2022-11-16,GBP,QAR,0.24389054192478415
2022-11-17,GBP,QAR,0.24389054192478415
2022-11-18,GBP,QAR,0.24389054192478415
2022-11-19,GBP,QAR,0.24389054192478415
2022-11-20,GBP,QAR,0.24389054192478415
2022-11-21,GBP,QAR,0.24389054192478415
2022-11-22,GBP,QAR,0.24389054192478415
2022-11-23,GBP,QAR,0.24389054192478415
2022-11-24,GBP,QAR,0.24389054192478415
2022-11-25,GBP,QAR,0.24389054192478415
2022-11-26,GBP,QAR,0.24389054192478415
2022-11-27,GBP,QAR,0.24389054192478415
2022-11-28,GBP,QAR,0.24389054192478415
2022-11-29,GBP,QAR,0.24389054192478415
2022-11-30,GBP,QAR,0.24389054192478415
2022-12-01,GBP,QAR,0.2275830678197542
2022-12-02,GBP,QAR,0.2275830678197542
2022-12-03,GBP,QAR,0.2275830678197542
2022-12-04,GBP,QAR,0.2275830678197542
2022-12-05,GBP,QAR,0.2275830678197542
2022-12-06,GBP,QAR,0.2275830678197542
2022-12-07,GBP,QAR,0.2275830678197542
2022-12-08,GBP,QAR,0.2275830678197542
2022-12-09,GBP,QAR,0.2275830678197542
2022-12-10,GBP,QAR,0.2275830678197542
2022-12-11,GBP,QAR,0.2275830678197542
2022-12-12,GBP,QAR,0.2275830678197542
2022-12-13,GBP,QAR,0.2275830678197542
2022-12-14,GBP,QAR,0.2275830678197542
2022-12-15,GBP,QAR,0.2275830678197542
2022-12-16,GBP,QAR,0.2275830678197542
2022-12-17,GBP,QAR,0.2275830678197542
2022-12-18,GBP,QAR,0.2275830678197542
2022-12-19,GBP,QAR,0.2275830678197542
2022-12-20,GBP,QAR,0.2275830678197542
2022-12-21,GBP,QAR,0.2275830678197542
2022-12-22,GBP,QAR,0.2275830678197542
2022-12-23,GBP,QAR,0.2275830678197542
2022-12-24,GBP,QAR,0.2275830678197542
2022-12-25,GBP,QAR,0.2275830678197542
2022-12-26,GBP,QAR,0.2275830678197542
2022-12-27,GBP,QAR,0.2275830678197542
2022-12-28,GBP,QAR,0.2275830678197542
2022-12-29,GBP,QAR,0.2275830678197542
2022-12-30,GBP,QAR,0.2275830678197542
2022-12-31,GBP,QAR,0.2275830678197542
2023-01-01,GBP,QAR,0.2213368747233289
2023-01-02,GBP,QAR,0.2213368747233289
2023-01-03,GBP,QAR,0.2213368747233289
2023-01-04,GBP,QAR,0.2213368747233289
2023-01-05,GBP,QAR,0.2213368747233289
2023-01-06,GBP,QAR,0.2213368747233289
2023-01-07,GBP,QAR,0.2213368747233289
2023-01-08,GBP,QAR,0.2213368747233289
2023-01-09,GBP,QAR,0.2213368747233289
2023-01-10,GBP,QAR,0.2213368747233289
2023-01-11,GBP,QAR,0.2213368747233289
2023-01-12,GBP,QAR,0.2213368747233289
2023-01-13,GBP,QAR,0.2213368747233289
2023-01-14,GBP,QAR,0.2213368747233289
2023-01-15,GBP,QAR,0.2213368747233289
2023-01-16,GBP,QAR,0.2213368747233289
2023-01-17,GBP,QAR,0.2213368747233289
2023-01-18,GBP,QAR,0.2213368747233289
2023-01-19,GBP,QAR,0.2213368747233289
2023-01-20,GBP,QAR,0.2213368747233289
2023-01-21,GBP,QAR,0.2213368747233289
2023-01-22,GBP,QAR,0.2213368747233289
2023-01-23,GBP,QAR,0.2213368747233289
2023-01-24,GBP,QAR,0.2213368747233289
2023-01-25,GBP,QAR,0.2213368747233289
2023-01-26,GBP,QAR,0.2213368747233289
2023-01-27,GBP,QAR,0.2213368747233289
2023-01-28,GBP,QAR,0.2213368747233289
2023-01-29,GBP,QAR,0.2213368747233289
2023-01-30,GBP,QAR,0.2213368747233289
2023-01-31,GBP,QAR,0.2213368747233289
2023-02-01,GBP,QAR,0.22158700613796006
2023-02-02,GBP,QAR,0.22158700613796006
2023-02-03,GBP,QAR,0.22158700613796006
2023-02-04,GBP,QAR,0.22158700613796006
2023-02-05,GBP,QAR,0.22158700613796006
2023-02-06,GBP,QAR,0.22158700613796006
2023-02-07,GBP,QAR,0.22158700613796006
2023-02-08,GBP,QAR,0.22158700613796006
2023-02-09,GBP,QAR,0.22158700613796006
2023-02-10,GBP,QAR,0.22158700613796006
2023-02-11,GBP,QAR,0.22158700613796006
2023-02-12,GBP,QAR,0.22158700613796006
2023-02-13,GBP,QAR,0.22158700613796006
2023-02-14,GBP,QAR,0.22158700613796006
2023-02-15,GBP,QAR,0.22158700613796006
2023-02-16,GBP,QAR,0.22158700613796006
2023-02-17,GBP,QAR,0.22158700613796006
2023-02-18,GBP,QAR,0.22158700613796006
2023-02-19,GBP,QAR,0.22158700613796006
2023-02-20,GBP,QAR,0.22158700613796006
2023-02-21,GBP,QAR,0.22158700613796006
2023-02-22,GBP,QAR,0.22158700613796006
2023-02-23,GBP,QAR,0.22158700613796006
2023-02-24,GBP,QAR,0.22158700613796006
2023-02-25,GBP,QAR,0.22158700613796006
2023-02-26,GBP,QAR,0.22158700613796006
2023-02-27,GBP,QAR,0.22158700613796006
2023-02-28,GBP,QAR,0.22158700613796006
2023-03-01,GBP,QAR,0.22878583358118468
2023-03-02,GBP,QAR,0.22878583358118468
2023-03-03,GBP,QAR,0.22878583358118468
2023-03-04,GBP,QAR,0.22878583358118468
2023-03-05,GBP,QAR,0.22878583358118468
2023-03-06,GBP,QAR,0.22878583358118468
2023-03-07,GBP,QAR,0.22878583358118468
2023-03-08,GBP,QAR,0.22878583358118468
2023-03-09,GBP,QAR,0.22878583358118468
2023-03-10,GBP,QAR,0.22878583358118468
2023-03-11,GBP,QAR,0.22878583358118468
2023-03-12,GBP,QAR,0.22878583358118468
2023-03-13,GBP,QAR,0.22878583358118468
2023-03-14,GBP,QAR,0.22878583358118468
2023-03-15,GBP,QAR,0.22878583358118468
2023-03-16,GBP,QAR,0.22878583358118468
2023-03-17,GBP,QAR,0.22878583358118468
2023-03-18,GBP,QAR,0.22878583358118468
2023-03-19,GBP,QAR,0.22878583358118468
2023-03-20,GBP,QAR,0.22878583358118468
2023-03-21,GBP,QAR,0.22878583358118468
2023-03-22,GBP,QAR,0.22878583358118468
2023-03-23,GBP,QAR,0.22878583358118468
2023-03-24,GBP,QAR,0.22878583358118468
2023-03-25,GBP,QAR,0.22878583358118468
2023-03-26,GBP,QAR,0.22878583358118468
2023-03-27,GBP,QAR,0.22878583358118468
2023-03-28,GBP,QAR,0.22878583358118468
2023-03-29,GBP,QAR,0.22878583358118468
2023-03-30,GBP,QAR,0.22878583358118468
2023-03-31,GBP,QAR,0.22878583358118468
2023-04-01,GBP,QAR,0.22450720668133448
2023-04-02,GBP,QAR,0.22450720668133448
2023-04-03,GBP,QAR,0.22450720668133448
2023-04-04,GBP,QAR,0.22450720668133448
2023-04-05,GBP,QAR,0.22450720668133448
2023-04-06,GBP,QAR,0.22450720668133448
2023-04-07,GBP,QAR,0.22450720668133448
2023-04-08,GBP,QAR,0.22450720668133448
2023-04-09,GBP,QAR,0.22450720668133448
2023-04-10,GBP,QAR,0.22450720668133448
2023-04-11,GBP,QAR,0.22450720668133448
2023-04-12,GBP,QAR,0.22450720668133448
2023-04-13,GBP,QAR,0.22450720668133448
2023-04-14,GBP,QAR,0.22450720668133448
2023-04-15,GBP,QAR,0.22450720668133448
2023-04-16,GBP,QAR,0.22450720668133448
2023-04-17,GBP,QAR,0.22450720668133448
2023-04-18,GBP,QAR,0.22450720668133448
2023-04-19,GBP,QAR,0.22450720668133448
2023-04-20,GBP,QAR,0.22450720668133448
2023-04-21,GBP,QAR,0.22450720668133448
2023-04-22,GBP,QAR,0.22450720668133448
2023-04-23,GBP,QAR,0.22450720668133448
2023-04-24,GBP,QAR,0.22450720668133448
2023-04-25,GBP,QAR,0.22450720668133448
2023-04-26,GBP,QAR,0.22450720668133448
2023-04-27,GBP,QAR,0.22450720668133448
2023-04-28,GBP,QAR,0.22450720668133448
2023-04-29,GBP,QAR,0.22450720668133448
2023-04-30,GBP,QAR,0.22450720668133448
2023-05-01,GBP,QAR,0.22066287126528092
2023-05-02,GBP,QAR,0.22066287126528092
2023-05-03,GBP,QAR,0.22066287126528092
2023-05-04,GBP,QAR,0.22066287126528092
2023-05-05,GBP,QAR,0.22066287126528092
2023-05-06,GBP,QAR,0.22066287126528092
2023-05-07,GBP,QAR,0.22066287126528092
2023-05-08,GBP,QAR,0.22066287126528092
2023-05-09,GBP,QAR,0.22066287126528092
2023-05-10,GBP,QAR,0.22066287126528092
2023-05-11,GBP,QAR,0.22066287126528092
2023-05-12,GBP,QAR,0.22066287126528092
2023-05-13,GBP,QAR,0.22066287126528092
2023-05-14,GBP,QAR,0.22066287126528092
2023-05-15,GBP,QAR,0.22066287126528092
2023-05-16,GBP,QAR,0.22066287126528092
2023-05-17,GBP,QAR,0.22066287126528092
2023-05-18,GBP,QAR,0.22066287126528092
2023-05-19,GBP,QAR,0.22066287126528092
2023-05-20,GBP,QAR,0.22066287126528092
2023-05-21,GBP,QAR,0.22066287126528092
2023-05-22,GBP,QAR,0.22066287126528092
2023-05-23,GBP,QAR,0.22066287126528092
2023-05-24,GBP,QAR,0.22066287126528092
2023-05-25,GBP,QAR,0.22066287126528092
2023-05-26,GBP,QAR,0.22066287126528092
2023-05-27,GBP,QAR,0.22066287126528092
2023-05-28,GBP,QAR,0.22066287126528092
2023-05-29,GBP,QAR,0.22066287126528092
2023-05-30,GBP,QAR,0.22066287126528092
2023-05-31,GBP,QAR,0.22066287126528092
2023-06-01,GBP,QAR,0.22216791450978648
2023-06-02,GBP,QAR,0.22216791450978648
2023-06-03,GBP,QAR,0.22216791450978648
2023-06-04,GBP,QAR,0.22216791450978648
2023-06-05,GBP,QAR,0.22216791450978648
2023-06-06,GBP,QAR,0.22216791450978648
2023-06-07,GBP,QAR,0.22216791450978648
2023-06-08,GBP,QAR,0.22216791450978648
2023-06-09,GBP,QAR,0.22216791450978648
2023-06-10,GBP,QAR,0.22216791450978648
2023-06-11,GBP,QAR,0.22216791450978648
2023-06-12,GBP,QAR,0.22216791450978648
2023-06-13,GBP,QAR,0.22216791450978648
2023-06-14,GBP,QAR,0.22216791450978648
2023-06-15,GBP,QAR,0.22216791450978648
2023-06-16,GBP,QAR,0.22216791450978648
2023-06-17,GBP,QAR,0.22216791450978648
2023-06-18,GBP,QAR,0.22216791450978648
2023-06-19,GBP,QAR,0.22216791450978648
2023-06-20,GBP,QAR,0.22216791450978648
2023-06-21,GBP,QAR,0.22216791450978648
2023-06-22,GBP,QAR,0.22216791450978648
2023-06-23,GBP,QAR,0.22216791450978648
2023-06-24,GBP,QAR,0.22216791450978648
2023-06-25,GBP,QAR,0.22216791450978648
2023-06-26,GBP,QAR,0.22216791450978648
2023-06-27,GBP,QAR,0.22216791450978648
2023-06-28,GBP,QAR,0.22216791450978648
2023-06-29,GBP,QAR,0.22216791450978648
2023-06-30,GBP,QAR,0.22216791450978648
2023-07-01,GBP,QAR,0.21577300679684971
2023-07-02,GBP,QAR,0.21577300679684971
2023-07-03,GBP,QAR,0.21577300679684971
2023-07-04,GBP,QAR,0.21577300679684971
2023-07-05,GBP,QAR,0.21577300679684971
2023-07-06,GBP,QAR,0.21577300679684971
2023-07-07,GBP,QAR,0.21577300679684971
2023-07-08,GBP,QAR,0.21577300679684971
2023-07-09,GBP,QAR,0.21577300679684971
2023-07-10,GBP,QAR,0.21577300679684971
2023-07-11,GBP,QAR,0.21577300679684971
2023-07-12,GBP,QAR,0.21577300679684971
2023-07-13,GBP,QAR,0.21577300679684971
2023-07-14,GBP,QAR,0.21577300679684971
2023-07-15,GBP,QAR,0.21577300679684971
2023-07-16,GBP,QAR,0.21577300679684971
2023-07-17,GBP,QAR,0.21577300679684971
2023-07-18,GBP,QAR,0.21577300679684971
2023-07-19,GBP,QAR,0.21577300679684971
2023-07-20,GBP,QAR,0.21577300679684971
2023-07-21,GBP,QAR,0.21577300679684971
2023-07-22,GBP,QAR,0.21577300679684971
2023-07-23,GBP,QAR,0.21577300679684971
2023-07-24,GBP,QAR,0.21577300679684971
2023-07-25,GBP,QAR,0.21577300679684971
2023-07-26,GBP,QAR,0.21577300679684971
2023-07-27,GBP,QAR,0.21577300679684971
2023-07-28,GBP,QAR,0.21577300679684971
2023-07-29,GBP,QAR,0.21577300679684971
2023-07-30,GBP,QAR,0.21577300679684971
2023-07-31,GBP,QAR,0.21577300679684971
2023-08-01,GBP,QAR,0.21318779713049227
2023-08-02,GBP,QAR,0.21318779713049227
2023-08-03,GBP,QAR,0.21318779713049227
2023-08-04,GBP,QAR,0.21318779713049227
2023-08-05,GBP,QAR,0.21318779713049227
2023-08-06,GBP,QAR,0.21318779713049227
2023-08-07,GBP,QAR,0.21318779713049227
2023-08-08,GBP,QAR,0.21318779713049227
2023-08-09,GBP,QAR,0.21318779713049227
2023-08-10,GBP,QAR,0.21318779713049227
2023-08-11,GBP,QAR,0.21318779713049227
2023-08-12,GBP,QAR,0.21318779713049227
2023-08-13,GBP,QAR,0.21318779713049227
2023-08-14,GBP,QAR,0.21318779713049227
2023-08-15,GBP,QAR,0.21318779713049227
2023-08-16,GBP,QAR,0.21318779713049227
2023-08-17,GBP,QAR,0.21318779713049227
2023-08-18,GBP,QAR,0.21318779713049227
2023-08-19,GBP,QAR,0.21318779713049227
2023-08-20,GBP,QAR,0.21318779713049227
2023-08-21,GBP,QAR,0.21318779713049227
2023-08-22,GBP,QAR,0.21318779713049227
2023-08-23,GBP,QAR,0.21318779713049227
2023-08-24,GBP,QAR,0.21318779713049227
2023-08-25,GBP,QAR,0.21318779713049227
2023-08-26,GBP,QAR,0.21318779713049227
2023-08-27,GBP,QAR,0.21318779713049227
2023-08-28,GBP,QAR,0.21318779713049227
2023-08-29,GBP,QAR,0.21318779713049227
2023-08-30,GBP,QAR,0.21318779713049227
2023-08-31,GBP,QAR,0.21318779713049227
2023-09-01,GBP,QAR,0.21750478510527232
2023-09-02,GBP,QAR,0.21750478510527232
2023-09-03,GBP,QAR,0.21750478510527232
2023-09-04,GBP,QAR,0.21750478510527232
2023-09-05,GBP,QAR,0.21750478510527232
2023-09-06,GBP,QAR,0.21750478510527232
2023-09-07,GBP,QAR,0.21750478510527232
2023-09-08,GBP,QAR,0.21750478510527232
2023-09-09,GBP,QAR,0.21750478510527232
2023-09-10,GBP,QAR,0.21750478510527232
2023-09-11,GBP,QAR,0.21750478510527232
2023-09-12,GBP,QAR,0.21750478510527232
2023-09-13,GBP,QAR,0.21750478510527232
2023-09-14,GBP,QAR,0.21750478510527232
2023-09-15,GBP,QAR,0.21750478510527232
2023-09-16,GBP,QAR,0.21750478510527232
2023-09-17,GBP,QAR,0.21750478510527232
2023-09-18,GBP,QAR,0.21750478510527232
2023-09-19,GBP,QAR,0.21750478510527232
2023-09-20,GBP,QAR,0.21750478510527232
2023-09-21,GBP,QAR,0.21750478510527232
2023-09-22,GBP,QAR,0.21750478510527232
2023-09-23,GBP,QAR,0.21750478510527232
2023-09-24,GBP,QAR,0.21750478510527232
2023-09-25,GBP,QAR,0.21750478510527232
2023-09-26,GBP,QAR,0.21750478510527232
2023-09-27,GBP,QAR,0.21750478510527232
2023-09-28,GBP,QAR,0.21750478510527232
2023-09-29,GBP,QAR,0.21750478510527232
2023-09-30,GBP,QAR,0.21750478510527232
2023-10-01,GBP,QAR,0.22214817283127847
2023-10-02,GBP,QAR,0.22214817283127847
2023-10-03,GBP,QAR,0.22214817283127847
2023-10-04,GBP,QAR,0.22214817283127847
2023-10-05,GBP,QAR,0.22214817283127847
2023-10-06,GBP,QAR,0.22214817283127847
2023-10-07,GBP,QAR,0.22214817283127847
2023-10-08,GBP,QAR,0.22214817283127847
2023-10-09,GBP,QAR,0.22214817283127847
2023-10-10,GBP,QAR,0.22214817283127847
2023-10-11,GBP,QAR,0.22214817283127847
2023-10-12,GBP,QAR,0.22214817283127847
2023-10-13,GBP,QAR,0.22214817283127847
2023-10-14,GBP,QAR,0.22214817283127847
2023-10-15,GBP,QAR,0.22214817283127847
2023-10-16,GBP,QAR,0.22214817283127847
2023-10-17,GBP,QAR,0.22214817283127847
2023-10-18,GBP,QAR,0.22214817283127847
2023-10-19,GBP,QAR,0.22214817283127847
2023-10-20,GBP,QAR,0.22214817283127847
2023-10-21,GBP,QAR,0.22214817283127847
2023-10-22,GBP,QAR,0.22214817283127847
2023-10-23,GBP,QAR,0.22214817283127847
2023-10-24,GBP,QAR,0.22214817283127847
2023-10-25,GBP,QAR,0.22214817283127847
2023-10-26,GBP,QAR,0.22214817283127847
2023-10-27,GBP,QAR,0.22214817283127847
2023-10-28,GBP,QAR,0.22214817283127847
2023-10-29,GBP,QAR,0.22214817283127847
2023-10-30,GBP,QAR,0.22214817283127847
2023-10-31,GBP,QAR,0.22214817283127847
2023-11-01,GBP,QAR,0.2254130694497667
2023-11-02,GBP,QAR,0.2254130694497667
2023-11-03,GBP,QAR,0.2254130694497667
2023-11-04,GBP,QAR,0.2254130694497667
2023-11-05,GBP,QAR,0.2254130694497667
2023-11-06,GBP,QAR,0.2254130694497667
2023-11-07,GBP,QAR,0.2254130694497667
2023-11-08,GBP,QAR,0.2254130694497667
2023-11-09,GBP,QAR,0.2254130694497667
2023-11-10,GBP,QAR,0.2254130694497667
2023-11-11,GBP,QAR,0.2254130694497667
2023-11-12,GBP,QAR,0.2254130694497667
2023-11-13,GBP,QAR,0.2254130694497667
2023-11-14,GBP,QAR,0.2254130694497667
2023-11-15,GBP,QAR,0.2254130694497667
2023-11-16,GBP,QAR,0.2254130694497667
2023-11-17,GBP,QAR,0.2254130694497667
2023-11-18,GBP,QAR,0.2254130694497667
2023-11-19,GBP,QAR,0.2254130694497667
2023-11-20,GBP,QAR,0.2254130694497667
2023-11-21,GBP,QAR,0.2254130694497667
2023-11-22,GBP,QAR,0.2254130694497667
2023-11-23,GBP,QAR,0.2254130694497667
2023-11-24,GBP,QAR,0.2254130694497667
2023-11-25,GBP,QAR,0.2254130694497667
2023-11-26,GBP,QAR,0.2254130694497667
2023-11-27,GBP,QAR,0.2254130694497667
2023-11-28,GBP,QAR,0.2254130694497667
2023-11-29,GBP,QAR,0.2254130694497667
2023-11-30,GBP,QAR,0.2254130694497667
2023-12-01,GBP,QAR,0.21914926256273146
2023-12-02,GBP,QAR,0.21914926256273146
2023-12-03,GBP,QAR,0.21914926256273146
2023-12-04,GBP,QAR,0.21914926256273146
2023-12-05,GBP,QAR,0.21914926256273146
2023-12-06,GBP,QAR,0.21914926256273146
2023-12-07,GBP,QAR,0.21914926256273146
2023-12-08,GBP,QAR,0.21914926256273146
2023-12-09,GBP,QAR,0.21914926256273146
2023-12-10,GBP,QAR,0.21914926256273146
2023-12-11,GBP,QAR,0.21914926256273146
2023-12-12,GBP,QAR,0.21914926256273146
2023-12-13,GBP,QAR,0.21914926256273146
2023-12-14,GBP,QAR,0.21914926256273146
2023-12-15,GBP,QAR,0.21914926256273146
2023-12-16,GBP,QAR,0.21914926256273146
2023-12-17,GBP,QAR,0.21914926256273146
2023-12-18,GBP,QAR,0.21914926256273146
2023-12-19,GBP,QAR,0.21914926256273146
2023-12-20,GBP,QAR,0.21914926256273146
2023-12-21,GBP,QAR,0.21914926256273146
2023-12-22,GBP,QAR,0.21914926256273146
2023-12-23,GBP,QAR,0.21914926256273146
2023-12-24,GBP,QAR,0.21914926256273146
2023-12-25,GBP,QAR,0.21914926256273146
2023-12-26,GBP,QAR,0.21914926256273146
2023-12-27,GBP,QAR,0.21914926256273146
2023-12-28,GBP,QAR,0.21914926256273146
2023-12-29,GBP,QAR,0.21914926256273146
2023-12-30,GBP,QAR,0.21914926256273146
2023-12-31,GBP,QAR,0.21914926256273146
2024-01-01,GBP,QAR,0.21715526601520085
2024-01-02,GBP,QAR,0.21715526601520085
2024-01-03,GBP,QAR,0.21715526601520085
2024-01-04,GBP,QAR,0.21715526601520085
2024-01-05,GBP,QAR,0.21715526601520085
2024-01-06,GBP,QAR,0.21715526601520085
2024-01-07,GBP,QAR,0.21715526601520085
2024-01-08,GBP,QAR,0.21715526601520085
2024-01-09,GBP,QAR,0.21715526601520085
2024-01-10,GBP,QAR,0.21715526601520085
2024-01-11,GBP,QAR,0.21715526601520085
2024-01-12,GBP,QAR,0.21715526601520085
2024-01-13,GBP,QAR,0.21715526601520085
2024-01-14,GBP,QAR,0.21715526601520085
2024-01-15,GBP,QAR,0.21715526601520085
2024-01-16,GBP,QAR,0.21715526601520085
2024-01-17,GBP,QAR,0.21715526601520085
2024-01-18,GBP,QAR,0.21715526601520085
2024-01-19,GBP,QAR,0.21715526601520085
2024-01-20,GBP,QAR,0.21715526601520085
2024-01-21,GBP,QAR,0.21715526601520085
2024-01-22,GBP,QAR,0.21715526601520085
2024-01-23,GBP,QAR,0.21715526601520085
2024-01-24,GBP,QAR,0.21715526601520085
2024-01-25,GBP,QAR,0.21715526601520085
2024-01-26,GBP,QAR,0.21715526601520085
2024-01-27,GBP,QAR,0.21715526601520085
2024-01-28,GBP,QAR,0.21715526601520085
2024-01-29,GBP,QAR,0.21715526601520085
2024-01-30,GBP,QAR,0.21715526601520085
2024-01-31,GBP,QAR,0.21715526601520085
2024-02-01,GBP,QAR,0.21648301690732363
2024-02-02,GBP,QAR,0.21648301690732363
2024-02-03,GBP,QAR,0.21648301690732363
2024-02-04,GBP,QAR,0.21648301690732363
2024-02-05,GBP,QAR,0.21648301690732363
2024-02-06,GBP,QAR,0.21648301690732363
2024-02-07,GBP,QAR,0.21648301690732363
2024-02-08,GBP,QAR,0.21648301690732363
2024-02-09,GBP,QAR,0.21648301690732363
2024-02-10,GBP,QAR,0.21648301690732363
2024-02-11,GBP,QAR,0.21648301690732363
2024-02-12,GBP,QAR,0.21648301690732363
2024-02-13,GBP,QAR,0.21648301690732363
2024-02-14,GBP,QAR,0.21648301690732363
2024-02-15,GBP,QAR,0.21648301690732363
2024-02-16,GBP,QAR,0.21648301690732363
2024-02-17,GBP,QAR,0.21648301690732363
2024-02-18,GBP,QAR,0.21648301690732363
2024-02-19,GBP,QAR,0.21648301690732363
2024-02-20,GBP,QAR,0.21648301690732363
2024-02-21,GBP,QAR,0.21648301690732363
2024-02-22,GBP,QAR,0.21648301690732363
2024-02-23,GBP,QAR,0.21648301690732363
2024-02-24,GBP,QAR,0.21648301690732363
2024-02-25,GBP,QAR,0.21648301690732363
2024-02-26,GBP,QAR,0.21648301690732363
2024-02-27,GBP,QAR,0.21648301690732363
2024-02-28,GBP,QAR,0.21648301690732363
2024-02-29,GBP,QAR,0.21648301690732363
2024-03-01,GBP,QAR,0.21778426290916217
2024-03-02,GBP,QAR,0.21778426290916217
2024-03-03,GBP,QAR,0.21778426290916217
2024-03-04,GBP,QAR,0.21778426290916217
2024-03-05,GBP,QAR,0.21778426290916217
2024-03-06,GBP,QAR,0.21778426290916217
2024-03-07,GBP,QAR,0.21778426290916217
2024-03-08,GBP,QAR,0.21778426290916217
2024-03-09,GBP,QAR,0.21778426290916217
2024-03-10,GBP,QAR,0.21778426290916217
2024-03-11,GBP,QAR,0.21778426290916217
2024-03-12,GBP,QAR,0.21778426290916217
2024-03-13,GBP,QAR,0.21778426290916217
2024-03-14,GBP,QAR,0.21778426290916217
2024-03-15,GBP,QAR,0.21778426290916217
2024-03-16,GBP,QAR,0.21778426290916217
2024-03-17,GBP,QAR,0.21778426290916217
2024-03-18,GBP,QAR,0.21778426290916217
2024-03-19,GBP,QAR,0.21778426290916217
2024-03-20,GBP,QAR,0.21778426290916217
2024-03-21,GBP,QAR,0.21778426290916217
2024-03-22,GBP,QAR,0.21778426290916217
2024-03-23,GBP,QAR,0.21778426290916217
2024-03-24,GBP,QAR,0.21778426290916217
2024-03-25,GBP,QAR,0.21778426290916217
2024-03-26,GBP,QAR,0.21778426290916217
2024-03-27,GBP,QAR,0.21778426290916217
2024-03-28,GBP,QAR,0.21778426290916217
2024-03-29,GBP,QAR,0.21778426290916217
2024-03-30,GBP,QAR,0.21778426290916217
2024-03-31,GBP,QAR,0.21778426290916217
2024-04-01,GBP,QAR,0.21643616215397268
2024-04-02,GBP,QAR,0.21643616215397268
2024-04-03,GBP,QAR,0.21643616215397268
2024-04-04,GBP,QAR,0.21643616215397268
2024-04-05,GBP,QAR,0.21643616215397268
2024-04-06,GBP,QAR,0.21643616215397268
2024-04-07,GBP,QAR,0.21643616215397268
2024-04-08,GBP,QAR,0.21643616215397268
2024-04-09,GBP,QAR,0.21643616215397268
2024-04-10,GBP,QAR,0.21643616215397268
2024-04-11,GBP,QAR,0.21643616215397268
2024-04-12,GBP,QAR,0.21643616215397268
2024-04-13,GBP,QAR,0.21643616215397268
2024-04-14,GBP,QAR,0.21643616215397268
2024-04-15,GBP,QAR,0.21643616215397268
2024-04-16,GBP,QAR,0.21643616215397268
2024-04-17,GBP,QAR,0.21643616215397268
2024-04-18,GBP,QAR,0.21643616215397268
2024-04-19,GBP,QAR,0.21643616215397268
2024-04-20,GBP,QAR,0.21643616215397268
2024-04-21,GBP,QAR,0.21643616215397268
2024-04-22,GBP,QAR,0.21643616215397268
2024-04-23,GBP,QAR,0.21643616215397268
2024-04-24,GBP,QAR,0.21643616215397268
2024-04-25,GBP,QAR,0.21643616215397268
2024-04-26,GBP,QAR,0.21643616215397268
2024-04-27,GBP,QAR,0.21643616215397268
2024-04-28,GBP,QAR,0.21643616215397268
2024-04-29,GBP,QAR,0.21643616215397268
2024-04-30,GBP,QAR,0.21643616215397268
2024-06-01,GBP,QAR,0.21616480404660512
2024-06-02,GBP,QAR,0.21616480404660512
2024-06-03,GBP,QAR,0.21616480404660512
2024-06-04,GBP,QAR,0.21616480404660512
2024-06-05,GBP,QAR,0.21616480404660512
2024-06-06,GBP,QAR,0.21616480404660512
2024-06-07,GBP,QAR,0.21616480404660512
2024-06-08,GBP,QAR,0.21616480404660512
2024-06-09,GBP,QAR,0.21616480404660512
2024-06-10,GBP,QAR,0.21616480404660512
2024-06-11,GBP,QAR,0.21616480404660512
2024-06-12,GBP,QAR,0.21616480404660512
2024-06-13,GBP,QAR,0.21616480404660512
2024-06-14,GBP,QAR,0.21616480404660512
2024-06-15,GBP,QAR,0.21616480404660512
2024-06-16,GBP,QAR,0.21616480404660512
2024-06-17,GBP,QAR,0.21616480404660512
2024-06-18,GBP,QAR,0.21616480404660512
2024-06-19,GBP,QAR,0.21616480404660512
2024-06-20,GBP,QAR,0.21616480404660512
2024-06-21,GBP,QAR,0.21616480404660512
2024-06-22,GBP,QAR,0.21616480404660512
2024-06-23,GBP,QAR,0.21616480404660512
2024-06-24,GBP,QAR,0.21616480404660512
2024-06-25,GBP,QAR,0.21616480404660512
2024-06-26,GBP,QAR,0.21616480404660512
2024-06-27,GBP,QAR,0.21616480404660512
2024-06-28,GBP,QAR,0.21616480404660512
2024-06-29,GBP,QAR,0.21616480404660512
2024-06-30,GBP,QAR,0.21616480404660512
2024-07-01,GBP,QAR,0.21577766269635765
2024-07-02,GBP,QAR,0.21577766269635765
2024-07-03,GBP,QAR,0.21577766269635765
2024-07-04,GBP,QAR,0.21577766269635765
2024-07-05,GBP,QAR,0.21577766269635765
2024-07-06,GBP,QAR,0.21577766269635765
2024-07-07,GBP,QAR,0.21577766269635765
2024-07-08,GBP,QAR,0.21577766269635765
2024-07-09,GBP,QAR,0.21577766269635765
2024-07-10,GBP,QAR,0.21577766269635765
2024-07-11,GBP,QAR,0.21577766269635765
2024-07-12,GBP,QAR,0.21577766269635765
2024-07-13,GBP,QAR,0.21577766269635765
2024-07-14,GBP,QAR,0.21577766269635765
2024-07-15,GBP,QAR,0.21577766269635765
2024-07-16,GBP,QAR,0.21577766269635765
2024-07-17,GBP,QAR,0.21577766269635765
2024-07-18,GBP,QAR,0.21577766269635765
2024-07-19,GBP,QAR,0.21577766269635765
2024-07-20,GBP,QAR,0.21577766269635765
2024-07-21,GBP,QAR,0.21577766269635765
2024-07-22,GBP,QAR,0.21577766269635765
2024-07-23,GBP,QAR,0.21577766269635765
2024-07-24,GBP,QAR,0.21577766269635765
2024-07-25,GBP,QAR,0.21577766269635765
2024-07-26,GBP,QAR,0.21577766269635765
2024-07-27,GBP,QAR,0.21577766269635765
2024-07-28,GBP,QAR,0.21577766269635765
2024-07-29,GBP,QAR,0.21577766269635765
2024-07-30,GBP,QAR,0.21577766269635765
2024-07-31,GBP,QAR,0.21577766269635765
2024-08-01,GBP,QAR,0.2107881368436584
2024-08-02,GBP,QAR,0.2107881368436584
2024-08-03,GBP,QAR,0.2107881368436584
2024-08-04,GBP,QAR,0.2107881368436584
2024-08-05,GBP,QAR,0.2107881368436584
2024-08-06,GBP,QAR,0.2107881368436584
2024-08-07,GBP,QAR,0.2107881368436584
2024-08-08,GBP,QAR,0.2107881368436584
2024-08-09,GBP,QAR,0.2107881368436584
2024-08-10,GBP,QAR,0.2107881368436584
2024-08-11,GBP,QAR,0.2107881368436584
2024-08-12,GBP,QAR,0.2107881368436584
2024-08-13,GBP,QAR,0.2107881368436584
2024-08-14,GBP,QAR,0.2107881368436584
2024-08-15,GBP,QAR,0.2107881368436584
2024-08-16,GBP,QAR,0.2107881368436584
2024-08-17,GBP,QAR,0.2107881368436584
2024-08-18,GBP,QAR,0.2107881368436584
2024-08-19,GBP,QAR,0.2107881368436584
2024-08-20,GBP,QAR,0.2107881368436584
2024-08-21,GBP,QAR,0.2107881368436584
2024-08-22,GBP,QAR,0.2107881368436584
2024-08-23,GBP,QAR,0.2107881368436584
2024-08-24,GBP,QAR,0.2107881368436584
2024-08-25,GBP,QAR,0.2107881368436584
2024-08-26,GBP,QAR,0.2107881368436584
2024-08-27,GBP,QAR,0.2107881368436584
2024-08-28,GBP,QAR,0.2107881368436584
2024-08-29,GBP,QAR,0.2107881368436584
2024-08-30,GBP,QAR,0.2107881368436584
2024-08-31,GBP,QAR,0.2107881368436584
2024-09-01,GBP,QAR,0.21080146717821155
2024-09-02,GBP,QAR,0.21080146717821155
2024-09-03,GBP,QAR,0.21080146717821155
2024-09-04,GBP,QAR,0.21080146717821155
2024-09-05,GBP,QAR,0.21080146717821155
2024-09-06,GBP,QAR,0.21080146717821155
2024-09-07,GBP,QAR,0.21080146717821155
2024-09-08,GBP,QAR,0.21080146717821155
2024-09-09,GBP,QAR,0.21080146717821155
2024-09-10,GBP,QAR,0.21080146717821155
2024-09-11,GBP,QAR,0.21080146717821155
2024-09-12,GBP,QAR,0.21080146717821155
2024-09-13,GBP,QAR,0.21080146717821155
2024-09-14,GBP,QAR,0.21080146717821155
2024-09-15,GBP,QAR,0.21080146717821155
2024-09-16,GBP,QAR,0.21080146717821155
2024-09-17,GBP,QAR,0.21080146717821155
2024-09-18,GBP,QAR,0.21080146717821155
2024-09-19,GBP,QAR,0.21080146717821155
2024-09-20,GBP,QAR,0.21080146717821155
2024-09-21,GBP,QAR,0.21080146717821155
2024-09-22,GBP,QAR,0.21080146717821155
2024-09-23,GBP,QAR,0.21080146717821155
2024-09-24,GBP,QAR,0.21080146717821155
2024-09-25,GBP,QAR,0.21080146717821155
2024-09-26,GBP,QAR,0.21080146717821155
2024-09-27,GBP,QAR,0.21080146717821155
2024-09-28,GBP,QAR,0.21080146717821155
2024-09-29,GBP,QAR,0.21080146717821155
2024-09-30,GBP,QAR,0.21080146717821155
2024-10-01,GBP,QAR,0.2079520878389619
2024-10-02,GBP,QAR,0.2079520878389619
2024-10-03,GBP,QAR,0.2079520878389619
2024-10-04,GBP,QAR,0.2079520878389619
2024-10-05,GBP,QAR,0.2079520878389619
2024-10-06,GBP,QAR,0.2079520878389619
2024-10-07,GBP,QAR,0.2079520878389619
2024-10-08,GBP,QAR,0.2079520878389619
2024-10-09,GBP,QAR,0.2079520878389619
2024-10-10,GBP,QAR,0.2079520878389619
2024-10-11,GBP,QAR,0.2079520878389619
2024-10-12,GBP,QAR,0.2079520878389619
2024-10-13,GBP,QAR,0.2079520878389619
2024-10-14,GBP,QAR,0.2079520878389619
2024-10-15,GBP,QAR,0.2079520878389619
2024-10-16,GBP,QAR,0.2079520878389619
2024-10-17,GBP,QAR,0.2079520878389619
2024-10-18,GBP,QAR,0.2079520878389619
2024-10-19,GBP,QAR,0.2079520878389619
2024-10-20,GBP,QAR,0.2079520878389619
2024-10-21,GBP,QAR,0.2079520878389619
2024-10-22,GBP,QAR,0.2079520878389619
2024-10-23,GBP,QAR,0.2079520878389619
2024-10-24,GBP,QAR,0.2079520878389619
2024-10-25,GBP,QAR,0.2079520878389619
2024-10-26,GBP,QAR,0.2079520878389619
2024-10-27,GBP,QAR,0.2079520878389619
2024-10-28,GBP,QAR,0.2079520878389619
2024-10-29,GBP,QAR,0.2079520878389619
2024-10-30,GBP,QAR,0.2079520878389619
2024-10-31,GBP,QAR,0.2079520878389619
2024-11-01,GBP,QAR,0.2121070716497688
2024-11-02,GBP,QAR,0.2121070716497688
2024-11-03,GBP,QAR,0.2121070716497688
2024-11-04,GBP,QAR,0.2121070716497688
2024-11-05,GBP,QAR,0.2121070716497688
2024-11-06,GBP,QAR,0.2121070716497688
2024-11-07,GBP,QAR,0.2121070716497688
2024-11-08,GBP,QAR,0.2121070716497688
2024-11-09,GBP,QAR,0.2121070716497688
2024-11-10,GBP,QAR,0.2121070716497688
2024-11-11,GBP,QAR,0.2121070716497688
2024-11-12,GBP,QAR,0.2121070716497688
2024-11-13,GBP,QAR,0.2121070716497688
2024-11-14,GBP,QAR,0.2121070716497688
2024-11-15,GBP,QAR,0.2121070716497688
2024-11-16,GBP,QAR,0.2121070716497688
2024-11-17,GBP,QAR,0.2121070716497688
2024-11-18,GBP,QAR,0.2121070716497688
2024-11-19,GBP,QAR,0.2121070716497688
2024-11-20,GBP,QAR,0.2121070716497688
2024-11-21,GBP,QAR,0.2121070716497688
2024-11-22,GBP,QAR,0.2121070716497688
2024-11-23,GBP,QAR,0.2121070716497688
2024-11-24,GBP,QAR,0.2121070716497688
2024-11-25,GBP,QAR,0.2121070716497688
2024-11-26,GBP,QAR,0.2121070716497688
2024-11-27,GBP,QAR,0.2121070716497688
2024-11-28,GBP,QAR,0.2121070716497688
2024-11-29,GBP,QAR,0.2121070716497688
2024-11-30,GBP,QAR,0.2121070716497688
2024-12-01,GBP,QAR,0.21696680407897592
2024-12-02,GBP,QAR,0.21696680407897592
2024-12-03,GBP,QAR,0.21696680407897592
2024-12-04,GBP,QAR,0.21696680407897592
2024-12-05,GBP,QAR,0.21696680407897592
2024-12-06,GBP,QAR,0.21696680407897592
2024-12-07,GBP,QAR,0.21696680407897592
2024-12-08,GBP,QAR,0.21696680407897592
2024-12-09,GBP,QAR,0.21696680407897592
2024-12-10,GBP,QAR,0.21696680407897592
2024-12-11,GBP,QAR,0.21696680407897592
2024-12-12,GBP,QAR,0.21696680407897592
2024-12-13,GBP,QAR,0.21696680407897592
2024-12-14,GBP,QAR,0.21696680407897592
2024-12-15,GBP,QAR,0.21696680407897592
2024-12-16,GBP,QAR,0.21696680407897592
2024-12-17,GBP,QAR,0.21696680407897592
2024-12-18,GBP,QAR,0.21696680407897592
2024-12-19,GBP,QAR,0.21696680407897592
2024-12-20,GBP,QAR,0.21696680407897592
2024-12-21,GBP,QAR,0.21696680407897592
2024-12-22,GBP,QAR,0.21696680407897592
2024-12-23,GBP,QAR,0.21696680407897592
2024-12-24,GBP,QAR,0.21696680407897592
2024-12-25,GBP,QAR,0.21696680407897592
2024-12-26,GBP,QAR,0.21696680407897592
2024-12-27,GBP,QAR,0.21696680407897592
2024-12-28,GBP,QAR,0.21696680407897592
2024-12-29,GBP,QAR,0.21696680407897592
2024-12-30,GBP,QAR,0.21696680407897592
2024-12-31,GBP,QAR,0.21696680407897592
2025-01-01,GBP,QAR,0.21620219229022983
2025-01-02,GBP,QAR,0.21620219229022983
2025-01-03,GBP,QAR,0.21620219229022983
2025-01-04,GBP,QAR,0.21620219229022983
2025-01-05,GBP,QAR,0.21620219229022983
2025-01-06,GBP,QAR,0.21620219229022983
2025-01-07,GBP,QAR,0.21620219229022983
2025-01-08,GBP,QAR,0.21620219229022983
2025-01-09,GBP,QAR,0.21620219229022983
2025-01-10,GBP,QAR,0.21620219229022983
2025-01-11,GBP,QAR,0.21620219229022983
2025-01-12,GBP,QAR,0.21620219229022983
2025-01-13,GBP,QAR,0.21620219229022983
2025-01-14,GBP,QAR,0.21620219229022983
2025-01-15,GBP,QAR,0.21620219229022983
2025-01-16,GBP,QAR,0.21620219229022983
2025-01-17,GBP,QAR,0.21620219229022983
2025-01-18,GBP,QAR,0.21620219229022983
2025-01-19,GBP,QAR,0.21620219229022983
2025-01-20,GBP,QAR,0.21620219229022983
2025-01-21,GBP,QAR,0.21620219229022983
2025-01-22,GBP,QAR,0.21620219229022983
2025-01-23,GBP,QAR,0.21620219229022983
2025-01-24,GBP,QAR,0.21620219229022983
2025-01-25,GBP,QAR,0.21620219229022983
2025-01-26,GBP,QAR,0.21620219229022983
2025-01-27,GBP,QAR,0.21620219229022983
2025-01-28,GBP,QAR,0.21620219229022983
2025-01-29,GBP,QAR,0.21620219229022983
2025-01-30,GBP,QAR,0.21620219229022983
2025-01-31,GBP,QAR,0.21620219229022983
2025-02-01,GBP,QAR,0.22233091733736493
2025-02-02,GBP,QAR,0.22233091733736493
2025-02-03,GBP,QAR,0.22233091733736493
2025-02-04,GBP,QAR,0.22233091733736493
2025-02-05,GBP,QAR,0.22233091733736493
2025-02-06,GBP,QAR,0.22233091733736493
2025-02-07,GBP,QAR,0.22233091733736493
2025-02-08,GBP,QAR,0.22233091733736493
2025-02-09,GBP,QAR,0.22233091733736493
2025-02-10,GBP,QAR,0.22233091733736493
2025-02-11,GBP,QAR,0.22233091733736493
2025-02-12,GBP,QAR,0.22233091733736493
2025-02-13,GBP,QAR,0.22233091733736493
2025-02-14,GBP,QAR,0.22233091733736493
2025-02-15,GBP,QAR,0.22233091733736493
2025-02-16,GBP,QAR,0.22233091733736493
2025-02-17,GBP,QAR,0.22233091733736493
2025-02-18,GBP,QAR,0.22233091733736493
2025-02-19,GBP,QAR,0.22233091733736493
2025-02-20,GBP,QAR,0.22233091733736493
2025-02-21,GBP,QAR,0.22233091733736493
2025-02-22,GBP,QAR,0.22233091733736493
2025-02-23,GBP,QAR,0.22233091733736493
2025-02-24,GBP,QAR,0.22233091733736493
2025-02-25,GBP,QAR,0.22233091733736493
2025-02-26,GBP,QAR,0.22233091733736493
2025-02-27,GBP,QAR,0.22233091733736493
2025-02-28,GBP,QAR,0.22233091733736493
2025-03-01,GBP,QAR,0.21829294913774283
2025-03-02,GBP,QAR,0.21829294913774283
2025-03-03,GBP,QAR,0.21829294913774283
2025-03-04,GBP,QAR,0.21829294913774283
2025-03-05,GBP,QAR,0.21829294913774283
2025-03-06,GBP,QAR,0.21829294913774283
2025-03-07,GBP,QAR,0.21829294913774283
2025-03-08,GBP,QAR,0.21829294913774283
2025-03-09,GBP,QAR,0.21829294913774283
2025-03-10,GBP,QAR,0.21829294913774283
2025-03-11,GBP,QAR,0.21829294913774283
2025-03-12,GBP,QAR,0.21829294913774283
2025-03-13,GBP,QAR,0.21829294913774283
2025-03-14,GBP,QAR,0.21829294913774283
2025-03-15,GBP,QAR,0.21829294913774283
2025-03-16,GBP,QAR,0.21829294913774283
2025-03-17,GBP,QAR,0.21829294913774283
2025-03-18,GBP,QAR,0.21829294913774283
2025-03-19,GBP,QAR,0.21829294913774283
2025-03-20,GBP,QAR,0.21829294913774283
2025-03-21,GBP,QAR,0.21829294913774283
2025-03-22,GBP,QAR,0.21829294913774283
2025-03-23,GBP,QAR,0.21829294913774283
2025-03-24,GBP,QAR,0.21829294913774283
2025-03-25,GBP,QAR,0.21829294913774283
2025-03-26,GBP,QAR,0.21829294913774283
2025-03-27,GBP,QAR,0.21829294913774283
2025-03-28,GBP,QAR,0.21829294913774283
2025-03-29,GBP,QAR,0.21829294913774283
2025-03-30,GBP,QAR,0.21829294913774283
2025-03-31,GBP,QAR,0.21829294913774283
2025-04-01,GBP,QAR,0.21168501270110077
2025-04-02,GBP,QAR,0.21168501270110077
2025-04-03,GBP,QAR,0.21168501270110077
2025-04-04,GBP,QAR,0.21168501270110077
2025-04-05,GBP,QAR,0.21168501270110077
2025-04-06,GBP,QAR,0.21168501270110077
2025-04-07,GBP,QAR,0.21168501270110077
2025-04-08,GBP,QAR,0.21168501270110077
2025-04-09,GBP,QAR,0.21168501270110077
2025-04-10,GBP,QAR,0.21168501270110077
2025-04-11,GBP,QAR,0.21168501270110077
2025-04-12,GBP,QAR,0.21168501270110077
2025-04-13,GBP,QAR,0.21168501270110077
2025-04-14,GBP,QAR,0.21168501270110077
2025-04-15,GBP,QAR,0.21168501270110077
2025-04-16,GBP,QAR,0.21168501270110077
2025-04-17,GBP,QAR,0.21168501270110077
2025-04-18,GBP,QAR,0.21168501270110077
2025-04-19,GBP,QAR,0.21168501270110077
2025-04-20,GBP,QAR,0.21168501270110077
2025-04-21,GBP,QAR,0.21168501270110077
2025-04-22,GBP,QAR,0.21168501270110077
2025-04-23,GBP,QAR,0.21168501270110077
2025-04-24,GBP,QAR,0.21168501270110077
2025-04-25,GBP,QAR,0.21168501270110077
2025-04-26,GBP,QAR,0.21168501270110077
2025-04-27,GBP,QAR,0.21168501270110077
2025-04-28,GBP,QAR,0.21168501270110077
2025-04-29,GBP,QAR,0.21168501270110077
2025-04-30,GBP,QAR,0.21168501270110077
2025-05-01,GBP,QAR,0.2070136214962945
2025-05-02,GBP,QAR,0.2070136214962945
2025-05-03,GBP,QAR,0.2070136214962945
2025-05-04,GBP,QAR,0.2070136214962945
2025-05-05,GBP,QAR,0.2070136214962945
2025-05-06,GBP,QAR,0.2070136214962945
2025-05-07,GBP,QAR,0.2070136214962945
2025-05-08,GBP,QAR,0.2070136214962945
2025-05-09,GBP,QAR,0.2070136214962945
2025-05-10,GBP,QAR,0.2070136214962945
2025-05-11,GBP,QAR,0.2070136214962945
2025-05-12,GBP,QAR,0.2070136214962945
2025-05-13,GBP,QAR,0.2070136214962945
2025-05-14,GBP,QAR,0.2070136214962945
2025-05-15,GBP,QAR,0.2070136214962945
2025-05-16,GBP,QAR,0.2070136214962945
2025-05-17,GBP,QAR,0.2070136214962945
2025-05-18,GBP,QAR,0.2070136214962945
2025-05-19,GBP,QAR,0.2070136214962945
2025-05-20,GBP,QAR,0.2070136214962945
2025-05-21,GBP,QAR,0.2070136214962945
2025-05-22,GBP,QAR,0.2070136214962945
2025-05-23,GBP,QAR,0.2070136214962945
2025-05-24,GBP,QAR,0.2070136214962945
2025-05-25,GBP,QAR,0.2070136214962945
2025-05-26,GBP,QAR,0.2070136214962945
2025-05-27,GBP,QAR,0.2070136214962945
2025-05-28,GBP,QAR,0.2070136214962945
2025-05-29,GBP,QAR,0.2070136214962945
2025-05-30,GBP,QAR,0.2070136214962945
2025-05-31,GBP,QAR,0.2070136214962945
2025-06-01,GBP,QAR,0.20483408439164277
2025-06-02,GBP,QAR,0.20483408439164277
2025-06-03,GBP,QAR,0.20483408439164277
2025-06-04,GBP,QAR,0.20483408439164277
2025-06-05,GBP,QAR,0.20483408439164277
2025-06-06,GBP,QAR,0.20483408439164277
2025-06-07,GBP,QAR,0.20483408439164277
2025-06-08,GBP,QAR,0.20483408439164277
2025-06-09,GBP,QAR,0.20483408439164277
2025-06-10,GBP,QAR,0.20483408439164277
2025-06-11,GBP,QAR,0.20483408439164277
2025-06-12,GBP,QAR,0.20483408439164277
2025-06-13,GBP,QAR,0.20483408439164277
2025-06-14,GBP,QAR,0.20483408439164277
2025-06-15,GBP,QAR,0.20483408439164277
2025-06-16,GBP,QAR,0.20483408439164277
2025-06-17,GBP,QAR,0.20483408439164277
2025-06-18,GBP,QAR,0.20483408439164277
2025-06-19,GBP,QAR,0.20483408439164277
2025-06-20,GBP,QAR,0.20483408439164277
2025-06-21,GBP,QAR,0.20483408439164277
2025-06-22,GBP,QAR,0.20483408439164277
2025-06-23,GBP,QAR,0.20483408439164277
2025-06-24,GBP,QAR,0.20483408439164277
2025-06-25,GBP,QAR,0.20483408439164277
2025-06-26,GBP,QAR,0.20483408439164277
2025-06-27,GBP,QAR,0.20483408439164277
2025-06-28,GBP,QAR,0.20483408439164277
2025-06-29,GBP,QAR,0.20483408439164277
2025-06-30,GBP,QAR,0.20483408439164277
2025-07-01,GBP,QAR,0.20423585156138307
2025-07-02,GBP,QAR,0.20423585156138307
2025-07-03,GBP,QAR,0.20423585156138307
2025-07-04,GBP,QAR,0.20423585156138307
2025-07-05,GBP,QAR,0.20423585156138307
2025-07-06,GBP,QAR,0.20423585156138307
2025-07-07,GBP,QAR,0.20423585156138307
2025-07-08,GBP,QAR,0.20423585156138307
2025-07-09,GBP,QAR,0.20423585156138307
2025-07-10,GBP,QAR,0.20423585156138307
2025-07-11,GBP,QAR,0.20423585156138307
2025-07-12,GBP,QAR,0.20423585156138307
2025-07-13,GBP,QAR,0.20423585156138307
2025-07-14,GBP,QAR,0.20423585156138307
2025-07-15,GBP,QAR,0.20423585156138307
2025-07-16,GBP,QAR,0.20423585156138307
2025-07-17,GBP,QAR,0.20423585156138307
2025-07-18,GBP,QAR,0.20423585156138307
2025-07-19,GBP,QAR,0.20423585156138307
2025-07-20,GBP,QAR,0.20423585156138307
2025-07-21,GBP,QAR,0.20423585156138307
2025-07-22,GBP,QAR,0.20423585156138307
2025-07-23,GBP,QAR,0.20423585156138307
2025-07-24,GBP,QAR,0.20423585156138307
2025-07-25,GBP,QAR,0.20423585156138307
2025-07-26,GBP,QAR,0.20423585156138307
2025-07-27,GBP,QAR,0.20423585156138307
2025-07-28,GBP,QAR,0.20423585156138307
2025-07-29,GBP,QAR,0.20423585156138307
2025-07-30,GBP,QAR,0.20423585156138307
2025-07-31,GBP,QAR,0.20423585156138307
2025-08-01,GBP,QAR,0.2028850250563006
2025-08-02,GBP,QAR,0.2028850250563006
2025-08-03,GBP,QAR,0.2028850250563006
2025-08-04,GBP,QAR,0.2028850250563006
2025-08-05,GBP,QAR,0.2028850250563006
2025-08-06,GBP,QAR,0.2028850250563006
2025-08-07,GBP,QAR,0.2028850250563006
2025-08-08,GBP,QAR,0.2028850250563006
2025-08-09,GBP,QAR,0.2028850250563006
2025-08-10,GBP,QAR,0.2028850250563006
2025-08-11,GBP,QAR,0.2028850250563006
2025-08-12,GBP,QAR,0.2028850250563006
2025-08-13,GBP,QAR,0.2028850250563006
2025-08-14,GBP,QAR,0.2028850250563006
2025-08-15,GBP,QAR,0.2028850250563006
2025-08-16,GBP,QAR,0.2028850250563006
2025-08-17,GBP,QAR,0.2028850250563006
2025-08-18,GBP,QAR,0.2028850250563006
2025-08-19,GBP,QAR,0.2028850250563006
2025-08-20,GBP,QAR,0.2028850250563006
2025-08-21,GBP,QAR,0.2028850250563006
2025-08-22,GBP,QAR,0.2028850250563006
2025-08-23,GBP,QAR,0.2028850250563006
2025-08-24,GBP,QAR,0.2028850250563006
2025-08-25,GBP,QAR,0.2028850250563006
2025-08-26,GBP,QAR,0.2028850250563006
2025-08-27,GBP,QAR,0.2028850250563006
2025-08-28,GBP,QAR,0.2028850250563006
2025-08-29,GBP,QAR,0.2028850250563006
2025-08-30,GBP,QAR,0.2028850250563006
2025-08-31,GBP,QAR,0.2028850250563006
2025-09-01,GBP,QAR,0.20390269763268967
2025-09-02,GBP,QAR,0.20390269763268967
2025-09-03,GBP,QAR,0.20390269763268967
2025-09-04,GBP,QAR,0.20390269763268967
2025-09-05,GBP,QAR,0.20390269763268967
2025-09-06,GBP,QAR,0.20390269763268967
2025-09-07,GBP,QAR,0.20390269763268967
2025-09-08,GBP,QAR,0.20390269763268967
2025-09-09,GBP,QAR,0.20390269763268967
2025-09-10,GBP,QAR,0.20390269763268967
2025-09-11,GBP,QAR,0.20390269763268967
2025-09-12,GBP,QAR,0.20390269763268967
2025-09-13,GBP,QAR,0.20390269763268967
2025-09-14,GBP,QAR,0.20390269763268967
2025-09-15,GBP,QAR,0.20390269763268967
2025-09-16,GBP,QAR,0.20390269763268967
2025-09-17,GBP,QAR,0.20390269763268967
2025-09-18,GBP,QAR,0.20390269763268967
2025-09-19,GBP,QAR,0.20390269763268967
2025-09-20,GBP,QAR,0.20390269763268967
2025-09-21,GBP,QAR,0.20390269763268967
2025-09-22,GBP,QAR,0.20390269763268967
2025-09-23,GBP,QAR,0.20390269763268967
2025-09-24,GBP,QAR,0.20390269763268967
2025-09-25,GBP,QAR,0.20390269763268967
2025-09-26,GBP,QAR,0.20390269763268967
2025-09-27,GBP,QAR,0.20390269763268967
2025-09-28,GBP,QAR,0.20390269763268967
2025-09-29,GBP,QAR,0.20390269763268967
2025-09-30,GBP,QAR,0.20390269763268967
2025-10-01,GBP,QAR,0.2013004005877972
2025-10-02,GBP,QAR,0.2013004005877972
2025-10-03,GBP,QAR,0.2013004005877972
2025-10-04,GBP,QAR,0.2013004005877972
2025-10-05,GBP,QAR,0.2013004005877972
2025-10-06,GBP,QAR,0.2013004005877972
2025-10-07,GBP,QAR,0.2013004005877972
2025-10-08,GBP,QAR,0.2013004005877972
2025-10-09,GBP,QAR,0.2013004005877972
2025-10-10,GBP,QAR,0.2013004005877972
2025-10-11,GBP,QAR,0.2013004005877972
2025-10-12,GBP,QAR,0.2013004005877972
2025-10-13,GBP,QAR,0.2013004005877972
2025-10-14,GBP,QAR,0.2013004005877972
2025-10-15,GBP,QAR,0.2013004005877972
2025-10-16,GBP,QAR,0.2013004005877972
2025-10-17,GBP,QAR,0.2013004005877972
2025-10-18,GBP,QAR,0.2013004005877972
2025-10-19,GBP,QAR,0.2013004005877972
2025-10-20,GBP,QAR,0.2013004005877972
2025-10-21,GBP,QAR,0.2013004005877972
2025-10-22,GBP,QAR,0.2013004005877972
2025-10-23,GBP,QAR,0.2013004005877972
2025-10-24,GBP,QAR,0.2013004005877972
2025-10-25,GBP,QAR,0.2013004005877972
2025-10-26,GBP,QAR,0.2013004005877972
2025-10-27,GBP,QAR,0.2013004005877972
2025-10-28,GBP,QAR,0.2013004005877972
2025-10-29,GBP,QAR,0.2013004005877972
2025-10-30,GBP,QAR,0.2013004005877972
2025-10-31,GBP,QAR,0.2013004005877972
2025-11-01,GBP,QAR,0.20613031558551315
2025-11-02,GBP,QAR,0.20613031558551315
2025-11-03,GBP,QAR,0.20613031558551315
2025-11-04,GBP,QAR,0.20613031558551315
2025-11-05,GBP,QAR,0.20613031558551315
2025-11-06,GBP,QAR,0.20613031558551315
2025-11-07,GBP,QAR,0.20613031558551315
2025-11-08,GBP,QAR,0.20613031558551315
2025-11-09,GBP,QAR,0.20613031558551315
2025-11-10,GBP,QAR,0.20613031558551315
2025-11-11,GBP,QAR,0.20613031558551315
2025-11-12,GBP,QAR,0.20613031558551315
2025-11-13,GBP,QAR,0.20613031558551315
2025-11-14,GBP,QAR,0.20613031558551315
2025-11-15,GBP,QAR,0.20613031558551315
2025-11-16,GBP,QAR,0.20613031558551315
2025-11-17,GBP,QAR,0.20613031558551315
2025-11-18,GBP,QAR,0.20613031558551315
2025-11-19,GBP,QAR,0.20613031558551315
2025-11-20,GBP,QAR,0.20613031558551315
2025-11-21,GBP,QAR,0.20613031558551315
2025-11-22,GBP,QAR,0.20613031558551315
2025-11-23,GBP,QAR,0.20613031558551315
2025-11-24,GBP,QAR,0.20613031558551315
2025-11-25,GBP,QAR,0.20613031558551315
2025-11-26,GBP,QAR,0.20613031558551315
2025-11-27,GBP,QAR,0.20613031558551315
2025-11-28,GBP,QAR,0.20613031558551315
2025-11-29,GBP,QAR,0.20613031558551315
2025-11-30,GBP,QAR,0.20613031558551315
2025-12-01,GBP,QAR,0.20930573288402368
2025-12-02,GBP,QAR,0.20930573288402368
2025-12-03,GBP,QAR,0.20930573288402368
2025-12-04,GBP,QAR,0.20930573288402368
2025-12-05,GBP,QAR,0.20930573288402368
2025-12-06,GBP,QAR,0.20930573288402368
2025-12-07,GBP,QAR,0.20930573288402368
2025-12-08,GBP,QAR,0.20930573288402368
2025-12-09,GBP,QAR,0.20930573288402368
2025-12-10,GBP,QAR,0.20930573288402368
2025-12-11,GBP,QAR,0.20930573288402368
2025-12-12,GBP,QAR,0.20930573288402368
2025-12-13,GBP,QAR,0.20930573288402368
2025-12-14,GBP,QAR,0.20930573288402368
2025-12-15,GBP,QAR,0.20930573288402368
2025-12-16,GBP,QAR,0.20930573288402368
2025-12-17,GBP,QAR,0.20930573288402368
2025-12-18,GBP,QAR,0.20930573288402368
2025-12-19,GBP,QAR,0.20930573288402368
2025-12-20,GBP,QAR,0.20930573288402368
2025-12-21,GBP,QAR,0.20930573288402368
2025-12-22,GBP,QAR,0.20930573288402368
2025-12-23,GBP,QAR,0.20930573288402368
2025-12-24,GBP,QAR,0.20930573288402368
2025-12-25,GBP,QAR,0.20930573288402368
2025-12-26,GBP,QAR,0.20930573288402368
2025-12-27,GBP,QAR,0.20930573288402368
2025-12-28,GBP,QAR,0.20930573288402368
2025-12-29,GBP,QAR,0.20930573288402368
2025-12-30,GBP,QAR,0.20930573288402368
2025-12-31,GBP,QAR,0.20930573288402368
2026-01-01,GBP,QAR,0.20611756946162088
2026-01-02,GBP,QAR,0.20611756946162088
2026-01-03,GBP,QAR,0.20611756946162088
2026-01-04,GBP,QAR,0.20611756946162088
2026-01-05,GBP,QAR,0.20611756946162088
2026-01-06,GBP,QAR,0.20611756946162088
2026-01-07,GBP,QAR,0.20611756946162088
2026-01-08,GBP,QAR,0.20611756946162088
2026-01-09,GBP,QAR,0.20611756946162088
2026-01-10,GBP,QAR,0.20611756946162088
2026-01-11,GBP,QAR,0.20611756946162088
2026-01-12,GBP,QAR,0.20611756946162088
2026-01-13,GBP,QAR,0.20611756946162088
2026-01-14,GBP,QAR,0.20611756946162088
2026-01-15,GBP,QAR,0.20611756946162088
2026-01-16,GBP,QAR,0.20611756946162088
2026-01-17,GBP,QAR,0.20611756946162088
2026-01-18,GBP,QAR,0.20611756946162088
2026-01-19,GBP,QAR,0.20611756946162088
2026-01-20,GBP,QAR,0.20611756946162088
2026-01-21,GBP,QAR,0.20611756946162088
2026-01-22,GBP,QAR,0.20611756946162088
2026-01-23,GBP,QAR,0.20611756946162088
2026-01-24,GBP,QAR,0.20611756946162088
2026-01-25,GBP,QAR,0.20611756946162088
2026-01-26,GBP,QAR,0.20611756946162088
2026-01-27,GBP,QAR,0.20611756946162088
2026-01-28,GBP,QAR,0.20611756946162088
2026-01-29,GBP,QAR,0.20611756946162088
2026-01-30,GBP,QAR,0.20611756946162088
2026-01-31,GBP,QAR,0.20611756946162088
