2024-01-01,GBP,BSD,0.790451347719548
2024-01-02,GBP,BSD,0.790451347719548
2024-01-03,GBP,BSD,0.790451347719548
2024-01-04,GBP,BSD,0.790451347719548
2024-01-05,GBP,BSD,0.790451347719548
2024-01-06,GBP,BSD,0.790451347719548
2024-01-07,GBP,BSD,0.790451347719548
2024-01-08,GBP,BSD,0.790451347719548
2024-01-09,GBP,BSD,0.790451347719548
2024-01-10,GBP,BSD,0.790451347719548
2024-01-11,GBP,BSD,0.790451347719548
2024-01-12,GBP,BSD,0.790451347719548
2024-01-13,GBP,BSD,0.790451347719548
2024-01-14,GBP,BSD,0.790451347719548
2024-01-15,GBP,BSD,0.790451347719548
2024-01-16,GBP,BSD,0.790451347719548
2024-01-17,GBP,BSD,0.790451347719548
2024-01-18,GBP,BSD,0.790451347719548
2024-01-19,GBP,BSD,0.790451347719548
2024-01-20,GBP,BSD,0.790451347719548
2024-01-21,GBP,BSD,0.790451347719548
2024-01-22,GBP,BSD,0.790451347719548
2024-01-23,GBP,BSD,0.790451347719548
2024-01-24,GBP,BSD,0.790451347719548
2024-01-25,GBP,BSD,0.790451347719548
2024-01-26,GBP,BSD,0.790451347719548
2024-01-27,GBP,BSD,0.790451347719548
2024-01-28,GBP,BSD,0.790451347719548
2024-01-29,GBP,BSD,0.790451347719548
2024-01-30,GBP,BSD,0.790451347719548
2024-01-31,GBP,BSD,0.790451347719548
2024-02-01,GBP,BSD,0.7880220646178093
2024-02-02,GBP,BSD,0.7880220646178093
2024-02-03,GBP,BSD,0.7880220646178093
2024-02-04,GBP,BSD,0.7880220646178093
2024-02-05,GBP,BSD,0.7880220646178093
2024-02-06,GBP,BSD,0.7880220646178093
2024-02-07,GBP,BSD,0.7880220646178093
2024-02-08,GBP,BSD,0.7880220646178093
2024-02-09,GBP,BSD,0.7880220646178093
2024-02-10,GBP,BSD,0.7880220646178093
2024-02-11,GBP,BSD,0.7880220646178093
2024-02-12,GBP,BSD,0.7880220646178093
2024-02-13,GBP,BSD,0.7880220646178093
2024-02-14,GBP,BSD,0.7880220646178093
2024-02-15,GBP,BSD,0.7880220646178093
2024-02-16,GBP,BSD,0.7880220646178093
2024-02-17,GBP,BSD,0.7880220646178093
2024-02-18,GBP,BSD,0.7880220646178093
2024-02-19,GBP,BSD,0.7880220646178093
2024-02-20,GBP,BSD,0.7880220646178093
2024-02-21,GBP,BSD,0.7880220646178093
2024-02-22,GBP,BSD,0.7880220646178093
2024-02-23,GBP,BSD,0.7880220646178093
2024-02-24,GBP,BSD,0.7880220646178093
2024-02-25,GBP,BSD,0.7880220646178093
2024-02-26,GBP,BSD,0.7880220646178093
2024-02-27,GBP,BSD,0.7880220646178093
2024-02-28,GBP,BSD,0.7880220646178093
2024-02-29,GBP,BSD,0.7880220646178093
2024-03-01,GBP,BSD,0.7927699381639448
2024-03-02,GBP,BSD,0.7927699381639448
2024-03-03,GBP,BSD,0.7927699381639448
2024-03-04,GBP,BSD,0.7927699381639448
2024-03-05,GBP,BSD,0.7927699381639448
2024-03-06,GBP,BSD,0.7927699381639448
2024-03-07,GBP,BSD,0.7927699381639448
2024-03-08,GBP,BSD,0.7927699381639448
2024-03-09,GBP,BSD,0.7927699381639448
2024-03-10,GBP,BSD,0.7927699381639448
2024-03-11,GBP,BSD,0.7927699381639448
2024-03-12,GBP,BSD,0.7927699381639448
2024-03-13,GBP,BSD,0.7927699381639448
2024-03-14,GBP,BSD,0.7927699381639448
2024-03-15,GBP,BSD,0.7927699381639448
2024-03-16,GBP,BSD,0.7927699381639448
2024-03-17,GBP,BSD,0.7927699381639448
2024-03-18,GBP,BSD,0.7927699381639448
2024-03-19,GBP,BSD,0.7927699381639448
2024-03-20,GBP,BSD,0.7927699381639448
2024-03-21,GBP,BSD,0.7927699381639448
2024-03-22,GBP,BSD,0.7927699381639448
2024-03-23,GBP,BSD,0.7927699381639448
2024-03-24,GBP,BSD,0.7927699381639448
2024-03-25,GBP,BSD,0.7927699381639448
2024-03-26,GBP,BSD,0.7927699381639448
2024-03-27,GBP,BSD,0.7927699381639448
2024-03-28,GBP,BSD,0.7927699381639448
2024-03-29,GBP,BSD,0.7927699381639448
2024-03-30,GBP,BSD,0.7927699381639448
2024-03-31,GBP,BSD,0.7927699381639448
2024-04-01,GBP,BSD,0.7878358150161505
2024-04-02,GBP,BSD,0.7878358150161505
2024-04-03,GBP,BSD,0.7878358150161505
2024-04-04,GBP,BSD,0.7878358150161505
2024-04-05,GBP,BSD,0.7878358150161505
2024-04-06,GBP,BSD,0.7878358150161505
2024-04-07,GBP,BSD,0.7878358150161505
2024-04-08,GBP,BSD,0.7878358150161505
2024-04-09,GBP,BSD,0.7878358150161505
2024-04-10,GBP,BSD,0.7878358150161505
2024-04-11,GBP,BSD,0.7878358150161505
2024-04-12,GBP,BSD,0.7878358150161505
2024-04-13,GBP,BSD,0.7878358150161505
2024-04-14,GBP,BSD,0.7878358150161505
2024-04-15,GBP,BSD,0.7878358150161505
2024-04-16,GBP,BSD,0.7878358150161505
2024-04-17,GBP,BSD,0.7878358150161505
2024-04-18,GBP,BSD,0.7878358150161505
2024-04-19,GBP,BSD,0.7878358150161505
2024-04-20,GBP,BSD,0.7878358150161505
2024-04-21,GBP,BSD,0.7878358150161505
2024-04-22,GBP,BSD,0.7878358150161505
2024-04-23,GBP,BSD,0.7878358150161505
2024-04-24,GBP,BSD,0.7878358150161505
2024-04-25,GBP,BSD,0.7878358150161505
2024-04-26,GBP,BSD,0.7878358150161505
2024-04-27,GBP,BSD,0.7878358150161505
2024-04-28,GBP,BSD,0.7878358150161505
2024-04-29,GBP,BSD,0.7878358150161505
2024-04-30,GBP,BSD,0.7878358150161505
2024-05-01,GBP,BSD,0.8027614995584812
2024-05-02,GBP,BSD,0.8027614995584812
2024-05-03,GBP,BSD,0.8027614995584812
2024-05-04,GBP,BSD,0.8027614995584812
2024-05-05,GBP,BSD,0.8027614995584812
2024-05-06,GBP,BSD,0.8027614995584812
2024-05-07,GBP,BSD,0.8027614995584812
2024-05-08,GBP,BSD,0.8027614995584812
2024-05-09,GBP,BSD,0.8027614995584812
2024-05-10,GBP,BSD,0.8027614995584812
2024-05-11,GBP,BSD,0.8027614995584812
2024-05-12,GBP,BSD,0.8027614995584812
2024-05-13,GBP,BSD,0.8027614995584812
2024-05-14,GBP,BSD,0.8027614995584812
2024-05-15,GBP,BSD,0.8027614995584812
2024-05-16,GBP,BSD,0.8027614995584812
2024-05-17,GBP,BSD,0.8027614995584812
2024-05-18,GBP,BSD,0.8027614995584812
2024-05-19,GBP,BSD,0.8027614995584812
2024-05-20,GBP,BSD,0.8027614995584812
2024-05-21,GBP,BSD,0.8027614995584812
2024-05-22,GBP,BSD,0.8027614995584812
2024-05-23,GBP,BSD,0.8027614995584812
2024-05-24,GBP,BSD,0.8027614995584812
2024-05-25,GBP,BSD,0.8027614995584812
2024-05-26,GBP,BSD,0.8027614995584812
2024-05-27,GBP,BSD,0.8027614995584812
2024-05-28,GBP,BSD,0.8027614995584812
2024-05-29,GBP,BSD,0.8027614995584812
2024-05-30,GBP,BSD,0.8027614995584812
2024-05-31,GBP,BSD,0.8027614995584812
2024-06-01,GBP,BSD,0.7868439688409788
2024-06-02,GBP,BSD,0.7868439688409788
2024-06-03,GBP,BSD,0.7868439688409788
2024-06-04,GBP,BSD,0.7868439688409788
2024-06-05,GBP,BSD,0.7868439688409788
2024-06-06,GBP,BSD,0.7868439688409788
2024-06-07,GBP,BSD,0.7868439688409788
2024-06-08,GBP,BSD,0.7868439688409788
2024-06-09,GBP,BSD,0.7868439688409788
2024-06-10,GBP,BSD,0.7868439688409788
2024-06-11,GBP,BSD,0.7868439688409788
2024-06-12,GBP,BSD,0.7868439688409788
2024-06-13,GBP,BSD,0.7868439688409788
2024-06-14,GBP,BSD,0.7868439688409788
2024-06-15,GBP,BSD,0.7868439688409788
2024-06-16,GBP,BSD,0.7868439688409788
2024-06-17,GBP,BSD,0.7868439688409788
2024-06-18,GBP,BSD,0.7868439688409788
2024-06-19,GBP,BSD,0.7868439688409788
2024-06-20,GBP,BSD,0.7868439688409788
2024-06-21,GBP,BSD,0.7868439688409788
2024-06-22,GBP,BSD,0.7868439688409788
2024-06-23,GBP,BSD,0.7868439688409788
2024-06-24,GBP,BSD,0.7868439688409788
2024-06-25,GBP,BSD,0.7868439688409788
2024-06-26,GBP,BSD,0.7868439688409788
2024-06-27,GBP,BSD,0.7868439688409788
2024-06-28,GBP,BSD,0.7868439688409788
2024-06-29,GBP,BSD,0.7868439688409788
2024-06-30,GBP,BSD,0.7868439688409788
2024-07-01,GBP,BSD,0.7854225573358466
2024-07-02,GBP,BSD,0.7854225573358466
2024-07-03,GBP,BSD,0.7854225573358466
2024-07-04,GBP,BSD,0.7854225573358466
2024-07-05,GBP,BSD,0.7854225573358466
2024-07-06,GBP,BSD,0.7854225573358466
2024-07-07,GBP,BSD,0.7854225573358466
2024-07-08,GBP,BSD,0.7854225573358466
2024-07-09,GBP,BSD,0.7854225573358466
2024-07-10,GBP,BSD,0.7854225573358466
2024-07-11,GBP,BSD,0.7854225573358466
2024-07-12,GBP,BSD,0.7854225573358466
2024-07-13,GBP,BSD,0.7854225573358466
2024-07-14,GBP,BSD,0.7854225573358466
2024-07-15,GBP,BSD,0.7854225573358466
2024-07-16,GBP,BSD,0.7854225573358466
2024-07-17,GBP,BSD,0.7854225573358466
2024-07-18,GBP,BSD,0.7854225573358466
2024-07-19,GBP,BSD,0.7854225573358466
2024-07-20,GBP,BSD,0.7854225573358466
2024-07-21,GBP,BSD,0.7854225573358466
2024-07-22,GBP,BSD,0.7854225573358466
2024-07-23,GBP,BSD,0.7854225573358466
2024-07-24,GBP,BSD,0.7854225573358466
2024-07-25,GBP,BSD,0.7854225573358466
2024-07-26,GBP,BSD,0.7854225573358466
2024-07-27,GBP,BSD,0.7854225573358466
2024-07-28,GBP,BSD,0.7854225573358466
2024-07-29,GBP,BSD,0.7854225573358466
2024-07-30,GBP,BSD,0.7854225573358466
2024-07-31,GBP,BSD,0.7854225573358466
2024-08-01,GBP,BSD,0.7672830507174098
2024-08-02,GBP,BSD,0.7672830507174098
2024-08-03,GBP,BSD,0.7672830507174098
2024-08-04,GBP,BSD,0.7672830507174098
2024-08-05,GBP,BSD,0.7672830507174098
2024-08-06,GBP,BSD,0.7672830507174098
2024-08-07,GBP,BSD,0.7672830507174098
2024-08-08,GBP,BSD,0.7672830507174098
2024-08-09,GBP,BSD,0.7672830507174098
2024-08-10,GBP,BSD,0.7672830507174098
2024-08-11,GBP,BSD,0.7672830507174098
2024-08-12,GBP,BSD,0.7672830507174098
2024-08-13,GBP,BSD,0.7672830507174098
2024-08-14,GBP,BSD,0.7672830507174098
2024-08-15,GBP,BSD,0.7672830507174098
2024-08-16,GBP,BSD,0.7672830507174098
2024-08-17,GBP,BSD,0.7672830507174098
2024-08-18,GBP,BSD,0.7672830507174098
2024-08-19,GBP,BSD,0.7672830507174098
2024-08-20,GBP,BSD,0.7672830507174098
2024-08-21,GBP,BSD,0.7672830507174098
2024-08-22,GBP,BSD,0.7672830507174098
2024-08-23,GBP,BSD,0.7672830507174098
2024-08-24,GBP,BSD,0.7672830507174098
2024-08-25,GBP,BSD,0.7672830507174098
2024-08-26,GBP,BSD,0.7672830507174098
2024-08-27,GBP,BSD,0.7672830507174098
2024-08-28,GBP,BSD,0.7672830507174098
2024-08-29,GBP,BSD,0.7672830507174098
2024-08-30,GBP,BSD,0.7672830507174098
2024-08-31,GBP,BSD,0.7672830507174098
2024-09-01,GBP,BSD,0.7673419275629221
2024-09-02,GBP,BSD,0.7673419275629221
2024-09-03,GBP,BSD,0.7673419275629221
2024-09-04,GBP,BSD,0.7673419275629221
2024-09-05,GBP,BSD,0.7673419275629221
2024-09-06,GBP,BSD,0.7673419275629221
2024-09-07,GBP,BSD,0.7673419275629221
2024-09-08,GBP,BSD,0.7673419275629221
2024-09-09,GBP,BSD,0.7673419275629221
2024-09-10,GBP,BSD,0.7673419275629221
2024-09-11,GBP,BSD,0.7673419275629221
2024-09-12,GBP,BSD,0.7673419275629221
2024-09-13,GBP,BSD,0.7673419275629221
2024-09-14,GBP,BSD,0.7673419275629221
2024-09-15,GBP,BSD,0.7673419275629221
2024-09-16,GBP,BSD,0.7673419275629221
2024-09-17,GBP,BSD,0.7673419275629221
2024-09-18,GBP,BSD,0.7673419275629221
2024-09-19,GBP,BSD,0.7673419275629221
2024-09-20,GBP,BSD,0.7673419275629221
2024-09-21,GBP,BSD,0.7673419275629221
2024-09-22,GBP,BSD,0.7673419275629221
2024-09-23,GBP,BSD,0.7673419275629221
2024-09-24,GBP,BSD,0.7673419275629221
2024-09-25,GBP,BSD,0.7673419275629221
2024-09-26,GBP,BSD,0.7673419275629221
2024-09-27,GBP,BSD,0.7673419275629221
2024-09-28,GBP,BSD,0.7673419275629221
2024-09-29,GBP,BSD,0.7673419275629221
2024-09-30,GBP,BSD,0.7673419275629221
2024-10-01,GBP,BSD,0.7569449701006737
2024-10-02,GBP,BSD,0.7569449701006737
2024-10-03,GBP,BSD,0.7569449701006737
2024-10-04,GBP,BSD,0.7569449701006737
2024-10-05,GBP,BSD,0.7569449701006737
2024-10-06,GBP,BSD,0.7569449701006737
2024-10-07,GBP,BSD,0.7569449701006737
2024-10-08,GBP,BSD,0.7569449701006737
2024-10-09,GBP,BSD,0.7569449701006737
2024-10-10,GBP,BSD,0.7569449701006737
2024-10-11,GBP,BSD,0.7569449701006737
2024-10-12,GBP,BSD,0.7569449701006737
2024-10-13,GBP,BSD,0.7569449701006737
2024-10-14,GBP,BSD,0.7569449701006737
2024-10-15,GBP,BSD,0.7569449701006737
2024-10-16,GBP,BSD,0.7569449701006737
2024-10-17,GBP,BSD,0.7569449701006737
2024-10-18,GBP,BSD,0.7569449701006737
2024-10-19,GBP,BSD,0.7569449701006737
2024-10-20,GBP,BSD,0.7569449701006737
2024-10-21,GBP,BSD,0.7569449701006737
2024-10-22,GBP,BSD,0.7569449701006737
2024-10-23,GBP,BSD,0.7569449701006737
2024-10-24,GBP,BSD,0.7569449701006737
2024-10-25,GBP,BSD,0.7569449701006737
2024-10-26,GBP,BSD,0.7569449701006737
2024-10-27,GBP,BSD,0.7569449701006737
2024-10-28,GBP,BSD,0.7569449701006737
2024-10-29,GBP,BSD,0.7569449701006737
2024-10-30,GBP,BSD,0.7569449701006737
2024-10-31,GBP,BSD,0.7569449701006737
2024-11-01,GBP,BSD,0.7720815318097591
2024-11-02,GBP,BSD,0.7720815318097591
2024-11-03,GBP,BSD,0.7720815318097591
2024-11-04,GBP,BSD,0.7720815318097591
2024-11-05,GBP,BSD,0.7720815318097591
2024-11-06,GBP,BSD,0.7720815318097591
2024-11-07,GBP,BSD,0.7720815318097591
2024-11-08,GBP,BSD,0.7720815318097591
2024-11-09,GBP,BSD,0.7720815318097591
2024-11-10,GBP,BSD,0.7720815318097591
2024-11-11,GBP,BSD,0.7720815318097591
2024-11-12,GBP,BSD,0.7720815318097591
2024-11-13,GBP,BSD,0.7720815318097591
2024-11-14,GBP,BSD,0.7720815318097591
2024-11-15,GBP,BSD,0.7720815318097591
2024-11-16,GBP,BSD,0.7720815318097591
2024-11-17,GBP,BSD,0.7720815318097591
2024-11-18,GBP,BSD,0.7720815318097591
2024-11-19,GBP,BSD,0.7720815318097591
2024-11-20,GBP,BSD,0.7720815318097591
2024-11-21,GBP,BSD,0.7720815318097591
2024-11-22,GBP,BSD,0.7720815318097591
2024-11-23,GBP,BSD,0.7720815318097591
2024-11-24,GBP,BSD,0.7720815318097591
2024-11-25,GBP,BSD,0.7720815318097591
2024-11-26,GBP,BSD,0.7720815318097591
2024-11-27,GBP,BSD,0.7720815318097591
2024-11-28,GBP,BSD,0.7720815318097591
2024-11-29,GBP,BSD,0.7720815318097591
2024-11-30,GBP,BSD,0.7720815318097591
2024-12-01,GBP,BSD,0.78976465013426
2024-12-02,GBP,BSD,0.78976465013426
2024-12-03,GBP,BSD,0.78976465013426
2024-12-04,GBP,BSD,0.78976465013426
2024-12-05,GBP,BSD,0.78976465013426
2024-12-06,GBP,BSD,0.78976465013426
2024-12-07,GBP,BSD,0.78976465013426
2024-12-08,GBP,BSD,0.78976465013426
2024-12-09,GBP,BSD,0.78976465013426
2024-12-10,GBP,BSD,0.78976465013426
2024-12-11,GBP,BSD,0.78976465013426
2024-12-12,GBP,BSD,0.78976465013426
2024-12-13,GBP,BSD,0.78976465013426
2024-12-14,GBP,BSD,0.78976465013426
2024-12-15,GBP,BSD,0.78976465013426
2024-12-16,GBP,BSD,0.78976465013426
2024-12-17,GBP,BSD,0.78976465013426
2024-12-18,GBP,BSD,0.78976465013426
2024-12-19,GBP,BSD,0.78976465013426
2024-12-20,GBP,BSD,0.78976465013426
2024-12-21,GBP,BSD,0.78976465013426
2024-12-22,GBP,BSD,0.78976465013426
2024-12-23,GBP,BSD,0.78976465013426
2024-12-24,GBP,BSD,0.78976465013426
2024-12-25,GBP,BSD,0.78976465013426
2024-12-26,GBP,BSD,0.78976465013426
2024-12-27,GBP,BSD,0.78976465013426
2024-12-28,GBP,BSD,0.78976465013426
2024-12-29,GBP,BSD,0.78976465013426
2024-12-30,GBP,BSD,0.78976465013426
2024-12-31,GBP,BSD,0.78976465013426
2025-01-01,GBP,BSD,0.7869678130164477
2025-01-02,GBP,BSD,0.7869678130164477
2025-01-03,GBP,BSD,0.7869678130164477
2025-01-04,GBP,BSD,0.7869678130164477
2025-01-05,GBP,BSD,0.7869678130164477
2025-01-06,GBP,BSD,0.7869678130164477
2025-01-07,GBP,BSD,0.7869678130164477
2025-01-08,GBP,BSD,0.7869678130164477
2025-01-09,GBP,BSD,0.7869678130164477
2025-01-10,GBP,BSD,0.7869678130164477
2025-01-11,GBP,BSD,0.7869678130164477
2025-01-12,GBP,BSD,0.7869678130164477
2025-01-13,GBP,BSD,0.7869678130164477
2025-01-14,GBP,BSD,0.7869678130164477
2025-01-15,GBP,BSD,0.7869678130164477
2025-01-16,GBP,BSD,0.7869678130164477
2025-01-17,GBP,BSD,0.7869678130164477
2025-01-18,GBP,BSD,0.7869678130164477
2025-01-19,GBP,BSD,0.7869678130164477
2025-01-20,GBP,BSD,0.7869678130164477
2025-01-21,GBP,BSD,0.7869678130164477
2025-01-22,GBP,BSD,0.7869678130164477
2025-01-23,GBP,BSD,0.7869678130164477
2025-01-24,GBP,BSD,0.7869678130164477
2025-01-25,GBP,BSD,0.7869678130164477
2025-01-26,GBP,BSD,0.7869678130164477
2025-01-27,GBP,BSD,0.7869678130164477
2025-01-28,GBP,BSD,0.7869678130164477
2025-01-29,GBP,BSD,0.7869678130164477
2025-01-30,GBP,BSD,0.7869678130164477
2025-01-31,GBP,BSD,0.7869678130164477
2025-02-01,GBP,BSD,0.8092579104960751
2025-02-02,GBP,BSD,0.8092579104960751
2025-02-03,GBP,BSD,0.8092579104960751
2025-02-04,GBP,BSD,0.8092579104960751
2025-02-05,GBP,BSD,0.8092579104960751
2025-02-06,GBP,BSD,0.8092579104960751
2025-02-07,GBP,BSD,0.8092579104960751
2025-02-08,GBP,BSD,0.8092579104960751
2025-02-09,GBP,BSD,0.8092579104960751
2025-02-10,GBP,BSD,0.8092579104960751
2025-02-11,GBP,BSD,0.8092579104960751
2025-02-12,GBP,BSD,0.8092579104960751
2025-02-13,GBP,BSD,0.8092579104960751
2025-02-14,GBP,BSD,0.8092579104960751
2025-02-15,GBP,BSD,0.8092579104960751
2025-02-16,GBP,BSD,0.8092579104960751
2025-02-17,GBP,BSD,0.8092579104960751
2025-02-18,GBP,BSD,0.8092579104960751
2025-02-19,GBP,BSD,0.8092579104960751
2025-02-20,GBP,BSD,0.8092579104960751
2025-02-21,GBP,BSD,0.8092579104960751
2025-02-22,GBP,BSD,0.8092579104960751
2025-02-23,GBP,BSD,0.8092579104960751
2025-02-24,GBP,BSD,0.8092579104960751
2025-02-25,GBP,BSD,0.8092579104960751
2025-02-26,GBP,BSD,0.8092579104960751
2025-02-27,GBP,BSD,0.8092579104960751
2025-02-28,GBP,BSD,0.8092579104960751
2025-03-01,GBP,BSD,0.7945967421533572
2025-03-02,GBP,BSD,0.7945967421533572
2025-03-03,GBP,BSD,0.7945967421533572
2025-03-04,GBP,BSD,0.7945967421533572
2025-03-05,GBP,BSD,0.7945967421533572
2025-03-06,GBP,BSD,0.7945967421533572
2025-03-07,GBP,BSD,0.7945967421533572
2025-03-08,GBP,BSD,0.7945967421533572
2025-03-09,GBP,BSD,0.7945967421533572
2025-03-10,GBP,BSD,0.7945967421533572
2025-03-11,GBP,BSD,0.7945967421533572
2025-03-12,GBP,BSD,0.7945967421533572
2025-03-13,GBP,BSD,0.7945967421533572
2025-03-14,GBP,BSD,0.7945967421533572
2025-03-15,GBP,BSD,0.7945967421533572
2025-03-16,GBP,BSD,0.7945967421533572
2025-03-17,GBP,BSD,0.7945967421533572
2025-03-18,GBP,BSD,0.7945967421533572
2025-03-19,GBP,BSD,0.7945967421533572
2025-03-20,GBP,BSD,0.7945967421533572
2025-03-21,GBP,BSD,0.7945967421533572
2025-03-22,GBP,BSD,0.7945967421533572
2025-03-23,GBP,BSD,0.7945967421533572
2025-03-24,GBP,BSD,0.7945967421533572
2025-03-25,GBP,BSD,0.7945967421533572
2025-03-26,GBP,BSD,0.7945967421533572
2025-03-27,GBP,BSD,0.7945967421533572
2025-03-28,GBP,BSD,0.7945967421533572
2025-03-29,GBP,BSD,0.7945967421533572
2025-03-30,GBP,BSD,0.7945967421533572
2025-03-31,GBP,BSD,0.7945967421533572
2025-04-01,GBP,BSD,0.7705347511172753
2025-04-02,GBP,BSD,0.7705347511172753
2025-04-03,GBP,BSD,0.7705347511172753
2025-04-04,GBP,BSD,0.7705347511172753
2025-04-05,GBP,BSD,0.7705347511172753
2025-04-06,GBP,BSD,0.7705347511172753
2025-04-07,GBP,BSD,0.7705347511172753
2025-04-08,GBP,BSD,0.7705347511172753
2025-04-09,GBP,BSD,0.7705347511172753
2025-04-10,GBP,BSD,0.7705347511172753
2025-04-11,GBP,BSD,0.7705347511172753
2025-04-12,GBP,BSD,0.7705347511172753
2025-04-13,GBP,BSD,0.7705347511172753
2025-04-14,GBP,BSD,0.7705347511172753
2025-04-15,GBP,BSD,0.7705347511172753
2025-04-16,GBP,BSD,0.7705347511172753
2025-04-17,GBP,BSD,0.7705347511172753
2025-04-18,GBP,BSD,0.7705347511172753
2025-04-19,GBP,BSD,0.7705347511172753
2025-04-20,GBP,BSD,0.7705347511172753
2025-04-21,GBP,BSD,0.7705347511172753
2025-04-22,GBP,BSD,0.7705347511172753
2025-04-23,GBP,BSD,0.7705347511172753
2025-04-24,GBP,BSD,0.7705347511172753
2025-04-25,GBP,BSD,0.7705347511172753
2025-04-26,GBP,BSD,0.7705347511172753
2025-04-27,GBP,BSD,0.7705347511172753
2025-04-28,GBP,BSD,0.7705347511172753
2025-04-29,GBP,BSD,0.7705347511172753
2025-04-30,GBP,BSD,0.7705347511172753
2025-05-01,GBP,BSD,0.7535227187099691
2025-05-02,GBP,BSD,0.7535227187099691
2025-05-03,GBP,BSD,0.7535227187099691
2025-05-04,GBP,BSD,0.7535227187099691
2025-05-05,GBP,BSD,0.7535227187099691
2025-05-06,GBP,BSD,0.7535227187099691
2025-05-07,GBP,BSD,0.7535227187099691
2025-05-08,GBP,BSD,0.7535227187099691
2025-05-09,GBP,BSD,0.7535227187099691
2025-05-10,GBP,BSD,0.7535227187099691
2025-05-11,GBP,BSD,0.7535227187099691
2025-05-12,GBP,BSD,0.7535227187099691
2025-05-13,GBP,BSD,0.7535227187099691
2025-05-14,GBP,BSD,0.7535227187099691
2025-05-15,GBP,BSD,0.7535227187099691
2025-05-16,GBP,BSD,0.7535227187099691
2025-05-17,GBP,BSD,0.7535227187099691
2025-05-18,GBP,BSD,0.7535227187099691
2025-05-19,GBP,BSD,0.7535227187099691
2025-05-20,GBP,BSD,0.7535227187099691
2025-05-21,GBP,BSD,0.7535227187099691
2025-05-22,GBP,BSD,0.7535227187099691
2025-05-23,GBP,BSD,0.7535227187099691
2025-05-24,GBP,BSD,0.7535227187099691
2025-05-25,GBP,BSD,0.7535227187099691
2025-05-26,GBP,BSD,0.7535227187099691
2025-05-27,GBP,BSD,0.7535227187099691
2025-05-28,GBP,BSD,0.7535227187099691
2025-05-29,GBP,BSD,0.7535227187099691
2025-05-30,GBP,BSD,0.7535227187099691
2025-05-31,GBP,BSD,0.7535227187099691
2025-06-01,GBP,BSD,0.7456009543692216
2025-06-02,GBP,BSD,0.7456009543692216
2025-06-03,GBP,BSD,0.7456009543692216
2025-06-04,GBP,BSD,0.7456009543692216
2025-06-05,GBP,BSD,0.7456009543692216
2025-06-06,GBP,BSD,0.7456009543692216
2025-06-07,GBP,BSD,0.7456009543692216
2025-06-08,GBP,BSD,0.7456009543692216
2025-06-09,GBP,BSD,0.7456009543692216
2025-06-10,GBP,BSD,0.7456009543692216
2025-06-11,GBP,BSD,0.7456009543692216
2025-06-12,GBP,BSD,0.7456009543692216
2025-06-13,GBP,BSD,0.7456009543692216
2025-06-14,GBP,BSD,0.7456009543692216
2025-06-15,GBP,BSD,0.7456009543692216
2025-06-16,GBP,BSD,0.7456009543692216
2025-06-17,GBP,BSD,0.7456009543692216
2025-06-18,GBP,BSD,0.7456009543692216
2025-06-19,GBP,BSD,0.7456009543692216
2025-06-20,GBP,BSD,0.7456009543692216
2025-06-21,GBP,BSD,0.7456009543692216
2025-06-22,GBP,BSD,0.7456009543692216
2025-06-23,GBP,BSD,0.7456009543692216
2025-06-24,GBP,BSD,0.7456009543692216
2025-06-25,GBP,BSD,0.7456009543692216
2025-06-26,GBP,BSD,0.7456009543692216
2025-06-27,GBP,BSD,0.7456009543692216
2025-06-28,GBP,BSD,0.7456009543692216
2025-06-29,GBP,BSD,0.7456009543692216
2025-06-30,GBP,BSD,0.7456009543692216
2025-07-01,GBP,BSD,0.743439149505613
2025-07-02,GBP,BSD,0.743439149505613
2025-07-03,GBP,BSD,0.743439149505613
2025-07-04,GBP,BSD,0.743439149505613
2025-07-05,GBP,BSD,0.743439149505613
2025-07-06,GBP,BSD,0.743439149505613
2025-07-07,GBP,BSD,0.743439149505613
2025-07-08,GBP,BSD,0.743439149505613
2025-07-09,GBP,BSD,0.743439149505613
2025-07-10,GBP,BSD,0.743439149505613
2025-07-11,GBP,BSD,0.743439149505613
2025-07-12,GBP,BSD,0.743439149505613
2025-07-13,GBP,BSD,0.743439149505613
2025-07-14,GBP,BSD,0.743439149505613
2025-07-15,GBP,BSD,0.743439149505613
2025-07-16,GBP,BSD,0.743439149505613
2025-07-17,GBP,BSD,0.743439149505613
2025-07-18,GBP,BSD,0.743439149505613
2025-07-19,GBP,BSD,0.743439149505613
2025-07-20,GBP,BSD,0.743439149505613
2025-07-21,GBP,BSD,0.743439149505613
2025-07-22,GBP,BSD,0.743439149505613
2025-07-23,GBP,BSD,0.743439149505613
2025-07-24,GBP,BSD,0.743439149505613
2025-07-25,GBP,BSD,0.743439149505613
2025-07-26,GBP,BSD,0.743439149505613
2025-07-27,GBP,BSD,0.743439149505613
2025-07-28,GBP,BSD,0.743439149505613
2025-07-29,GBP,BSD,0.743439149505613
2025-07-30,GBP,BSD,0.743439149505613
2025-07-31,GBP,BSD,0.743439149505613
2025-08-01,GBP,BSD,0.7384978952809984
2025-08-02,GBP,BSD,0.7384978952809984
2025-08-03,GBP,BSD,0.7384978952809984
2025-08-04,GBP,BSD,0.7384978952809984
2025-08-05,GBP,BSD,0.7384978952809984
2025-08-06,GBP,BSD,0.7384978952809984
2025-08-07,GBP,BSD,0.7384978952809984
2025-08-08,GBP,BSD,0.7384978952809984
2025-08-09,GBP,BSD,0.7384978952809984
2025-08-10,GBP,BSD,0.7384978952809984
2025-08-11,GBP,BSD,0.7384978952809984
2025-08-12,GBP,BSD,0.7384978952809984
2025-08-13,GBP,BSD,0.7384978952809984
2025-08-14,GBP,BSD,0.7384978952809984
2025-08-15,GBP,BSD,0.7384978952809984
2025-08-16,GBP,BSD,0.7384978952809984
2025-08-17,GBP,BSD,0.7384978952809984
2025-08-18,GBP,BSD,0.7384978952809984
2025-08-19,GBP,BSD,0.7384978952809984
2025-08-20,GBP,BSD,0.7384978952809984
2025-08-21,GBP,BSD,0.7384978952809984
2025-08-22,GBP,BSD,0.7384978952809984
2025-08-23,GBP,BSD,0.7384978952809984
2025-08-24,GBP,BSD,0.7384978952809984
2025-08-25,GBP,BSD,0.7384978952809984
2025-08-26,GBP,BSD,0.7384978952809984
2025-08-27,GBP,BSD,0.7384978952809984
2025-08-28,GBP,BSD,0.7384978952809984
2025-08-29,GBP,BSD,0.7384978952809984
2025-08-30,GBP,BSD,0.7384978952809984
2025-08-31,GBP,BSD,0.7384978952809984
2025-09-01,GBP,BSD,0.7422251911229868
2025-09-02,GBP,BSD,0.7422251911229868
2025-09-03,GBP,BSD,0.7422251911229868
2025-09-04,GBP,BSD,0.7422251911229868
2025-09-05,GBP,BSD,0.7422251911229868
2025-09-06,GBP,BSD,0.7422251911229868
2025-09-07,GBP,BSD,0.7422251911229868
2025-09-08,GBP,BSD,0.7422251911229868
2025-09-09,GBP,BSD,0.7422251911229868
2025-09-10,GBP,BSD,0.7422251911229868
2025-09-11,GBP,BSD,0.7422251911229868
2025-09-12,GBP,BSD,0.7422251911229868
2025-09-13,GBP,BSD,0.7422251911229868
2025-09-14,GBP,BSD,0.7422251911229868
2025-09-15,GBP,BSD,0.7422251911229868
2025-09-16,GBP,BSD,0.7422251911229868
2025-09-17,GBP,BSD,0.7422251911229868
2025-09-18,GBP,BSD,0.7422251911229868
2025-09-19,GBP,BSD,0.7422251911229868
2025-09-20,GBP,BSD,0.7422251911229868
2025-09-21,GBP,BSD,0.7422251911229868
2025-09-22,GBP,BSD,0.7422251911229868
2025-09-23,GBP,BSD,0.7422251911229868
2025-09-24,GBP,BSD,0.7422251911229868
2025-09-25,GBP,BSD,0.7422251911229868
2025-09-26,GBP,BSD,0.7422251911229868
2025-09-27,GBP,BSD,0.7422251911229868
2025-09-28,GBP,BSD,0.7422251911229868
2025-09-29,GBP,BSD,0.7422251911229868
2025-09-30,GBP,BSD,0.7422251911229868
2025-10-01,GBP,BSD,0.7327617791455997
2025-10-02,GBP,BSD,0.7327617791455997
2025-10-03,GBP,BSD,0.7327617791455997
2025-10-04,GBP,BSD,0.7327617791455997
2025-10-05,GBP,BSD,0.7327617791455997
2025-10-06,GBP,BSD,0.7327617791455997
2025-10-07,GBP,BSD,0.7327617791455997
2025-10-08,GBP,BSD,0.7327617791455997
2025-10-09,GBP,BSD,0.7327617791455997
2025-10-10,GBP,BSD,0.7327617791455997
2025-10-11,GBP,BSD,0.7327617791455997
2025-10-12,GBP,BSD,0.7327617791455997
2025-10-13,GBP,BSD,0.7327617791455997
2025-10-14,GBP,BSD,0.7327617791455997
2025-10-15,GBP,BSD,0.7327617791455997
2025-10-16,GBP,BSD,0.7327617791455997
2025-10-17,GBP,BSD,0.7327617791455997
2025-10-18,GBP,BSD,0.7327617791455997
2025-10-19,GBP,BSD,0.7327617791455997
2025-10-20,GBP,BSD,0.7327617791455997
2025-10-21,GBP,BSD,0.7327617791455997
2025-10-22,GBP,BSD,0.7327617791455997
2025-10-23,GBP,BSD,0.7327617791455997
2025-10-24,GBP,BSD,0.7327617791455997
2025-10-25,GBP,BSD,0.7327617791455997
2025-10-26,GBP,BSD,0.7327617791455997
2025-10-27,GBP,BSD,0.7327617791455997
2025-10-28,GBP,BSD,0.7327617791455997
2025-10-29,GBP,BSD,0.7327617791455997
2025-10-30,GBP,BSD,0.7327617791455997
2025-10-31,GBP,BSD,0.7327617791455997
2025-11-01,GBP,BSD,0.7503001200480193
2025-11-02,GBP,BSD,0.7503001200480193
2025-11-03,GBP,BSD,0.7503001200480193
2025-11-04,GBP,BSD,0.7503001200480193
2025-11-05,GBP,BSD,0.7503001200480193
2025-11-06,GBP,BSD,0.7503001200480193
2025-11-07,GBP,BSD,0.7503001200480193
2025-11-08,GBP,BSD,0.7503001200480193
2025-11-09,GBP,BSD,0.7503001200480193
2025-11-10,GBP,BSD,0.7503001200480193
2025-11-11,GBP,BSD,0.7503001200480193
2025-11-12,GBP,BSD,0.7503001200480193
2025-11-13,GBP,BSD,0.7503001200480193
2025-11-14,GBP,BSD,0.7503001200480193
2025-11-15,GBP,BSD,0.7503001200480193
2025-11-16,GBP,BSD,0.7503001200480193
2025-11-17,GBP,BSD,0.7503001200480193
2025-11-18,GBP,BSD,0.7503001200480193
2025-11-19,GBP,BSD,0.7503001200480193
2025-11-20,GBP,BSD,0.7503001200480193
2025-11-21,GBP,BSD,0.7503001200480193
2025-11-22,GBP,BSD,0.7503001200480193
2025-11-23,GBP,BSD,0.7503001200480193
2025-11-24,GBP,BSD,0.7503001200480193
2025-11-25,GBP,BSD,0.7503001200480193
2025-11-26,GBP,BSD,0.7503001200480193
2025-11-27,GBP,BSD,0.7503001200480193
2025-11-28,GBP,BSD,0.7503001200480193
2025-11-29,GBP,BSD,0.7503001200480193
2025-11-30,GBP,BSD,0.7503001200480193
2025-12-01,GBP,BSD,0.7618467164406522
2025-12-02,GBP,BSD,0.7618467164406522
2025-12-03,GBP,BSD,0.7618467164406522
2025-12-04,GBP,BSD,0.7618467164406522
2025-12-05,GBP,BSD,0.7618467164406522
2025-12-06,GBP,BSD,0.7618467164406522
2025-12-07,GBP,BSD,0.7618467164406522
2025-12-08,GBP,BSD,0.7618467164406522
2025-12-09,GBP,BSD,0.7618467164406522
2025-12-10,GBP,BSD,0.7618467164406522
2025-12-11,GBP,BSD,0.7618467164406522
2025-12-12,GBP,BSD,0.7618467164406522
2025-12-13,GBP,BSD,0.7618467164406522
2025-12-14,GBP,BSD,0.7618467164406522
2025-12-15,GBP,BSD,0.7618467164406522
2025-12-16,GBP,BSD,0.7618467164406522
2025-12-17,GBP,BSD,0.7618467164406522
2025-12-18,GBP,BSD,0.7618467164406522
2025-12-19,GBP,BSD,0.7618467164406522
2025-12-20,GBP,BSD,0.7618467164406522
2025-12-21,GBP,BSD,0.7618467164406522
2025-12-22,GBP,BSD,0.7618467164406522
2025-12-23,GBP,BSD,0.7618467164406522
2025-12-24,GBP,BSD,0.7618467164406522
2025-12-25,GBP,BSD,0.7618467164406522
2025-12-26,GBP,BSD,0.7618467164406522
2025-12-27,GBP,BSD,0.7618467164406522
2025-12-28,GBP,BSD,0.7618467164406522
2025-12-29,GBP,BSD,0.7618467164406522
2025-12-30,GBP,BSD,0.7618467164406522
2025-12-31,GBP,BSD,0.7618467164406522
