2019-10-01,AED,NZD,0.4377400183237972
2019-10-02,AED,NZD,0.4355343789061989
2019-10-03,AED,NZD,0.4319945534126705
2019-10-04,AED,NZD,0.4303607455913845
2019-10-05,AED,NZD,0.4303607455913845
2019-10-06,AED,NZD,0.4303607455913845
2019-10-07,AED,NZD,0.4324846111163249
2019-10-08,AED,NZD,0.4310959882638427
2019-10-09,AED,NZD,0.4312865623183206
2019-10-10,AED,NZD,0.4310415429218237
2019-10-11,AED,NZD,0.4295438544945966
2019-10-12,AED,NZD,0.4295438544945966
2019-10-13,AED,NZD,0.4295438544945966
2019-10-14,AED,NZD,0.4332742491682217
2019-10-15,AED,NZD,0.4349897016188142
2019-10-16,AED,NZD,0.4357249111774768
2019-10-17,AED,NZD,0.4292171551229428
2019-10-18,AED,NZD,0.4269570429979898
2019-10-19,AED,NZD,0.4269570429979898
2019-10-20,AED,NZD,0.4269570429979898
2019-10-21,AED,NZD,0.4249693278387632
2019-10-22,AED,NZD,0.4243975994374185
2019-10-23,AED,NZD,0.4243704040685239
2019-10-24,AED,NZD,0.4263036151399171
2019-10-25,AED,NZD,0.4280462769390924
2019-10-26,AED,NZD,0.4280462769390924
2019-10-27,AED,NZD,0.4280462769390924
2019-10-28,AED,NZD,0.4294894315535578
2019-10-29,AED,NZD,0.4288904004892782
2019-10-30,AED,NZD,0.4284001908951251
2019-10-31,AED,NZD,0.4240162822252374
2019-11-01,AED,NZD,0.4226821379600683
2019-11-02,AED,NZD,0.4226821379600683
2019-11-03,AED,NZD,0.4226821379600683
2019-11-04,AED,NZD,0.4237167843116318
2019-11-05,AED,NZD,0.424860454583692
2019-11-06,AED,NZD,0.4261946021601247
2019-11-07,AED,NZD,0.427583405488033
2019-11-08,AED,NZD,0.4299523741755125
2019-11-09,AED,NZD,0.4299523741755125
2019-11-10,AED,NZD,0.4299523741755125
2019-11-11,AED,NZD,0.4276651450340806
2019-11-12,AED,NZD,0.4297345357878624
2019-11-13,AED,NZD,0.4253234159254697
2019-11-14,AED,NZD,0.4266575646386211
2019-11-15,AED,NZD,0.4256501913084785
2019-11-16,AED,NZD,0.4256501913084785
2019-11-17,AED,NZD,0.4256501913084785
2019-11-18,AED,NZD,0.4259497081179625
2019-11-19,AED,NZD,0.4239346733625735
2019-11-20,AED,NZD,0.4242886588490067
2019-11-21,AED,NZD,0.423744075528144
2019-11-22,AED,NZD,0.4243704040685239
2019-11-23,AED,NZD,0.4243704040685239
2019-11-24,AED,NZD,0.4243704040685239
2019-11-25,AED,NZD,0.4251055430787078
2019-11-26,AED,NZD,0.4238529162564123
2019-11-27,AED,NZD,0.4239073575904428
2019-11-28,AED,NZD,0.4239346733625735
2019-11-29,AED,NZD,0.4242069451161054
2019-11-30,AED,NZD,0.4242069451161054
2019-12-01,AED,NZD,0.4242069451161054
2019-12-02,AED,NZD,0.4201770710212698
2019-12-03,AED,NZD,0.4179714341603038
2019-12-04,AED,NZD,0.4166099035673056
2019-12-05,AED,NZD,0.4173995507111235
2019-12-06,AED,NZD,0.4147856139075958
2019-12-07,AED,NZD,0.4147856139075958
2019-12-08,AED,NZD,0.4147856139075958
2019-12-09,AED,NZD,0.4151667039624755
2019-12-10,AED,NZD,0.4158747717887189
2019-12-11,AED,NZD,0.4154117769238758
2019-12-12,AED,NZD,0.4132335567136196
2019-12-13,AED,NZD,0.4119264233499669
2019-12-14,AED,NZD,0.4119264233499669
2019-12-15,AED,NZD,0.4119264233499669
2019-12-16,AED,NZD,0.4117630830513786
2019-12-17,AED,NZD,0.4145949013948216
2019-12-18,AED,NZD,0.4146493973485659
2019-12-19,AED,NZD,0.4139413801053977
2019-12-20,AED,NZD,0.4126072985279822
2019-12-21,AED,NZD,0.4126072985279822
2019-12-22,AED,NZD,0.4126072985279822
2019-12-23,AED,NZD,0.4114091999325289
2019-12-24,AED,NZD,0.410810055808546
2019-12-25,AED,NZD,0.4105649866894831
2019-12-26,AED,NZD,0.4091217791887933
2019-12-27,AED,NZD,0.4066711969838011
2019-12-28,AED,NZD,0.4066711969838011
2019-12-29,AED,NZD,0.4066711969838011
2019-12-30,AED,NZD,0.4046289552480375
2019-12-31,AED,NZD,0.4033764220027316
2020-01-01,AED,NZD,0.4048740355900472
2020-01-02,AED,NZD,0.4062627845820023
2020-01-03,AED,NZD,0.4088223871139183
2020-01-04,AED,NZD,0.4088223871139183
2020-01-05,AED,NZD,0.4088223871139183
2020-01-06,AED,NZD,0.4080598346296714
2020-01-07,AED,NZD,0.4105378497423259
2020-01-08,AED,NZD,0.4101021277328693
2020-01-09,AED,NZD,0.4115997028250145
2020-01-10,AED,NZD,0.4115997028250145
2020-01-11,AED,NZD,0.4115997028250145
2020-01-12,AED,NZD,0.4115997028250145
2020-01-13,AED,NZD,0.4102109715026438
2020-01-14,AED,NZD,0.4117630830513786
2020-01-15,AED,NZD,0.4128522558660112
2020-01-16,AED,NZD,0.4092852079414428
2020-01-17,AED,NZD,0.4113819512750989
2020-01-18,AED,NZD,0.4113819512750989
2020-01-19,AED,NZD,0.4113819512750989
2020-01-20,AED,NZD,0.4124437581380309
2020-01-21,AED,NZD,0.4119808989176026
2020-01-22,AED,NZD,0.4122259624857884
2020-01-23,AED,NZD,0.4123349165619679
2020-01-24,AED,NZD,0.4113819512750989
2020-01-25,AED,NZD,0.4113819512750989
2020-01-26,AED,NZD,0.4113819512750989
2020-01-27,AED,NZD,0.4152756662163694
2020-01-28,AED,NZD,0.4169912248366645
2020-01-29,AED,NZD,0.4178896904941796
2020-01-30,AED,NZD,0.419060550058878
2020-01-31,AED,NZD,0.4208304331102652
2020-02-01,AED,NZD,0.4208304331102652
2020-02-02,AED,NZD,0.4208304331102652
2020-02-03,AED,NZD,0.4211572559077833
2020-02-04,AED,NZD,0.4215929806455094
2020-02-05,AED,NZD,0.4197685815809744
2020-02-06,AED,NZD,0.420612714954128
2020-02-07,AED,NZD,0.42480594864266
2020-02-08,AED,NZD,0.42480594864266
2020-02-09,AED,NZD,0.42480594864266
2020-02-10,AED,NZD,0.425704551675637
2020-02-11,AED,NZD,0.4256228351758546
2020-02-12,AED,NZD,0.4206670348905445
2020-02-13,AED,NZD,0.4218652773236866
2020-02-14,AED,NZD,0.4229272231063751
2020-02-15,AED,NZD,0.4229272231063751
2020-02-16,AED,NZD,0.4229272231063751
2020-02-17,AED,NZD,0.4236894966102722
2020-02-18,AED,NZD,0.4260313686896766
2020-02-19,AED,NZD,0.4261946021601247
2020-02-20,AED,NZD,0.4300340974035831
2020-02-21,AED,NZD,0.4310959882638427
2020-02-22,AED,NZD,0.4310959882638427
2020-02-23,AED,NZD,0.4310959882638427
2020-02-24,AED,NZD,0.4308509996604894
2020-02-25,AED,NZD,0.4312594068458118
2020-02-26,AED,NZD,0.4323484867154442
2020-02-27,AED,NZD,0.4303063006309151
2020-02-28,AED,NZD,0.4366507143605687
2020-02-29,AED,NZD,0.4366507143605687
2020-03-01,AED,NZD,0.4366507143605687
2020-03-02,AED,NZD,0.4344178865482935
2020-03-03,AED,NZD,0.4342273640531824
2020-03-04,AED,NZD,0.4332470305248527
2020-03-05,AED,NZD,0.4325936846513165
2020-03-06,AED,NZD,0.4287543229154608
2020-03-07,AED,NZD,0.4287543229154608
2020-03-08,AED,NZD,0.4287543229154608
2020-03-09,AED,NZD,0.428618147949555
2020-03-10,AED,NZD,0.4316678436809871
2020-03-11,AED,NZD,0.4309871113304356
2020-03-12,AED,NZD,0.4401906377614017
2020-03-13,AED,NZD,0.4446562984675365
2020-03-14,AED,NZD,0.4446562984675365
2020-03-15,AED,NZD,0.4446562984675365
2020-03-16,AED,NZD,0.4504833235578451
2020-03-17,AED,NZD,0.4563376168224299
2020-03-18,AED,NZD,0.4658406070462119
2020-03-19,AED,NZD,0.4718312052173207
2020-03-20,AED,NZD,0.4725390990664045
2020-03-21,AED,NZD,0.4725390990664045
2020-03-22,AED,NZD,0.4725390990664045
2020-03-23,AED,NZD,0.4751259677722056
2020-03-24,AED,NZD,0.4698433401350987
2020-03-25,AED,NZD,0.4675289458858622
2020-03-26,AED,NZD,0.4598775254174309
2020-03-27,AED,NZD,0.4575356580415095
2020-03-28,AED,NZD,0.4575356580415095
2020-03-29,AED,NZD,0.4575356580415095
2020-03-30,AED,NZD,0.4530700935680357
2020-03-31,AED,NZD,0.4575903020141753
2020-04-01,AED,NZD,0.4608305549091127
2020-04-02,AED,NZD,0.4621375339786622
2020-04-03,AED,NZD,0.4645063714016433
2020-04-04,AED,NZD,0.4645063714016433
2020-04-05,AED,NZD,0.4645063714016433
2020-04-06,AED,NZD,0.4579442333830355
2020-04-07,AED,NZD,0.45336957871992
2020-04-08,AED,NZD,0.4545132254258335
2020-04-09,AED,NZD,0.4495303307104737
2020-04-10,AED,NZD,0.4475698746088239
2020-04-11,AED,NZD,0.4475698746088239
2020-04-12,AED,NZD,0.4475698746088239
2020-04-13,AED,NZD,0.4477875266097738
2020-04-14,AED,NZD,0.4477059324169987
2020-04-15,AED,NZD,0.4565009385659296
2020-04-16,AED,NZD,0.4565009385659296
2020-04-17,AED,NZD,0.4507556241906119
2020-04-18,AED,NZD,0.4507556241906119
2020-04-19,AED,NZD,0.4507556241906119
2020-04-20,AED,NZD,0.4491218993185473
2020-04-21,AED,NZD,0.455820301051076
2020-04-22,AED,NZD,0.4566372683593296
2020-04-23,AED,NZD,0.4527705938176892
2020-04-24,AED,NZD,0.4541319880127321
2020-04-25,AED,NZD,0.4541319880127321
2020-04-26,AED,NZD,0.4541319880127321
2020-04-27,AED,NZD,0.4497753821741422
2020-04-28,AED,NZD,0.4502654765249591
2020-04-29,AED,NZD,0.4462355347173476
2020-04-30,AED,NZD,0.4437848814916852
2020-05-01,AED,NZD,0.4490674440922258
2020-05-02,AED,NZD,0.4490674440922258
2020-05-03,AED,NZD,0.4490674440922258
2020-05-04,AED,NZD,0.4518720153853384
2020-05-05,AED,NZD,0.448604503540611
2020-05-06,AED,NZD,0.4495846961369435
2020-05-07,AED,NZD,0.4510551081088883
2020-05-08,AED,NZD,0.4449285266814738
2020-05-09,AED,NZD,0.4449285266814738
2020-05-10,AED,NZD,0.4449285266814738
2020-05-11,AED,NZD,0.4470524490874318
2020-05-12,AED,NZD,0.4457726488167411
2020-05-13,AED,NZD,0.4522531477949719
2020-05-14,AED,NZD,0.4559564324509665
2020-05-15,AED,NZD,0.4562559997663969
2020-05-16,AED,NZD,0.4562559997663969
2020-05-17,AED,NZD,0.4562559997663969
2020-05-18,AED,NZD,0.4527705938176892
2020-05-19,AED,NZD,0.4468618678468586
2020-05-20,AED,NZD,0.4433492732175363
2020-05-21,AED,NZD,0.4429408080480573
2020-05-22,AED,NZD,0.4474336992744415
2020-05-23,AED,NZD,0.4474336992744415
2020-05-24,AED,NZD,0.4474336992744415
2020-05-25,AED,NZD,0.4465894632575217
2020-05-26,AED,NZD,0.4382028774153742
2020-05-27,AED,NZD,0.4416883093938269
2020-05-28,AED,NZD,0.4387473587409004
2020-05-29,AED,NZD,0.4392104226390133
2020-05-30,AED,NZD,0.4392104226390133
2020-05-31,AED,NZD,0.4392104226390133
2020-06-01,AED,NZD,0.4358610806129427
2020-06-02,AED,NZD,0.4288904004892782
2020-06-03,AED,NZD,0.4246699253005602
2020-06-04,AED,NZD,0.423744075528144
2020-06-05,AED,NZD,0.4191694576366387
2020-06-06,AED,NZD,0.4191694576366387
2020-06-07,AED,NZD,0.4191694576366387
2020-06-08,AED,NZD,0.4167189301658249
2020-06-09,AED,NZD,0.4181892239328019
2020-06-10,AED,NZD,0.4165554116588028
2020-06-11,AED,NZD,0.4195780136085932
2020-06-12,AED,NZD,0.4217836047651424
2020-06-13,AED,NZD,0.4217836047651424
2020-06-14,AED,NZD,0.4217836047651424
2020-06-15,AED,NZD,0.4219740452204266
2020-06-16,AED,NZD,0.4202858532202092
2020-06-17,AED,NZD,0.4221375695682715
2020-06-18,AED,NZD,0.4235534696017792
2020-06-19,AED,NZD,0.4226276536262086
2020-06-20,AED,NZD,0.4226276536262086
2020-06-21,AED,NZD,0.4226276536262086
2020-06-22,AED,NZD,0.4201497077438632
2020-06-23,AED,NZD,0.4173452004049918
2020-06-24,AED,NZD,0.4240162822252374
2020-06-25,AED,NZD,0.423417350626827
2020-06-26,AED,NZD,0.4240162822252374
2020-06-27,AED,NZD,0.4240162822252374
2020-06-28,AED,NZD,0.4240162822252374
2020-06-29,AED,NZD,0.4243430321176754
2020-06-30,AED,NZD,0.4249420591502348
2020-07-01,AED,NZD,0.4206399616376354
2020-07-02,AED,NZD,0.4169639271997661
2020-07-03,AED,NZD,0.4169912248366645
2020-07-04,AED,NZD,0.4169912248366645
2020-07-05,AED,NZD,0.4169912248366645
2020-07-06,AED,NZD,0.4155206952159855
2020-07-07,AED,NZD,0.4153574254485341
2020-07-08,AED,NZD,0.4147310821453707
2020-07-09,AED,NZD,0.41274336896822
2020-07-10,AED,NZD,0.4143499326059834
2020-07-11,AED,NZD,0.4143499326059834
2020-07-12,AED,NZD,0.4143499326059834
2020-07-13,AED,NZD,0.4136419101983413
2020-07-14,AED,NZD,0.4176990795583083
2020-07-15,AED,NZD,0.41440436417524
2020-07-16,AED,NZD,0.4150033677523292
2020-07-17,AED,NZD,0.4161470030965498
2020-07-18,AED,NZD,0.4161470030965498
2020-07-19,AED,NZD,0.4161470030965498
2020-07-20,AED,NZD,0.4151667039624755
2020-07-21,AED,NZD,0.411027877965823
2020-07-22,AED,NZD,0.4084411720137743
2020-07-23,AED,NZD,0.4096664905100757
2020-07-24,AED,NZD,0.4106467563218042
2020-07-25,AED,NZD,0.4106467563218042
2020-07-26,AED,NZD,0.4106467563218042
2020-07-27,AED,NZD,0.4068346595465177
2020-07-28,AED,NZD,0.4089312214489333
2020-07-29,AED,NZD,0.4084683661673821
2020-07-30,AED,NZD,0.4101566265109658
2020-07-31,AED,NZD,0.4086862168529935
2020-08-01,AED,NZD,0.4086862168529935
2020-08-02,AED,NZD,0.4086862168529935
2020-08-03,AED,NZD,0.4137781503620145
2020-08-04,AED,NZD,0.4125528273895472
2020-08-05,AED,NZD,0.4084411720137743
2020-08-06,AED,NZD,0.4085227653396213
2020-08-07,AED,NZD,0.4115180613219524
2020-08-08,AED,NZD,0.4115180613219524
2020-08-09,AED,NZD,0.4115180613219524
2020-08-10,AED,NZD,0.4121442422418998
2020-08-11,AED,NZD,0.4130700314800671
2020-08-12,AED,NZD,0.4146493973485659
2020-08-13,AED,NZD,0.414268226248449
2020-08-14,AED,NZD,0.4154663152375594
2020-08-15,AED,NZD,0.4154663152375594
2020-08-16,AED,NZD,0.4154663152375594
2020-08-17,AED,NZD,0.4159292587516715
2020-08-18,AED,NZD,0.4128249861497217
2020-08-19,AED,NZD,0.4104288324613089
2020-08-20,AED,NZD,0.4193329251826195
2020-08-21,AED,NZD,0.4174540894428783
2020-08-22,AED,NZD,0.4174540894428783
2020-08-23,AED,NZD,0.4174540894428783
2020-08-24,AED,NZD,0.4160109294391382
2020-08-25,AED,NZD,0.4166099035673056
2020-08-26,AED,NZD,0.4141865521081888
2020-08-27,AED,NZD,0.411027877965823
2020-08-28,AED,NZD,0.4052824514724925
2020-08-29,AED,NZD,0.4052824514724925
2020-08-30,AED,NZD,0.4052824514724925
2020-08-31,AED,NZD,0.4045201076832526
2020-09-01,AED,NZD,0.4031313631766106
2020-09-02,AED,NZD,0.4037032506589446
2020-09-03,AED,NZD,0.4046562991025128
2020-09-04,AED,NZD,0.4077059689784682
2020-09-05,AED,NZD,0.4077059689784682
2020-09-06,AED,NZD,0.4077059689784682
2020-09-07,AED,NZD,0.4066439108734142
2020-09-08,AED,NZD,0.4101021277328693
2020-09-09,AED,NZD,0.407787601381095
2020-09-10,AED,NZD,0.4067529118424076
2020-09-11,AED,NZD,0.4078421520362131
2020-09-12,AED,NZD,0.4078421520362131
2020-09-13,AED,NZD,0.4078421520362131
2020-09-14,AED,NZD,0.4059904705916742
2020-09-15,AED,NZD,0.405091842422514
2020-09-16,AED,NZD,0.4040572193509467
2020-09-17,AED,NZD,0.4047378614056141
2020-09-18,AED,NZD,0.4023961888252164
2020-09-19,AED,NZD,0.4023961888252164
2020-09-20,AED,NZD,0.4023961888252164
2020-09-21,AED,NZD,0.4076242030946829
2020-09-22,AED,NZD,0.4090673877161154
2020-09-23,AED,NZD,0.4137235408281008
2020-09-24,AED,NZD,0.4174812770084293
2020-09-25,AED,NZD,2.608765975430642
2020-09-26,AED,NZD,2.608765975430642
2020-09-27,AED,NZD,2.608765975430642
2020-09-28,AED,NZD,0.4156023782430492
2020-09-29,AED,NZD,0.4132607096512906
2020-09-30,AED,NZD,0.4132607096512906
2020-10-01,AED,NZD,0.4099659441290212
2020-10-02,AED,NZD,0.4105378497423259
2020-10-03,AED,NZD,0.4105378497423259
2020-10-04,AED,NZD,0.4105378497423259
2020-10-05,AED,NZD,0.4096119541152689
2020-10-06,AED,NZD,0.409639136595399
2020-10-07,AED,NZD,0.4130700314800671
2020-10-08,AED,NZD,0.4142955153339056
2020-10-09,AED,NZD,0.4099931736136594
2020-10-10,AED,NZD,0.4099931736136594
2020-10-11,AED,NZD,0.4099931736136594
2020-10-12,AED,NZD,0.4096936802291662
2020-10-13,AED,NZD,0.4101021277328693
2020-10-14,AED,NZD,0.4087679081220548
2020-10-15,AED,NZD,0.4133696988436396
2020-10-16,AED,NZD,0.4123349165619679
2020-10-17,AED,NZD,0.4123349165619679
2020-10-18,AED,NZD,0.4123349165619679
2020-10-19,AED,NZD,0.4100204067156422
2020-10-20,AED,NZD,0.4146493973485659
2020-10-21,AED,NZD,0.4092852079414428
2020-10-22,AED,NZD,0.4084955639424233
2020-10-23,AED,NZD,0.4082232491304844
2020-10-24,AED,NZD,0.4082232491304844
2020-10-25,AED,NZD,0.4082232491304844
2020-10-26,AED,NZD,0.4068618057259289
2020-10-27,AED,NZD,0.4058815483406953
2020-10-28,AED,NZD,0.4094214424654377
2020-10-29,AED,NZD,0.411027877965823
2020-10-30,AED,NZD,0.4092034772474682
2020-10-31,AED,NZD,0.4092034772474682
2020-11-01,AED,NZD,0.4092034772474682
2020-11-02,AED,NZD,0.4107012312822913
2020-11-03,AED,NZD,0.4079782596544995
2020-11-04,AED,NZD,0.4085499703596996
2020-11-05,AED,NZD,0.4028319083154577
2020-11-06,AED,NZD,0.4008441778385279
2020-11-07,AED,NZD,0.4008441778385279
2020-11-08,AED,NZD,0.4008441778385279
2020-11-09,AED,NZD,0.3975765324885627
2020-11-10,AED,NZD,0.3992648735148844
2020-11-11,AED,NZD,0.3960245471855327
2020-11-12,AED,NZD,0.395833927084224
2020-11-13,AED,NZD,0.3980123264417499
2020-11-14,AED,NZD,0.3980123264417499
2020-11-15,AED,NZD,0.3980123264417499
2020-11-16,AED,NZD,0.3959155765461196
2020-11-17,AED,NZD,0.3956160988850352
2020-11-18,AED,NZD,0.3937099326322935
2020-11-19,AED,NZD,0.3946903101950086
2020-11-20,AED,NZD,0.392212387714496
2020-11-21,AED,NZD,0.392212387714496
2020-11-22,AED,NZD,0.392212387714496
2020-11-23,AED,NZD,0.3909599121434886
2020-11-24,AED,NZD,0.3910687713987943
2020-11-25,AED,NZD,0.3897889331905666
2020-11-26,AED,NZD,0.389135492698067
2020-11-27,AED,NZD,0.38739284229741
2020-11-28,AED,NZD,0.38739284229741
2020-11-29,AED,NZD,0.38739284229741
2020-11-30,AED,NZD,0.3865487229203292
2020-12-01,AED,NZD,0.3867937774164264
2020-12-02,AED,NZD,0.3867937774164264
2020-12-03,AED,NZD,0.3845881676066001
2020-12-04,AED,NZD,0.386821008248958
2020-12-05,AED,NZD,0.386821008248958
2020-12-06,AED,NZD,0.386821008248958
2020-12-07,AED,NZD,0.3865759192582072
2020-12-08,AED,NZD,0.3869570702087169
2020-12-09,AED,NZD,0.3848876185886863
2020-12-10,AED,NZD,0.3862219192525833
2020-12-11,AED,NZD,0.3841251817872423
2020-12-12,AED,NZD,0.3841251817872423
2020-12-13,AED,NZD,0.3841251817872423
2020-12-14,AED,NZD,0.3826548671211841
2020-12-15,AED,NZD,0.3849148779993048
2020-12-16,AED,NZD,0.3838802539291103
2020-12-17,AED,NZD,0.3803675567774652
2020-12-18,AED,NZD,0.3819468979227818
2020-12-19,AED,NZD,0.3819468979227818
2020-12-20,AED,NZD,0.3819468979227818
2020-12-21,AED,NZD,0.386821008248958
2020-12-22,AED,NZD,0.3852961733154658
2020-12-23,AED,NZD,0.3850238060219263
2020-12-24,AED,NZD,0.3829816731779934
2020-12-25,AED,NZD,0.3824915268564512
2020-12-26,AED,NZD,0.3824915268564512
2020-12-27,AED,NZD,0.3824915268564512
2020-12-28,AED,NZD,0.3830632418259092
2020-12-29,AED,NZD,0.3805581951494813
2020-12-30,AED,NZD,0.378298097387549
2020-12-31,AED,NZD,0.3764192889289064
2021-01-01,AED,NZD,0.3788155725020807
2021-01-02,AED,NZD,0.3788155725020807
2021-01-03,AED,NZD,0.3788155725020807
2021-01-04,AED,NZD,0.3773451054943711
2021-01-05,AED,NZD,0.3784070350408698
2021-01-06,AED,NZD,0.3742681653861081
2021-01-07,AED,NZD,0.3757930642880469
2021-01-08,AED,NZD,0.374240992487112
2021-01-09,AED,NZD,0.374240992487112
2021-01-10,AED,NZD,0.374240992487112
2021-01-11,AED,NZD,0.379877436343938
2021-01-12,AED,NZD,0.3798230404454565
2021-01-13,AED,NZD,0.379387281951902
2021-01-14,AED,NZD,0.3790605439291369
2021-01-15,AED,NZD,0.3803131650726474
2021-01-16,AED,NZD,0.3803131650726474
2021-01-17,AED,NZD,0.3803131650726474
2021-01-18,AED,NZD,0.3829271178645839
2021-01-19,AED,NZD,0.3820013201965626
2021-01-20,AED,NZD,0.3810756316995478
2021-01-21,AED,NZD,0.3781892224391768
2021-01-22,AED,NZD,0.3794962718286255
2021-01-23,AED,NZD,0.3794962718286255
2021-01-24,AED,NZD,0.3794962718286255
2021-01-25,AED,NZD,0.3775901741974509
2021-01-26,AED,NZD,0.3759836672694938
2021-01-27,AED,NZD,0.378897242310091
2021-01-28,AED,NZD,0.3809394652905101
2021-01-29,AED,NZD,0.3772090303841874
2021-01-30,AED,NZD,0.3772090303841874
2021-01-31,AED,NZD,0.3772090303841874
2021-02-01,AED,NZD,0.379768515898819
2021-02-02,AED,NZD,0.3798230404454565
2021-02-03,AED,NZD,0.3780258131146227
2021-02-04,AED,NZD,0.3786794387667774
2021-02-05,AED,NZD,0.3801497942249163
2021-02-06,AED,NZD,0.3801497942249163
2021-02-07,AED,NZD,0.3801497942249163
2021-02-08,AED,NZD,0.3784615990153943
2021-02-09,AED,NZD,0.3765555037164145
2021-02-10,AED,NZD,0.3769911731286723
2021-02-11,AED,NZD,0.3758475832812471
2021-02-12,AED,NZD,0.3791423194107218
2021-02-13,AED,NZD,0.3791423194107218
2021-02-14,AED,NZD,0.3791423194107218
2021-02-15,AED,NZD,0.3771545424681672
2021-02-16,AED,NZD,0.3777807496530084
2021-02-17,AED,NZD,0.3800408619934816
2021-02-18,AED,NZD,0.3776446454521011
2021-02-19,AED,NZD,0.3732334859111824
2021-02-20,AED,NZD,0.3732334859111824
2021-02-21,AED,NZD,0.3732334859111824
2021-02-22,AED,NZD,0.3717903340461793
2021-02-23,AED,NZD,0.3717903340461793
2021-02-24,AED,NZD,0.3692308146745618
2021-02-25,AED,NZD,0.3663445155112099
2021-02-26,AED,NZD,0.3725527013051266
2021-02-27,AED,NZD,0.3725527013051266
2021-02-28,AED,NZD,0.3725527013051266
2021-03-01,AED,NZD,0.3751123461476712
2021-03-02,AED,NZD,0.3752756399575488
2021-03-03,AED,NZD,0.375166808542248
2021-03-04,AED,NZD,0.3754662821891937
2021-03-05,AED,NZD,0.3804493182538442
2021-03-06,AED,NZD,0.3804493182538442
2021-03-07,AED,NZD,0.3804493182538442
2021-03-08,AED,NZD,0.3816201071054992
2021-03-09,AED,NZD,0.3802042837616651
2021-03-10,AED,NZD,0.3789789473404962
2021-03-11,AED,NZD,0.3767732834585979
2021-03-12,AED,NZD,0.3799047123000608
2021-03-13,AED,NZD,0.3799047123000608
2021-03-14,AED,NZD,0.3799047123000608
2021-03-15,AED,NZD,0.3788426961780076
2021-03-16,AED,NZD,0.3786521950846401
2021-03-17,AED,NZD,0.3799319921734009
2021-03-18,AED,NZD,0.3794146315182011
2021-03-19,AED,NZD,0.3808305151875209
2021-03-20,AED,NZD,0.3808305151875209
2021-03-21,AED,NZD,0.3808305151875209
2021-03-22,AED,NZD,0.3796596578962754
2021-03-23,AED,NZD,0.3875561908032141
2021-03-24,AED,NZD,0.3904697272725143
2021-03-25,AED,NZD,0.3915589292272897
2021-03-26,AED,NZD,0.3893260804480052
2021-03-27,AED,NZD,0.3893260804480052
2021-03-28,AED,NZD,0.3893260804480052
2021-03-29,AED,NZD,0.3893260804480052
2021-03-30,AED,NZD,0.3900612396146195
2021-03-31,AED,NZD,0.3885364647300195
2021-04-01,AED,NZD,0.3886181515766238
2021-04-02,AED,NZD,0.3877739526031653
2021-04-03,AED,NZD,0.3877739526031653
2021-04-04,AED,NZD,0.3877739526031653
2021-04-05,AED,NZD,0.3855139286182409
2021-04-06,AED,NZD,0.3868482429159383
2021-04-07,AED,NZD,0.3877467377897582
2021-04-08,AED,NZD,0.3860041086277322
2021-04-09,AED,NZD,0.3870115817085942
2021-04-10,AED,NZD,0.3870115817085942
2021-04-11,AED,NZD,0.3870115817085942
2021-04-12,AED,NZD,0.3871205009339282
2021-04-13,AED,NZD,0.386902723756485
2021-04-14,AED,NZD,0.3823825645786794
2021-04-15,AED,NZD,0.3801497942249163
2021-04-16,AED,NZD,0.3811299512115549
2021-04-17,AED,NZD,0.3811299512115549
2021-04-18,AED,NZD,0.3811299512115549
2021-04-19,AED,NZD,0.3788699672807896
2021-04-20,AED,NZD,0.377726381808093
2021-04-21,AED,NZD,0.3788155725020807
2021-04-22,AED,NZD,0.379877436343938
2021-04-23,AED,NZD,0.3793600802422441
2021-04-24,AED,NZD,0.3793600802422441
2021-04-25,AED,NZD,0.3793600802422441
2021-04-26,AED,NZD,0.3771545424681672
2021-04-27,AED,NZD,0.377454064783951
2021-04-28,AED,NZD,0.3765282812274671
2021-04-29,AED,NZD,0.3763103597113097
2021-04-30,AED,NZD,0.3773996484899674
2021-05-01,AED,NZD,0.3773996484899674
2021-05-02,AED,NZD,0.3773996484899674
2021-05-03,AED,NZD,0.3785977194787769
2021-05-04,AED,NZD,0.3812661084930838
2021-05-05,AED,NZD,0.3781892224391768
2021-05-06,AED,NZD,0.3777536351232308
2021-05-07,AED,NZD,0.3755479244217313
2021-05-08,AED,NZD,0.3755479244217313
2021-05-09,AED,NZD,0.3755479244217313
2021-05-10,AED,NZD,0.3738324744532232
2021-05-11,AED,NZD,0.3741865185087619
2021-05-12,AED,NZD,0.3781347369694769
2021-05-13,AED,NZD,0.3785977194787769
2021-05-14,AED,NZD,0.376065393259103
2021-05-15,AED,NZD,0.376065393259103
2021-05-16,AED,NZD,0.376065393259103
2021-05-17,AED,NZD,0.3781892224391768
2021-05-18,AED,NZD,0.3756297432645831
2021-05-19,AED,NZD,0.3785977194787769
2021-05-20,AED,NZD,0.377671886973379
2021-05-21,AED,NZD,0.3783798305388091
2021-05-22,AED,NZD,0.3783798305388091
2021-05-23,AED,NZD,0.3783798305388091
2021-05-24,AED,NZD,0.3776991324250928
2021-05-25,AED,NZD,0.3763103597113097
2021-05-26,AED,NZD,0.373669177225312
2021-05-27,AED,NZD,0.3734785417903814
2021-05-28,AED,NZD,0.3756297432645831
2021-05-29,AED,NZD,0.3756297432645831
2021-05-30,AED,NZD,0.3756297432645831
2021-05-31,AED,NZD,0.3745949691895637
2021-06-01,AED,NZD,0.3753301497830028
2021-06-02,AED,NZD,0.3761198498379112
2021-06-03,AED,NZD,0.3801224830664937
2021-06-04,AED,NZD,0.3780258131146227
2021-06-05,AED,NZD,0.3780258131146227
2021-06-06,AED,NZD,0.3780258131146227
2021-06-07,AED,NZD,0.3767732834585979
2021-06-08,AED,NZD,0.3782437236127722
2021-06-09,AED,NZD,0.3780531096569508
2021-06-10,AED,NZD,0.3781620492450183
2021-06-11,AED,NZD,0.3809938911439494
2021-06-12,AED,NZD,0.3809938911439494
2021-06-13,AED,NZD,0.3809938911439494
2021-06-14,AED,NZD,0.3811844315129744
2021-06-15,AED,NZD,0.3818924911534604
2021-06-16,AED,NZD,0.3811027895199781
2021-06-17,AED,NZD,0.3884275017547212
2021-06-18,AED,NZD,0.3923213300006944
2021-06-19,AED,NZD,0.3923213300006944
2021-06-20,AED,NZD,0.3923213300006944
2021-06-21,AED,NZD,0.3898979013355563
2021-06-22,AED,NZD,0.3898979013355563
2021-06-23,AED,NZD,0.3853778398493018
2021-06-24,AED,NZD,0.3851872395171292
2021-06-25,AED,NZD,0.3841524808759291
2021-06-26,AED,NZD,0.3841524808759291
2021-06-27,AED,NZD,0.3841524808759291
2021-06-28,AED,NZD,0.3866303234162655
2021-06-29,AED,NZD,0.3900067783178071
2021-06-30,AED,NZD,0.390034007065076
2021-07-01,AED,NZD,0.3887542719235056
2021-07-02,AED,NZD,0.3890537396039977
2021-07-03,AED,NZD,0.3890537396039977
2021-07-04,AED,NZD,0.3890537396039977
2021-07-05,AED,NZD,0.387828393692359
2021-07-06,AED,NZD,0.3853778398493018
2021-07-07,AED,NZD,0.3872839197780088
2021-07-08,AED,NZD,0.3909053524324476
2021-07-09,AED,NZD,0.3901157161237166
2021-07-10,AED,NZD,0.3901157161237166
2021-07-11,AED,NZD,0.3901157161237166
2021-07-12,AED,NZD,0.3903336220501024
2021-07-13,AED,NZD,0.3914499501879938
2021-07-14,AED,NZD,0.3872839197780088
2021-07-15,AED,NZD,0.3893260804480052
2021-07-16,AED,NZD,0.3888086862970988
2021-07-17,AED,NZD,0.3888086862970988
2021-07-18,AED,NZD,0.3888086862970988
2021-07-19,AED,NZD,0.3921307206970515
2021-07-20,AED,NZD,0.3942274069258659
2021-07-21,AED,NZD,0.3921307206970515
2021-07-22,AED,NZD,0.3910143341944772
2021-07-23,AED,NZD,0.3902247148042672
2021-07-24,AED,NZD,0.3902247148042672
2021-07-25,AED,NZD,0.3902247148042672
2021-07-26,AED,NZD,0.3894349415828115
2021-07-27,AED,NZD,0.3913955600087673
2021-07-28,AED,NZD,0.3932743788821097
2021-07-29,AED,NZD,0.3894349415828115
2021-07-30,AED,NZD,0.3888903364251411
2021-07-31,AED,NZD,0.3888903364251411
2021-08-01,AED,NZD,0.3888903364251411
2021-08-02,AED,NZD,0.3897072090767485
2021-08-03,AED,NZD,0.3896528465893881
2021-08-04,AED,NZD,0.3848060115934355
2021-08-05,AED,NZD,0.3859495826341213
2021-08-06,AED,NZD,0.3875561908032141
2021-08-07,AED,NZD,0.3875561908032141
2021-08-08,AED,NZD,0.3875561908032141
2021-08-09,AED,NZD,0.3879100839941705
2021-08-10,AED,NZD,0.3894077964113735
2021-08-11,AED,NZD,0.3865759192582072
2021-08-12,AED,NZD,0.3887270704478408
2021-08-13,AED,NZD,0.3879373217428007
2021-08-14,AED,NZD,0.3879373217428007
2021-08-15,AED,NZD,0.3879373217428007
2021-08-16,AED,NZD,0.3880463109989399
2021-08-17,AED,NZD,0.393492112647348
2021-08-18,AED,NZD,0.39504424890632
2021-08-19,AED,NZD,0.3976038799777023
2021-08-20,AED,NZD,0.3982028309832066
2021-08-21,AED,NZD,0.3982028309832066
2021-08-22,AED,NZD,0.3982028309832066
2021-08-23,AED,NZD,0.3962968437730471
2021-08-24,AED,NZD,0.3920762949103792
2021-08-25,AED,NZD,0.3916405116078331
2021-08-26,AED,NZD,0.3911776912927366
2021-08-27,AED,NZD,0.3900067783178071
2021-08-28,AED,NZD,0.3900067783178071
2021-08-29,AED,NZD,0.3900067783178071
2021-08-30,AED,NZD,0.38902649620563
2021-08-31,AED,NZD,0.3863308421432862
2021-09-01,AED,NZD,0.3855139286182409
2021-09-02,AED,NZD,0.3832539486654331
2021-09-03,AED,NZD,0.3814295675046419
2021-09-04,AED,NZD,0.3814295675046419
2021-09-05,AED,NZD,0.3814295675046419
2021-09-06,AED,NZD,0.3814295675046419
2021-09-07,AED,NZD,0.3828727246831154
2021-09-08,AED,NZD,0.3831722987885624
2021-09-09,AED,NZD,0.3820557579814313
2021-09-10,AED,NZD,0.3809394652905101
2021-09-11,AED,NZD,0.3809394652905101
2021-09-12,AED,NZD,0.3809394652905101
2021-09-13,AED,NZD,0.3828182004022654
2021-09-14,AED,NZD,0.3829271178645839
2021-09-15,AED,NZD,0.3827093448819705
2021-09-16,AED,NZD,0.3851872395171292
2021-09-17,AED,NZD,0.386113057764444
2021-09-18,AED,NZD,0.386113057764444
2021-09-19,AED,NZD,0.386113057764444
2021-09-20,AED,NZD,0.3873383733802477
2021-09-21,AED,NZD,0.3880463109989399
2021-09-22,AED,NZD,0.3881006779730743
2021-09-23,AED,NZD,0.3843430923169047
2021-09-24,AED,NZD,0.3879373217428007
2021-09-25,AED,NZD,0.3879373217428007
2021-09-26,AED,NZD,0.3879373217428007
2021-09-27,AED,NZD,0.3881552108478513
2021-09-28,AED,NZD,0.3914772275739334
2021-09-29,AED,NZD,0.3948263533956448
2021-09-30,AED,NZD,0.3951258851313735
2021-10-01,AED,NZD,0.3929475348239929
2021-10-02,AED,NZD,0.3929475348239929
2021-10-03,AED,NZD,0.3929475348239929
2021-10-04,AED,NZD,0.3903063514552572
2021-10-05,AED,NZD,0.3910687713987943
2021-10-06,AED,NZD,0.3943908160577009
2021-10-07,AED,NZD,0.3933288284071519
2021-10-08,AED,NZD,0.3922396176134415
2021-10-09,AED,NZD,0.3922396176134415
2021-10-10,AED,NZD,0.3922396176134415
2021-10-11,AED,NZD,0.3916133648242694
2021-10-12,AED,NZD,0.3921307206970515
2021-10-13,AED,NZD,0.391994530892305
2021-10-14,AED,NZD,0.3871205009339282
2021-10-15,AED,NZD,0.3855684802394226
2021-10-16,AED,NZD,0.3855684802394226
2021-10-17,AED,NZD,0.3855684802394226
2021-10-18,AED,NZD,0.384751527463564
2021-10-19,AED,NZD,0.3801497942249163
2021-10-20,AED,NZD,0.3790333890512415
2021-10-21,AED,NZD,0.3800680169723174
2021-10-22,AED,NZD,0.3803675567774652
2021-10-23,AED,NZD,0.3803675567774652
2021-10-24,AED,NZD,0.3803675567774652
2021-10-25,AED,NZD,0.3803675567774652
2021-10-26,AED,NZD,0.3795234930735065
2021-10-27,AED,NZD,0.3791694898994935
2021-10-28,AED,NZD,0.3784070350408698
2021-10-29,AED,NZD,0.3812661084930838
2021-10-30,AED,NZD,0.3812661084930838
2021-10-31,AED,NZD,0.3812661084930838
2021-11-01,AED,NZD,0.3790333890512415
2021-11-02,AED,NZD,0.3822464855302504
2021-11-03,AED,NZD,0.3818106913866181
2021-11-04,AED,NZD,0.3829543935783144
2021-11-05,AED,NZD,0.384370274647936
2021-11-06,AED,NZD,0.384370274647936
2021-11-07,AED,NZD,0.384370274647936
2021-11-08,AED,NZD,0.3796869025863892
2021-11-09,AED,NZD,0.3806398937253416
2021-11-10,AED,NZD,0.3830905369358657
2021-11-11,AED,NZD,0.3875016759447485
2021-11-12,AED,NZD,0.3874200074539609
2021-11-13,AED,NZD,0.3874200074539609
2021-11-14,AED,NZD,0.3874200074539609
2021-11-15,AED,NZD,0.3854050202087122
2021-11-16,AED,NZD,0.3881006779730743
2021-11-17,AED,NZD,0.38902649620563
2021-11-18,AED,NZD,0.3875016759447485
2021-11-19,AED,NZD,0.3883730431824219
2021-11-20,AED,NZD,0.3883730431824219
2021-11-21,AED,NZD,0.3883730431824219
2021-11-22,AED,NZD,0.3889447888982711
2021-11-23,AED,NZD,0.3926207711307517
2021-11-24,AED,NZD,0.395507196451193
2021-11-25,AED,NZD,0.3976582699797433
2021-11-26,AED,NZD,0.3993737819099652
2021-11-27,AED,NZD,0.3993737819099652
2021-11-28,AED,NZD,0.3993737819099652
2021-11-29,AED,NZD,0.3997005443521714
2021-11-30,AED,NZD,0.3988291970092596
2021-12-01,AED,NZD,0.3974131582701877
2021-12-02,AED,NZD,0.4000816166497965
2021-12-03,AED,NZD,0.4015520790961223
2021-12-04,AED,NZD,0.4015520790961223
2021-12-05,AED,NZD,0.4015520790961223
2021-12-06,AED,NZD,0.4028046482045184
2021-12-07,AED,NZD,0.4029952216856565
2021-12-08,AED,NZD,0.4010346694471737
2021-12-09,AED,NZD,0.4008713339314333
2021-12-10,AED,NZD,0.400326826821417
2021-12-11,AED,NZD,0.400326826821417
2021-12-12,AED,NZD,0.400326826821417
2021-12-13,AED,NZD,0.4021511871301969
2021-12-14,AED,NZD,0.4035398515780425
2021-12-15,AED,NZD,0.4033764220027316
2021-12-16,AED,NZD,0.3988018397526471
2021-12-17,AED,NZD,0.4028046482045184
2021-12-18,AED,NZD,0.4028046482045184
2021-12-19,AED,NZD,0.4028046482045184
2021-12-20,AED,NZD,0.4048468262033059
2021-12-21,AED,NZD,0.4031042250160032
2021-12-22,AED,NZD,0.4011163871286565
2021-12-23,AED,NZD,0.3995098812776486
2021-12-24,AED,NZD,0.3991286223915947
2021-12-25,AED,NZD,0.3991286223915947
2021-12-26,AED,NZD,0.3991286223915947
2021-12-27,AED,NZD,0.399782198658171
2021-12-28,AED,NZD,0.3992103619041535
2021-12-29,AED,NZD,0.3998638863330922
2021-12-30,AED,NZD,0.3988291970092596
2021-12-31,AED,NZD,0.3980939262809667
2022-01-01,AED,NZD,0.3980939262809667
2022-01-02,AED,NZD,0.3980939262809667
2022-01-03,AED,NZD,0.400326826821417
2022-01-04,AED,NZD,0.4008441778385279
2022-01-05,AED,NZD,0.3991558651763251
2022-01-06,AED,NZD,0.40340359682715
2022-01-07,AED,NZD,0.4014975859957642
2022-01-08,AED,NZD,0.4014975859957642
2022-01-09,AED,NZD,0.4014975859957642
2022-01-10,AED,NZD,0.4035398515780425
2022-01-11,AED,NZD,0.4032402775744775
2022-01-12,AED,NZD,0.3998638863330922
2022-01-13,AED,NZD,0.3954799802101817
2022-01-14,AED,NZD,0.3988018397526471
2022-01-15,AED,NZD,0.3988018397526471
2022-01-16,AED,NZD,0.3988018397526471
2022-01-17,AED,NZD,0.400326826821417
2022-01-18,AED,NZD,0.4015520790961223
2022-01-19,AED,NZD,0.4004356740133265
2022-01-20,AED,NZD,0.4005718563821712
2022-01-21,AED,NZD,0.4043022612221168
2022-01-22,AED,NZD,0.4043022612221168
2022-01-23,AED,NZD,0.4043022612221168
2022-01-24,AED,NZD,0.4078148748844354
2022-01-25,AED,NZD,0.4085499703596996
2022-01-26,AED,NZD,0.4071069474021895
2022-01-27,AED,NZD,0.4115180613219524
2022-01-28,AED,NZD,0.4149761575448683
2022-01-29,AED,NZD,0.4149761575448683
2022-01-30,AED,NZD,0.4149761575448683
2022-01-31,AED,NZD,0.4130700314800671
2022-02-01,AED,NZD,0.4114091999325289
2022-02-02,AED,NZD,0.4100204067156422
2022-02-03,AED,NZD,0.4090401137458748
2022-02-04,AED,NZD,0.4129612002304323
2022-02-05,AED,NZD,0.4129612002304323
2022-02-06,AED,NZD,0.4129612002304323
2022-02-07,AED,NZD,0.4112185350997637
2022-02-08,AED,NZD,0.4102109715026438
2022-02-09,AED,NZD,0.4072702629173909
2022-02-10,AED,NZD,0.4089857439839219
2022-02-11,AED,NZD,0.4078421520362131
2022-02-12,AED,NZD,0.4078421520362131
2022-02-13,AED,NZD,0.4078421520362131
2022-02-14,AED,NZD,0.4122805173131019
2022-02-15,AED,NZD,0.4104561234717692
2022-02-16,AED,NZD,0.4102927685078965
2022-02-17,AED,NZD,0.4058270267813372
2022-02-18,AED,NZD,0.4055003692080861
2022-02-19,AED,NZD,0.4055003692080861
2022-02-20,AED,NZD,0.4055003692080861
2022-02-21,AED,NZD,0.4054459500004054
2022-02-22,AED,NZD,0.4040572193509467
2022-02-23,AED,NZD,0.4000272018497257
2022-02-24,AED,NZD,0.4075424700007988
2022-02-25,AED,NZD,0.4037032506589446
2022-02-26,AED,NZD,0.4037032506589446
2022-02-27,AED,NZD,0.4037032506589446
2022-02-28,AED,NZD,0.4041932625833447
2022-03-01,AED,NZD,0.4017971583297774
2022-03-02,AED,NZD,0.4022055342677104
2022-03-03,AED,NZD,0.4010620122083276
2022-03-04,AED,NZD,0.39891081391369
2022-03-05,AED,NZD,0.39891081391369
2022-03-06,AED,NZD,0.39891081391369
2022-03-07,AED,NZD,0.3970048367099256
2022-03-08,AED,NZD,0.398393517978105
2022-03-09,AED,NZD,0.3978761371797345
2022-03-10,AED,NZD,0.3972226194448416
2022-03-11,AED,NZD,0.3976582699797433
2022-03-12,AED,NZD,0.3976582699797433
2022-03-13,AED,NZD,0.3976582699797433
2022-03-14,AED,NZD,0.401334195399185
2022-03-15,AED,NZD,0.4010346694471737
2022-03-16,AED,NZD,0.3994281786194883
2022-03-17,AED,NZD,0.397086496954545
2022-03-18,AED,NZD,0.3952348900713439
2022-03-19,AED,NZD,0.3952348900713439
2022-03-20,AED,NZD,0.3952348900713439
2022-03-21,AED,NZD,0.3946357945715478
2022-03-22,AED,NZD,0.3921307206970515
2022-03-23,AED,NZD,0.3924029224600053
2022-03-24,AED,NZD,0.3920217305485677
2022-03-25,AED,NZD,0.3915860684641251
2022-03-26,AED,NZD,0.3915860684641251
2022-03-27,AED,NZD,0.3915860684641251
2022-03-28,AED,NZD,0.3947174178533846
2022-03-29,AED,NZD,0.3941456754533562
2022-03-30,AED,NZD,0.3901157161237166
2022-03-31,AED,NZD,0.3921307206970515
2022-04-01,AED,NZD,0.3939823141339185
2022-04-02,AED,NZD,0.3939823141339185
2022-04-03,AED,NZD,0.3939823141339185
2022-04-04,AED,NZD,0.3916133648242694
2022-04-05,AED,NZD,0.3871749085880041
2022-04-06,AED,NZD,0.3927297861979044
2022-04-07,AED,NZD,0.3951803800844896
2022-04-08,AED,NZD,0.3990196884294664
2022-04-09,AED,NZD,0.3990196884294664
2022-04-10,AED,NZD,0.3990196884294664
2022-04-11,AED,NZD,0.3986929251143052
2022-04-12,AED,NZD,0.396650838976022
2022-04-13,AED,NZD,0.4025050303066163
2022-04-14,AED,NZD,0.4009803166782149
2022-04-15,AED,NZD,0.4017427600932847
2022-04-16,AED,NZD,0.4017427600932847
2022-04-17,AED,NZD,0.4017427600932847
2022-04-18,AED,NZD,0.4046017787912602
2022-04-19,AED,NZD,0.4041388669643553
2022-04-20,AED,NZD,0.401279761415105
2022-04-21,AED,NZD,0.4019877490213608
2022-04-22,AED,NZD,0.4094485996653167
2022-04-23,AED,NZD,0.4094485996653167
2022-04-24,AED,NZD,0.4094485996653167
2022-04-25,AED,NZD,0.4130156086858835
2022-04-26,AED,NZD,0.4120353888954814
2022-04-27,AED,NZD,0.4151939391649536
2022-04-28,AED,NZD,0.4209939583157042
2022-04-29,AED,NZD,0.4171545636917845
2022-04-30,AED,NZD,0.4171545636917845
2022-05-01,AED,NZD,0.4171545636917845
2022-05-02,AED,NZD,0.4230905921575927
2022-05-03,AED,NZD,0.4226821379600683
2022-05-04,AED,NZD,0.4232266802099204
2022-05-05,AED,NZD,0.421647376299201
2022-05-06,AED,NZD,0.4239618129115874
2022-05-07,AED,NZD,0.4239618129115874
2022-05-08,AED,NZD,0.4239618129115874
2022-05-09,AED,NZD,0.4287543229154608
2022-05-10,AED,NZD,0.4313139072424938
2022-05-11,AED,NZD,0.4273383742167955
2022-05-12,AED,NZD,0.436855010879874
2022-05-13,AED,NZD,0.4349897016188142
2022-05-14,AED,NZD,0.4349897016188142
2022-05-15,AED,NZD,0.4349897016188142
2022-05-16,AED,NZD,0.4336011398506764
2022-05-17,AED,NZD,0.4281280102750722
2022-05-18,AED,NZD,0.4293533423440288
2022-05-19,AED,NZD,0.4246426950203425
2022-05-20,AED,NZD,0.4253234159254697
2022-05-21,AED,NZD,0.4253234159254697
2022-05-22,AED,NZD,0.4253234159254697
2022-05-23,AED,NZD,0.4213206802306646
2022-05-24,AED,NZD,0.4221103067095699
2022-05-25,AED,NZD,0.4218380496233408
2022-05-26,AED,NZD,0.4211299421704363
2022-05-27,AED,NZD,0.4163648021850824
2022-05-28,AED,NZD,0.4163648021850824
2022-05-29,AED,NZD,0.4163648021850824
2022-05-30,AED,NZD,0.4163103743712672
2022-05-31,AED,NZD,0.4185976226166621
2022-06-01,AED,NZD,0.4181619440850575
2022-06-02,AED,NZD,0.4172635273706097
2022-06-03,AED,NZD,0.4166099035673056
2022-06-04,AED,NZD,0.4166099035673056
2022-06-05,AED,NZD,0.4166099035673056
2022-06-06,AED,NZD,0.4169095164600046
2022-06-07,AED,NZD,0.4216745793901489
2022-06-08,AED,NZD,0.4212117165935934
2022-06-09,AED,NZD,0.4238802250125786
2022-06-10,AED,NZD,0.427773996730951
2022-06-11,AED,NZD,0.427773996730951
2022-06-12,AED,NZD,0.427773996730951
2022-06-13,AED,NZD,0.4333016589820617
2022-06-14,AED,NZD,0.4368958549505761
2022-06-15,AED,NZD,0.4349897016188142
2022-06-16,AED,NZD,0.4332198153010639
2022-06-17,AED,NZD,0.4320763081326267
2022-06-18,AED,NZD,0.4320763081326267
2022-06-19,AED,NZD,0.4320763081326267
2022-06-20,AED,NZD,0.4295438544945966
2022-06-21,AED,NZD,0.4293533423440288
2022-06-22,AED,NZD,0.4333561134196955
2022-06-23,AED,NZD,0.4315860571808367
2022-06-24,AED,NZD,0.4311231231593737
2022-06-25,AED,NZD,0.4311231231593737
2022-06-26,AED,NZD,0.4311231231593737
2022-06-27,AED,NZD,0.4313955906193891
2022-06-28,AED,NZD,0.4342273640531824
2022-06-29,AED,NZD,0.4381210914122132
2022-06-30,AED,NZD,0.4363511963877102
2022-07-01,AED,NZD,0.4408168159272405
2022-07-02,AED,NZD,0.4408168159272405
2022-07-03,AED,NZD,0.4408168159272405
2022-07-04,AED,NZD,0.4376854144837106
2022-07-05,AED,NZD,0.4442205572835735
2022-07-06,AED,NZD,0.4420422884175637
2022-07-07,AED,NZD,0.4411164657748762
2022-07-08,AED,NZD,0.4416065824110748
2022-07-09,AED,NZD,0.4416065824110748
2022-07-10,AED,NZD,0.4416065824110748
2022-07-11,AED,NZD,0.4458815702878789
2022-07-12,AED,NZD,0.443921012246449
2022-07-13,AED,NZD,0.4457998741952755
2022-07-14,AED,NZD,0.4483866599588023
2022-07-15,AED,NZD,0.4418243279962427
2022-07-16,AED,NZD,0.4418243279962427
2022-07-17,AED,NZD,0.4418243279962427
2022-07-18,AED,NZD,0.440517378851113
2022-07-19,AED,NZD,0.4370864342794652
2022-07-20,AED,NZD,0.4361606868309567
2022-07-21,AED,NZD,0.4382028774153742
2022-07-22,AED,NZD,0.4327297762657238
2022-07-23,AED,NZD,0.4327297762657238
2022-07-24,AED,NZD,0.4327297762657238
2022-07-25,AED,NZD,0.4342545174411813
2022-07-26,AED,NZD,0.436868561103495
2022-07-27,AED,NZD,0.4382301462023413
2022-07-28,AED,NZD,0.4340095056761933
2022-07-29,AED,NZD,0.4366779809931541
2022-07-30,AED,NZD,0.4366779809931541
2022-07-31,AED,NZD,0.4366779809931541
2022-08-01,AED,NZD,0.4303607455913845
2022-08-02,AED,NZD,0.4336011398506764
2022-08-03,AED,NZD,0.4368141744452351
2022-08-04,AED,NZD,0.4330292169142944
2022-08-05,AED,NZD,0.4367868908024037
2022-08-06,AED,NZD,0.4367868908024037
2022-08-07,AED,NZD,0.4367868908024037
2022-08-08,AED,NZD,0.4324574915908641
2022-08-09,AED,NZD,0.4336011398506764
2022-08-10,AED,NZD,0.4255956636909017
2022-08-11,AED,NZD,0.4218380496233408
2022-08-12,AED,NZD,0.423417350626827
2022-08-13,AED,NZD,0.423417350626827
2022-08-14,AED,NZD,0.423417350626827
2022-08-15,AED,NZD,0.4273655860442913
2022-08-16,AED,NZD,0.4296800645207584
2022-08-17,AED,NZD,0.4337916776199065
2022-08-18,AED,NZD,0.4336554815353832
2022-08-19,AED,NZD,0.4399727568868936
2022-08-20,AED,NZD,0.4399727568868936
2022-08-21,AED,NZD,0.4399727568868936
2022-08-22,AED,NZD,0.4407896128809304
2022-08-23,AED,NZD,0.4376310157853507
2022-08-24,AED,NZD,0.4413070455552437
2022-08-25,AED,NZD,0.4376310157853507
2022-08-26,AED,NZD,0.439727632704303
2022-08-27,AED,NZD,0.439727632704303
2022-08-28,AED,NZD,0.439727632704303
2022-08-29,AED,NZD,0.4424778761061947
2022-08-30,AED,NZD,0.4431586933554558
2022-08-31,AED,NZD,0.4446017346581279
2022-09-01,AED,NZD,0.4481144018143256
2022-09-02,AED,NZD,0.445690992629608
2022-09-03,AED,NZD,0.445690992629608
2022-09-04,AED,NZD,0.445690992629608
2022-09-05,AED,NZD,0.4470524490874318
2022-09-06,AED,NZD,0.4503200199221577
2022-09-07,AED,NZD,0.4526345139248482
2022-09-08,AED,NZD,0.4511369101272116
2022-09-09,AED,NZD,0.4454186244671123
2022-09-10,AED,NZD,0.4454186244671123
2022-09-11,AED,NZD,0.4454186244671123
2022-09-12,AED,NZD,0.4425595342149414
2022-09-13,AED,NZD,0.4506739603740414
2022-09-14,AED,NZD,0.4532335494350897
2022-09-15,AED,NZD,0.4530427939692755
2022-09-16,AED,NZD,0.4569638317696793
2022-09-17,AED,NZD,0.4569638317696793
2022-09-18,AED,NZD,0.4569638317696793
2022-09-19,AED,NZD,0.4588427252321285
2022-09-20,AED,NZD,0.461592929504143
2022-09-21,AED,NZD,0.4628183322341398
2022-09-22,AED,NZD,0.4666303317181702
2022-09-23,AED,NZD,0.4702518668999115
2022-09-24,AED,NZD,0.4702518668999115
2022-09-25,AED,NZD,0.4702518668999115
2022-09-26,AED,NZD,0.4754254939314313
2022-09-27,AED,NZD,0.4816881435353597
2022-09-28,AED,NZD,0.4810891087679933
2022-09-29,AED,NZD,0.4790469707283867
2022-09-30,AED,NZD,0.4783798502382573
2022-10-01,AED,NZD,0.4783798502382573
2022-10-02,AED,NZD,0.4783798502382573
2022-10-03,AED,NZD,0.4772226405874038
2022-10-04,AED,NZD,0.4765147331207759
2022-10-05,AED,NZD,0.4802451171077718
2022-10-06,AED,NZD,0.4792375139458117
2022-10-07,AED,NZD,0.484356730669565
2022-10-08,AED,NZD,0.484356730669565
2022-10-09,AED,NZD,0.484356730669565
2022-10-10,AED,NZD,0.4878148723047008
2022-10-11,AED,NZD,0.4878965073928518
2022-10-12,AED,NZD,0.486480701310579
2022-10-13,AED,NZD,0.4893124377349923
2022-10-14,AED,NZD,0.4877332645304274
2022-10-15,AED,NZD,0.4877332645304274
2022-10-16,AED,NZD,0.4877332645304274
2022-10-17,AED,NZD,0.4834582347682857
2022-10-18,AED,NZD,0.4783116745835221
2022-10-19,AED,NZD,0.4806261982611905
2022-10-20,AED,NZD,0.4769231209467496
2022-10-21,AED,NZD,0.4777127876069837
2022-10-22,AED,NZD,0.4777127876069837
2022-10-23,AED,NZD,0.4777127876069837
2022-10-24,AED,NZD,0.4793192899172311
2022-10-25,AED,NZD,0.4719672681260209
2022-10-26,AED,NZD,0.4695439695059364
2022-10-27,AED,NZD,0.4662491560890275
2022-10-28,AED,NZD,0.4680190858183197
2022-10-29,AED,NZD,0.4680190858183197
2022-10-30,AED,NZD,0.4680190858183197
2022-10-31,AED,NZD,0.4706602186216715
2022-11-01,AED,NZD,0.4637167173122608
2022-11-02,AED,NZD,0.4639619848108125
2022-11-03,AED,NZD,0.4721580218467516
2022-11-04,AED,NZD,0.4626821406081772
2022-11-05,AED,NZD,0.4626821406081772
2022-11-06,AED,NZD,0.4626821406081772
2022-11-07,AED,NZD,0.458869886067196
2022-11-08,AED,NZD,0.4592783176084092
2022-11-09,AED,NZD,0.4614840774148769
2022-11-10,AED,NZD,0.4570457022849999
2022-11-11,AED,NZD,0.4480053904008573
2022-11-12,AED,NZD,0.4480053904008573
2022-11-13,AED,NZD,0.4480053904008573
2022-11-14,AED,NZD,0.4468073603470084
2022-11-15,AED,NZD,0.4416065824110748
2022-11-16,AED,NZD,0.4418243279962427
2022-11-17,AED,NZD,0.4484411512919365
2022-11-18,AED,NZD,0.4411709559512859
2022-11-19,AED,NZD,0.4411709559512859
2022-11-20,AED,NZD,0.4411709559512859
2022-11-21,AED,NZD,0.4454186244671123
2022-11-22,AED,NZD,0.4431857967815847
2022-11-23,AED,NZD,0.4402177669249424
2022-11-24,AED,NZD,0.434118407532128
2022-11-25,AED,NZD,0.4373588424336045
2022-11-26,AED,NZD,0.4373588424336045
2022-11-27,AED,NZD,0.4373588424336045
2022-11-28,AED,NZD,0.4384478420254887
2022-11-29,AED,NZD,0.4379305678601881
2022-11-30,AED,NZD,0.4377128104970535
2022-12-01,AED,NZD,0.4275016971817378
2022-12-02,AED,NZD,0.4285909600737519
2022-12-03,AED,NZD,0.4285909600737519
2022-12-04,AED,NZD,0.4285909600737519
2022-12-05,AED,NZD,0.4255684956749474
2022-12-06,AED,NZD,0.4298435197650647
2022-12-07,AED,NZD,0.4271749935176194
2022-12-08,AED,NZD,0.4273111658544193
2022-12-09,AED,NZD,0.4258678974816728
2022-12-10,AED,NZD,0.4258678974816728
2022-12-11,AED,NZD,0.4258678974816728
2022-12-12,AED,NZD,0.4255956636909017
2022-12-13,AED,NZD,0.4200953448394647
2022-12-14,AED,NZD,0.4224914149744477
2022-12-15,AED,NZD,0.42633087709904
2022-12-16,AED,NZD,0.4272565769741176
2022-12-17,AED,NZD,0.4272565769741176
2022-12-18,AED,NZD,0.4272565769741176
2022-12-19,AED,NZD,0.4275289298138581
2022-12-20,AED,NZD,0.4309871113304356
2022-12-21,AED,NZD,0.4319400674517609
2022-12-22,AED,NZD,0.4353709273226603
2022-12-23,AED,NZD,0.433519370946052
2022-12-24,AED,NZD,0.433519370946052
2022-12-25,AED,NZD,0.433519370946052
2022-12-26,AED,NZD,0.4334648754742105
2022-12-27,AED,NZD,0.4337916776199065
2022-12-28,AED,NZD,0.4299523741755125
2022-12-29,AED,NZD,0.4301428633492041
2022-12-30,AED,NZD,0.4285092335169638
2022-12-31,AED,NZD,0.4285092335169638
2023-01-01,AED,NZD,0.4285092335169638
2023-01-02,AED,NZD,0.4303335213890821
2023-01-03,AED,NZD,0.4357794067212001
2023-01-04,AED,NZD,0.4299795501725937
2023-01-05,AED,NZD,0.4367596105676609
2023-01-06,AED,NZD,0.4352892475285365
2023-01-07,AED,NZD,0.4352892475285365
2023-01-08,AED,NZD,0.4352892475285365
2023-01-09,AED,NZD,0.4257317370663762
2023-01-10,AED,NZD,0.4282095914666393
2023-01-11,AED,NZD,0.4288904004892782
2023-01-12,AED,NZD,0.4244792064615923
2023-01-13,AED,NZD,0.4297890208675463
2023-01-14,AED,NZD,0.4297890208675463
2023-01-15,AED,NZD,0.4297890208675463
2023-01-16,AED,NZD,0.4264670573389223
2023-01-17,AED,NZD,0.4254866503563451
2023-01-18,AED,NZD,0.4187066403104793
2023-01-19,AED,NZD,0.4259223134737116
2023-01-20,AED,NZD,0.4246971590732938
2023-01-21,AED,NZD,0.4246971590732938
2023-01-22,AED,NZD,0.4246971590732938
2023-01-23,AED,NZD,0.4221375695682715
2023-01-24,AED,NZD,0.4200953448394647
2023-01-25,AED,NZD,0.4215656103637689
2023-01-26,AED,NZD,0.4191149967728145
2023-01-27,AED,NZD,0.4197141410927845
2023-01-28,AED,NZD,0.4197141410927845
2023-01-29,AED,NZD,0.4197141410927845
2023-01-30,AED,NZD,0.4199319878152534
2023-01-31,AED,NZD,0.4215112358035016
2023-02-01,AED,NZD,0.4219469815178783
2023-02-02,AED,NZD,0.4182165073401179
2023-02-03,AED,NZD,0.4261402981703666
2023-02-04,AED,NZD,0.4261402981703666
2023-02-05,AED,NZD,0.4261402981703666
2023-02-06,AED,NZD,0.4325392345526181
2023-02-07,AED,NZD,0.4326752919043856
2023-02-08,AED,NZD,0.4308509996604894
2023-02-09,AED,NZD,0.4264941583095136
2023-02-10,AED,NZD,0.4296800645207584
2023-02-11,AED,NZD,0.4296800645207584
2023-02-12,AED,NZD,0.4296800645207584
2023-02-13,AED,NZD,0.4299523741755125
2023-02-14,AED,NZD,0.4288087435818051
2023-02-15,AED,NZD,0.4344452525126141
2023-02-16,AED,NZD,0.43469018978139
2023-02-17,AED,NZD,0.4383117808125512
2023-02-18,AED,NZD,0.4383117808125512
2023-02-19,AED,NZD,0.4383117808125512
2023-02-20,AED,NZD,0.4355070652311192
2023-02-21,AED,NZD,0.436868561103495
2023-02-22,AED,NZD,0.4366507143605687
2023-02-23,AED,NZD,0.4379850410589076
2023-02-24,AED,NZD,0.4414432191452158
2023-02-25,AED,NZD,0.4414432191452158
2023-02-26,AED,NZD,0.4414432191452158
2023-02-27,AED,NZD,0.4419332813325172
2023-02-28,AED,NZD,0.4408714264615439
2023-03-01,AED,NZD,0.4357249111774768
2023-03-02,AED,NZD,0.4384751413095761
2023-03-03,AED,NZD,0.4374677094146988
2023-03-04,AED,NZD,0.4374677094146988
2023-03-05,AED,NZD,0.4374677094146988
2023-03-06,AED,NZD,0.4398910829678571
2023-03-07,AED,NZD,0.4402995622101453
2023-03-08,AED,NZD,0.4449285266814738
2023-03-09,AED,NZD,0.4430770103290113
2023-03-10,AED,NZD,0.4437031643578572
2023-03-11,AED,NZD,0.4437031643578572
2023-03-12,AED,NZD,0.4437031643578572
2023-03-13,AED,NZD,0.4380395278109106
2023-03-14,AED,NZD,0.437222691507911
2023-03-15,AED,NZD,0.4396187977480967
2023-03-16,AED,NZD,0.4410075257934276
2023-03-17,AED,NZD,0.4351803256715485
2023-03-18,AED,NZD,0.4351803256715485
2023-03-19,AED,NZD,0.4351803256715485
2023-03-20,AED,NZD,0.4346357773917246
2023-03-21,AED,NZD,0.4399454643602379
2023-03-22,AED,NZD,0.4387202180263995
2023-03-23,AED,NZD,0.4340095056761933
2023-03-24,AED,NZD,0.4396187977480967
2023-03-25,AED,NZD,0.4396187977480967
2023-03-26,AED,NZD,0.4396187977480967
2023-03-27,AED,NZD,0.4398367150179167
2023-03-28,AED,NZD,0.4373588424336045
2023-03-29,AED,NZD,0.4371137553579218
2023-03-30,AED,NZD,0.4352892475285365
2023-03-31,AED,NZD,0.4345813786225074
2023-04-01,AED,NZD,0.4345813786225074
2023-04-02,AED,NZD,0.4345813786225074
2023-04-03,AED,NZD,0.4330564081955059
2023-04-04,AED,NZD,0.4322668158275359
2023-04-05,AED,NZD,0.4300884734998836
2023-04-06,AED,NZD,0.4361606868309567
2023-04-07,AED,NZD,0.4358884387129958
2023-04-08,AED,NZD,0.4358884387129958
2023-04-09,AED,NZD,0.4358884387129958
2023-04-10,AED,NZD,0.439237624040705
2023-04-11,AED,NZD,0.4386657542418978
2023-04-12,AED,NZD,0.4379305678601881
2023-04-13,AED,NZD,0.4325663643316157
2023-04-14,AED,NZD,0.4355070652311192
2023-04-15,AED,NZD,0.4355070652311192
2023-04-16,AED,NZD,0.4355070652311192
2023-04-17,AED,NZD,0.4408986396072474
2023-04-18,AED,NZD,0.4387473587409004
2023-04-19,AED,NZD,0.4378216621023759
2023-04-20,AED,NZD,0.4396733051473433
2023-04-21,AED,NZD,0.4441388768971392
2023-04-22,AED,NZD,0.4441388768971392
2023-04-23,AED,NZD,0.4441388768971392
2023-04-24,AED,NZD,0.4429680810489838
2023-04-25,AED,NZD,0.442668458588587
2023-04-26,AED,NZD,0.4435669704065424
2023-04-27,AED,NZD,0.4440028096497794
2023-04-28,AED,NZD,0.4423962481258989
2023-04-29,AED,NZD,0.4423962481258989
2023-04-30,AED,NZD,0.4423962481258989
2023-05-01,AED,NZD,0.4402450932483132
2023-05-02,AED,NZD,0.4386113039782484
2023-05-03,AED,NZD,0.4373588424336045
2023-05-04,AED,NZD,0.4344724331585884
2023-05-05,AED,NZD,0.4331109885888248
2023-05-06,AED,NZD,0.4331109885888248
2023-05-07,AED,NZD,0.4331109885888248
2023-05-08,AED,NZD,0.4282095914666393
2023-05-09,AED,NZD,0.4303335213890821
2023-05-10,AED,NZD,0.4282095914666393
2023-05-11,AED,NZD,0.4317222609812874
2023-05-12,AED,NZD,0.4373588424336045
2023-05-13,AED,NZD,0.4373588424336045
2023-05-14,AED,NZD,0.4373588424336045
2023-05-15,AED,NZD,0.4382028774153742
2023-05-16,AED,NZD,0.4360517087558311
2023-05-17,AED,NZD,0.435942785125109
2023-05-18,AED,NZD,0.4379850410589076
2023-05-19,AED,NZD,0.4337373017983182
2023-05-20,AED,NZD,0.4337373017983182
2023-05-21,AED,NZD,0.4337373017983182
2023-05-22,AED,NZD,0.4337916776199065
2023-05-23,AED,NZD,0.4352621540427584
2023-05-24,AED,NZD,0.445119047089144
2023-05-25,AED,NZD,0.4496392768901149
2023-05-26,AED,NZD,0.4497209706237765
2023-05-27,AED,NZD,0.4497209706237765
2023-05-28,AED,NZD,0.4497209706237765
2023-05-29,AED,NZD,0.4498571253769802
2023-05-30,AED,NZD,0.4509190406426858
2023-05-31,AED,NZD,0.4543226299464944
2023-06-01,AED,NZD,0.4504833235578451
2023-06-02,AED,NZD,0.4475969192799239
2023-06-03,AED,NZD,0.4475969192799239
2023-06-04,AED,NZD,0.4475969192799239
2023-06-05,AED,NZD,0.4481688269898023
2023-06-06,AED,NZD,0.4500204984337037
2023-06-07,AED,NZD,0.4466167885037265
2023-06-08,AED,NZD,0.4471340051670806
2023-06-09,AED,NZD,0.4444928447764312
2023-06-10,AED,NZD,0.4444928447764312
2023-06-11,AED,NZD,0.4444928447764312
2023-06-12,AED,NZD,0.4450374320984138
2023-06-13,AED,NZD,0.4432948331770719
2023-06-14,AED,NZD,0.4385295577692527
2023-06-15,AED,NZD,0.4380940281212557
2023-06-16,AED,NZD,0.437222691507911
2023-06-17,AED,NZD,0.437222691507911
2023-06-18,AED,NZD,0.437222691507911
2023-06-19,AED,NZD,0.4390197216439357
2023-06-20,AED,NZD,0.442750187061954
2023-06-21,AED,NZD,0.4412525217581619
2023-06-22,AED,NZD,0.4395370619848351
2023-06-23,AED,NZD,0.4440028096497794
2023-06-24,AED,NZD,0.4440028096497794
2023-06-25,AED,NZD,0.4440028096497794
2023-06-26,AED,NZD,0.4419332813325172
2023-06-27,AED,NZD,0.4406534538197384
2023-06-28,AED,NZD,0.4479237167993342
2023-06-29,AED,NZD,0.4495030519009708
2023-06-30,AED,NZD,0.4449285266814738
2023-07-01,AED,NZD,0.4449285266814738
2023-07-02,AED,NZD,0.4449285266814738
2023-07-03,AED,NZD,0.4414432191452158
2023-07-04,AED,NZD,0.4391014579046605
2023-07-05,AED,NZD,0.4396187977480967
2023-07-06,AED,NZD,0.4418516589099608
2023-07-07,AED,NZD,0.440163318197584
2023-07-08,AED,NZD,0.440163318197584
2023-07-09,AED,NZD,0.440163318197584
2023-07-10,AED,NZD,0.4396733051473433
2023-07-11,AED,NZD,0.440980299205133
2023-07-12,AED,NZD,0.4345268046549987
2023-07-13,AED,NZD,0.4263581425451705
2023-07-14,AED,NZD,0.4273111658544193
2023-07-15,AED,NZD,0.4273111658544193
2023-07-16,AED,NZD,0.4273111658544193
2023-07-17,AED,NZD,0.4305786632771514
2023-07-18,AED,NZD,0.4330292169142944
2023-07-19,AED,NZD,0.4356161507301579
2023-07-20,AED,NZD,0.4351803256715485
2023-07-21,AED,NZD,0.4405445483052692
2023-07-22,AED,NZD,0.4405445483052692
2023-07-23,AED,NZD,0.4405445483052692
2023-07-24,AED,NZD,0.4391830317243863
2023-07-25,AED,NZD,0.4384478420254887
2023-07-26,AED,NZD,0.4385839877371917
2023-07-27,AED,NZD,0.4382301462023413
2023-07-28,AED,NZD,0.4421511537934358
2023-07-29,AED,NZD,0.4421511537934358
2023-07-30,AED,NZD,0.4421511537934358
2023-07-31,AED,NZD,0.4382028774153742
2023-08-01,AED,NZD,0.4421239812910816
2023-08-02,AED,NZD,0.4470252703385322
2023-08-03,AED,NZD,0.4492308494011977
2023-08-04,AED,NZD,0.4454186244671123
2023-08-05,AED,NZD,0.4454186244671123
2023-08-06,AED,NZD,0.4454186244671123
2023-08-07,AED,NZD,0.4472701981630613
2023-08-08,AED,NZD,0.4510551081088883
2023-08-09,AED,NZD,0.4489585732455708
2023-08-10,AED,NZD,0.4472974067038252
2023-08-11,AED,NZD,0.4541319880127321
2023-08-12,AED,NZD,0.4541319880127321
2023-08-13,AED,NZD,0.4541319880127321
2023-08-14,AED,NZD,0.4574812364070887
2023-08-15,AED,NZD,0.4556840432662885
2023-08-16,AED,NZD,0.4570728596992003
2023-08-17,AED,NZD,0.4582709893841525
2023-08-18,AED,NZD,0.4590061598626653
2023-08-19,AED,NZD,0.4590061598626653
2023-08-20,AED,NZD,0.4590061598626653
2023-08-21,AED,NZD,0.4607488089643288
2023-08-22,AED,NZD,0.4591966996614801
2023-08-23,AED,NZD,0.4566099541883233
2023-08-24,AED,NZD,0.4586794069458739
2023-08-25,AED,NZD,0.4610211249099856
2023-08-26,AED,NZD,0.4610211249099856
2023-08-27,AED,NZD,0.4610211249099856
2023-08-28,AED,NZD,0.4608849267123834
2023-08-29,AED,NZD,0.4591966996614801
2023-08-30,AED,NZD,0.4536418823960639
2023-08-31,AED,NZD,0.4577264452826941
2023-09-01,AED,NZD,0.4565826432847651
2023-09-02,AED,NZD,0.4565826432847651
2023-09-03,AED,NZD,0.4565826432847651
2023-09-04,AED,NZD,0.4586249232376534
2023-09-05,AED,NZD,0.4636079360406491
2023-09-06,AED,NZD,0.4645881611786416
2023-09-07,AED,NZD,0.4634717089916755
2023-09-08,AED,NZD,0.4604221149950274
2023-09-09,AED,NZD,0.4604221149950274
2023-09-10,AED,NZD,0.4604221149950274
2023-09-11,AED,NZD,0.4596868429351189
2023-09-12,AED,NZD,0.461592929504143
2023-09-13,AED,NZD,0.4602314043501072
2023-09-14,AED,NZD,0.4604766024931124
2023-09-15,AED,NZD,0.4605037450467066
2023-09-16,AED,NZD,0.4605037450467066
2023-09-17,AED,NZD,0.4605037450467066
2023-09-18,AED,NZD,0.4614568191781453
2023-09-19,AED,NZD,0.45873390360074
2023-09-20,AED,NZD,0.4555206829166078
2023-09-21,AED,NZD,0.4605037450467066
2023-09-22,AED,NZD,0.4548400668614898
2023-09-23,AED,NZD,0.4548400668614898
2023-09-24,AED,NZD,0.4548400668614898
2023-09-25,AED,NZD,0.4563921832797984
2023-09-26,AED,NZD,0.456528239695587
2023-09-27,AED,NZD,0.4595780430155857
2023-09-28,AED,NZD,0.4571817306522977
2023-09-29,AED,NZD,0.4522805568659128
2023-09-30,AED,NZD,0.4522805568659128
2023-10-01,AED,NZD,0.4522805568659128
2023-10-02,AED,NZD,0.4565009385659296
2023-10-03,AED,NZD,0.4619468936612109
2023-10-04,AED,NZD,0.4613750637851025
2023-10-05,AED,NZD,0.4578079605479412
2023-10-06,AED,NZD,0.4580531002637012
2023-10-07,AED,NZD,0.4580531002637012
2023-10-08,AED,NZD,0.4580531002637012
2023-10-09,AED,NZD,0.4537781569346377
2023-10-10,AED,NZD,0.4525527823623888
2023-10-11,AED,NZD,0.451790354818073
2023-10-12,AED,NZD,0.4575628737144771
2023-10-13,AED,NZD,0.4610483316966118
2023-10-14,AED,NZD,0.4610483316966118
2023-10-15,AED,NZD,0.4610483316966118
2023-10-16,AED,NZD,0.4605854040485457
2023-10-17,AED,NZD,0.4625732022092496
2023-10-18,AED,NZD,0.4633628279218733
2023-10-19,AED,NZD,0.466739229058811
2023-10-20,AED,NZD,0.4665486920540692
2023-10-21,AED,NZD,0.4665486920540692
2023-10-22,AED,NZD,0.4665486920540692
2023-10-23,AED,NZD,0.4673928081333827
2023-10-24,AED,NZD,0.4660312175671399
2023-10-25,AED,NZD,0.4681551503620711
2023-10-26,AED,NZD,0.4685635995430567
2023-10-27,AED,NZD,0.4670660081035953
2023-10-28,AED,NZD,0.4670660081035953
2023-10-29,AED,NZD,0.4670660081035953
2023-10-30,AED,NZD,0.4663309084126095
2023-10-31,AED,NZD,0.4680734145066249
2023-11-01,AED,NZD,0.4665486920540692
2023-11-02,AED,NZD,0.4619195807248349
2023-11-03,AED,NZD,0.4554391503691562
2023-11-04,AED,NZD,0.4554391503691562
2023-11-05,AED,NZD,0.4554391503691562
2023-11-06,AED,NZD,0.4557930845250043
2023-11-07,AED,NZD,0.4601496590751176
2023-11-08,AED,NZD,0.4593329566803088
2023-11-09,AED,NZD,0.458869886067196
2023-11-10,AED,NZD,0.4616745489901331
2023-11-11,AED,NZD,0.4616745489901331
2023-11-12,AED,NZD,0.4616745489901331
2023-11-13,AED,NZD,0.4632539979978162
2023-11-14,AED,NZD,0.458162018918426
2023-11-15,AED,NZD,0.4521715538875449
2023-11-16,AED,NZD,0.453015702883309
2023-11-17,AED,NZD,0.4553846041751481
2023-11-18,AED,NZD,0.4553846041751481
2023-11-19,AED,NZD,0.4553846041751481
2023-11-20,AED,NZD,0.45211717430383
2023-11-21,AED,NZD,0.4487405871052597
2023-11-22,AED,NZD,0.4519537054780404
2023-11-23,AED,NZD,0.4503743736981365
2023-11-24,AED,NZD,0.4487951645013796
2023-11-25,AED,NZD,0.4487951645013796
2023-11-26,AED,NZD,0.4487951645013796
2023-11-27,AED,NZD,0.4470524490874318
2023-11-28,AED,NZD,0.4461809808218029
2023-11-29,AED,NZD,0.443131396878671
2023-11-30,AED,NZD,0.4435943205731948
2023-12-01,AED,NZD,0.4420694508790109
2023-12-02,AED,NZD,0.4420694508790109
2023-12-03,AED,NZD,0.4420694508790109
2023-12-04,AED,NZD,0.440462855987586
2023-12-05,AED,NZD,0.4437031643578572
2023-12-06,AED,NZD,0.4417427458110639
2023-12-07,AED,NZD,0.4423690454914632
2023-12-08,AED,NZD,0.4444383210720208
2023-12-09,AED,NZD,0.4444383210720208
2023-12-10,AED,NZD,0.4444383210720208
2023-12-11,AED,NZD,0.4444928447764312
2023-12-12,AED,NZD,0.4446562984675365
2023-12-13,AED,NZD,0.4448196745521333
2023-12-14,AED,NZD,0.4384207383531338
2023-12-15,AED,NZD,0.4398638005727906
2023-12-16,AED,NZD,0.4398638005727906
2023-12-17,AED,NZD,0.4398638005727906
2023-12-18,AED,NZD,0.4369231522082969
2023-12-19,AED,NZD,0.4356706190705228
2023-12-20,AED,NZD,0.4327842743506072
2023-12-21,AED,NZD,0.4330837904532741
2023-12-22,AED,NZD,0.4315588639817088
2023-12-23,AED,NZD,0.4315588639817088
2023-12-24,AED,NZD,0.4315588639817088
2023-12-25,AED,NZD,0.4325119211098255
2023-12-26,AED,NZD,0.4308237133988329
2023-12-27,AED,NZD,0.4305786632771514
2023-12-28,AED,NZD,0.4300340974035831
2023-12-29,AED,NZD,0.4314499392949935
2023-12-30,AED,NZD,0.4314499392949935
2023-12-31,AED,NZD,0.4314499392949935
2024-01-01,AED,NZD,0.4304969182878104
2024-01-02,AED,NZD,0.4341457357771686
2024-01-03,AED,NZD,0.4373588424336045
2024-01-04,AED,NZD,0.4367596105676609
2024-01-05,AED,NZD,0.4378216621023759
2024-01-06,AED,NZD,0.4378216621023759
2024-01-07,AED,NZD,0.4378216621023759
2024-01-08,AED,NZD,0.4379850410589076
2024-01-09,AED,NZD,0.4358884387129958
2024-01-10,AED,NZD,0.437222691507911
2024-01-11,AED,NZD,0.4388291861781093
2024-01-12,AED,NZD,0.435153245742787
2024-01-13,AED,NZD,0.435153245742787
2024-01-14,AED,NZD,0.435153245742787
2024-01-15,AED,NZD,0.4395370619848351
2024-01-16,AED,NZD,0.4424778761061947
2024-01-17,AED,NZD,0.4461809808218029
2024-01-18,AED,NZD,0.4465350221883252
2024-01-19,AED,NZD,0.4457726488167411
2024-01-20,AED,NZD,0.4457726488167411
2024-01-21,AED,NZD,0.4457726488167411
2024-01-22,AED,NZD,0.4454186244671123
2024-01-23,AED,NZD,0.4469435541577147
2024-01-24,AED,NZD,0.443131396878671
2024-01-25,AED,NZD,0.4442477907557365
2024-01-26,AED,NZD,0.445309730730112
2024-01-27,AED,NZD,0.445309730730112
2024-01-28,AED,NZD,0.445309730730112
2024-01-29,AED,NZD,0.4455819656937533
2024-01-30,AED,NZD,0.4447650706420361
2024-01-31,AED,NZD,0.4434037266309608
2024-02-01,AED,NZD,0.446725723807354
2024-02-02,AED,NZD,0.4472701981630613
2024-02-03,AED,NZD,0.4472701981630613
2024-02-04,AED,NZD,0.4472701981630613
2024-02-05,AED,NZD,0.4496663700367512
2024-02-06,AED,NZD,0.4497753821741422
2024-02-07,AED,NZD,0.4452280458050613
2024-02-08,AED,NZD,0.4473792523397935
2024-02-09,AED,NZD,0.4434037266309608
2024-02-10,AED,NZD,0.4434037266309608
2024-02-11,AED,NZD,0.4434037266309608
2024-02-12,AED,NZD,0.4443840082193266
2024-02-13,AED,NZD,0.4494485042129055
2024-02-14,AED,NZD,0.4482777170112428
2024-02-15,AED,NZD,0.4453642701169927
2024-02-16,AED,NZD,0.4463988779317804
2024-02-17,AED,NZD,0.4463988779317804
2024-02-18,AED,NZD,0.4463988779317804
2024-02-19,AED,NZD,0.4429680810489838
2024-02-20,AED,NZD,0.440381193961493
2024-02-21,AED,NZD,0.440462855987586
2024-02-22,AED,NZD,0.4402722291247123
2024-02-23,AED,NZD,0.4392648288119072
2024-02-24,AED,NZD,0.4392648288119072
2024-02-25,AED,NZD,0.4392648288119072
2024-02-26,AED,NZD,0.440435696608513
2024-02-27,AED,NZD,0.4414703080314927
2024-02-28,AED,NZD,0.4466983852300072
2024-02-29,AED,NZD,0.4468345126040845
2024-03-01,AED,NZD,0.4472701981630613
2024-03-02,AED,NZD,0.4472701981630613
2024-03-03,AED,NZD,0.4472701981630613
2024-03-04,AED,NZD,0.446725723807354
2024-03-05,AED,NZD,0.4475153945295718
2024-03-06,AED,NZD,0.4452280458050613
2024-03-07,AED,NZD,0.4418243279962427
2024-03-08,AED,NZD,0.4389653761669894
2024-03-09,AED,NZD,0.4389653761669894
2024-03-10,AED,NZD,0.4389653761669894
2024-03-11,AED,NZD,0.4418243279962427
2024-03-12,AED,NZD,0.4432675199270913
2024-03-13,AED,NZD,0.4423962481258989
2024-03-14,AED,NZD,0.443131396878671
2024-03-15,AED,NZD,0.4466167885037265
2024-03-16,AED,NZD,0.4466167885037265
2024-03-17,AED,NZD,0.4466167885037265
2024-03-18,AED,NZD,0.4472157910106942
2024-03-19,AED,NZD,0.4504561318791408
2024-03-20,AED,NZD,0.4513545828061888
2024-03-21,AED,NZD,0.4494485042129055
2024-03-22,AED,NZD,0.452716070062339
2024-03-23,AED,NZD,0.452716070062339
2024-03-24,AED,NZD,0.452716070062339
2024-03-25,AED,NZD,0.4531518067615687
2024-03-26,AED,NZD,0.4524166286636699
2024-03-27,AED,NZD,0.4538325249063289
2024-03-28,AED,NZD,0.4553574396526169
2024-03-29,AED,NZD,0.4550033533747144
2024-03-30,AED,NZD,0.4550033533747144
2024-03-31,AED,NZD,0.4550033533747144
2024-04-01,AED,NZD,0.4573450297800217
2024-04-02,AED,NZD,0.4565826432847651
2024-04-03,AED,NZD,0.4545950467323708
2024-04-04,AED,NZD,0.4504561318791408
2024-04-05,AED,NZD,0.45429538558548
2024-04-06,AED,NZD,0.45429538558548
2024-04-07,AED,NZD,0.45429538558548
2024-04-08,AED,NZD,0.4513545828061888
2024-04-09,AED,NZD,0.4483866599588023
2024-04-10,AED,NZD,0.4544316400755993
2024-04-11,AED,NZD,0.4545132254258335
2024-04-12,AED,NZD,0.4582709893841525
2024-04-13,AED,NZD,0.4582709893841525
2024-04-14,AED,NZD,0.4582709893841525
2024-04-15,AED,NZD,0.4597956943811587
2024-04-16,AED,NZD,0.4633355619773864
2024-04-17,AED,NZD,0.4610211249099856
2024-04-18,AED,NZD,0.4604221149950274
2024-04-19,AED,NZD,0.4619195807248349
2024-04-20,AED,NZD,0.4619195807248349
2024-04-21,AED,NZD,0.4619195807248349
2024-04-22,AED,NZD,0.4615111258794671
2024-04-23,AED,NZD,0.4584886654724565
2024-04-24,AED,NZD,0.4590333400505211
2024-04-25,AED,NZD,0.4594690834740457
2024-04-26,AED,NZD,0.4569911882959073
2024-04-27,AED,NZD,0.4569911882959073
2024-04-28,AED,NZD,0.4569911882959073
2024-04-29,AED,NZD,0.4564192630837146
2024-04-30,AED,NZD,0.4605854040485457
2024-05-01,AED,NZD,0.4613750637851025
2024-05-02,AED,NZD,0.4600408516276245
2024-05-03,AED,NZD,0.4518720153853384
2024-05-04,AED,NZD,0.4518720153853384
2024-05-05,AED,NZD,0.4518720153853384
2024-05-06,AED,NZD,0.4524710803109019
2024-05-07,AED,NZD,0.452498311050054
2024-05-08,AED,NZD,0.4543771284728612
2024-05-09,AED,NZD,0.4526345139248482
2024-05-10,AED,NZD,0.451545346215621
2024-05-11,AED,NZD,0.451545346215621
2024-05-12,AED,NZD,0.451545346215621
2024-05-13,AED,NZD,0.4519808739773367
2024-05-14,AED,NZD,0.4511369101272116
2024-05-15,AED,NZD,0.4492851424099116
2024-05-16,AED,NZD,0.4461809808218029
2024-05-17,AED,NZD,0.4447923709212539
2024-05-18,AED,NZD,0.4447923709212539
2024-05-19,AED,NZD,0.4447923709212539
2024-05-20,AED,NZD,0.4454186244671123
2024-05-21,AED,NZD,0.4463171913794727
2024-05-22,AED,NZD,0.4451463908420923
2024-05-23,AED,NZD,0.4455819656937533
2024-05-24,AED,NZD,0.4455275714737606
2024-05-25,AED,NZD,0.4455275714737606
2024-05-26,AED,NZD,0.4455275714737606
2024-05-27,AED,NZD,0.4429680810489838
2024-05-28,AED,NZD,0.4426139897003724
2024-05-29,AED,NZD,0.444710677903616
2024-05-30,AED,NZD,0.4447923709212539
2024-05-31,AED,NZD,0.4421783296359855
2024-06-01,AED,NZD,0.4421783296359855
2024-06-02,AED,NZD,0.4421783296359855
2024-06-03,AED,NZD,0.4411709559512859
2024-06-04,AED,NZD,0.4408168159272405
2024-06-05,AED,NZD,0.4402450932483132
2024-06-06,AED,NZD,0.4399727568868936
2024-06-07,AED,NZD,0.4448196745521333
2024-06-08,AED,NZD,0.4448196745521333
2024-06-09,AED,NZD,0.4448196745521333
2024-06-10,AED,NZD,0.4457998741952755
2024-06-11,AED,NZD,0.4448740939582984
2024-06-12,AED,NZD,0.4383934458426273
2024-06-13,AED,NZD,0.4410347557439263
2024-06-14,AED,NZD,0.4449285266814738
2024-06-15,AED,NZD,0.4449285266814738
2024-06-16,AED,NZD,0.4449285266814738
2024-06-17,AED,NZD,0.4453642701169927
2024-06-18,AED,NZD,0.4442750275672654
2024-06-19,AED,NZD,0.443921012246449
2024-06-20,AED,NZD,0.4444383210720208
2024-06-21,AED,NZD,0.4449285266814738
2024-06-22,AED,NZD,0.4449285266814738
2024-06-23,AED,NZD,0.4449285266814738
2024-06-24,AED,NZD,0.4437848814916852
2024-06-25,AED,NZD,0.445309730730112
2024-06-26,AED,NZD,0.4476786741548386
2024-06-27,AED,NZD,0.4460993739887485
2024-06-28,AED,NZD,0.4469435541577147
2024-06-29,AED,NZD,0.4469435541577147
2024-06-30,AED,NZD,0.4469435541577147
2024-07-01,AED,NZD,0.4467528661430128
2024-07-02,AED,NZD,0.4483866599588023
2024-07-03,AED,NZD,0.4455819656937533
2024-07-04,AED,NZD,0.4449285266814738
2024-07-05,AED,NZD,0.445091904801963
2024-07-06,AED,NZD,0.445091904801963
2024-07-07,AED,NZD,0.445091904801963
2024-07-08,AED,NZD,0.4434853334965359
2024-07-09,AED,NZD,0.4444928447764312
2024-07-10,AED,NZD,0.4474336992744415
2024-07-11,AED,NZD,0.444710677903616
2024-07-12,AED,NZD,0.4449285266814738
2024-07-13,AED,NZD,0.4449285266814738
2024-07-14,AED,NZD,0.4449285266814738
2024-07-15,AED,NZD,0.4466167885037265
2024-07-16,AED,NZD,0.4502383111380854
2024-07-17,AED,NZD,0.4476514192116769
2024-07-18,AED,NZD,0.4486316733961417
2024-07-19,AED,NZD,0.4523349757616303
2024-07-20,AED,NZD,0.4523349757616303
2024-07-21,AED,NZD,0.4523349757616303
2024-07-22,AED,NZD,0.4555752617165984
2024-07-23,AED,NZD,0.4569638317696793
2024-07-24,AED,NZD,0.4583526987348549
2024-07-25,AED,NZD,0.461592929504143
2024-07-26,AED,NZD,0.4614840774148769
2024-07-27,AED,NZD,0.4614840774148769
2024-07-28,AED,NZD,0.4614840774148769
2024-07-29,AED,NZD,0.4642068654338571
2024-07-30,AED,NZD,0.4624097838511706
2024-07-31,AED,NZD,0.4579985554725561
2024-08-01,AED,NZD,0.4554663246418212
2024-08-02,AED,NZD,0.4553846041751481
2024-08-03,AED,NZD,0.4553846041751481
2024-08-04,AED,NZD,0.4553846041751481
2024-08-05,AED,NZD,0.4566099541883233
2024-08-06,AED,NZD,0.4584886654724565
2024-08-07,AED,NZD,0.4529611200822577
2024-08-08,AED,NZD,0.4548671696891074
2024-08-09,AED,NZD,0.4530427939692755
2024-08-10,AED,NZD,0.4530427939692755
2024-08-11,AED,NZD,0.4530427939692755
2024-08-12,AED,NZD,0.4521443624606239
2024-08-13,AED,NZD,0.4494485042129055
2024-08-14,AED,NZD,0.4525800229367556
2024-08-15,AED,NZD,0.454077548271849
2024-08-16,AED,NZD,0.4518448599710186
2024-08-17,AED,NZD,0.4518448599710186
2024-08-18,AED,NZD,0.4518448599710186
2024-08-19,AED,NZD,0.4478147981295671
2024-08-20,AED,NZD,0.4432948331770719
2024-08-21,AED,NZD,0.4431586933554558
2024-08-22,AED,NZD,0.4434581934222733
2024-08-23,AED,NZD,0.440735216859356
2024-08-24,AED,NZD,0.440735216859356
2024-08-25,AED,NZD,0.440735216859356
2024-08-26,AED,NZD,0.4389380158070358
2024-08-27,AED,NZD,0.4374677094146988
2024-08-28,AED,NZD,0.4366236417730063
2024-08-29,AED,NZD,0.4352892475285365
2024-08-30,AED,NZD,0.4355070652311192
2024-08-31,AED,NZD,0.4355070652311192
2024-09-01,AED,NZD,0.4355070652311192
2024-09-02,AED,NZD,0.4373314907099858
2024-09-03,AED,NZD,0.4392920369532461
2024-09-04,AED,NZD,0.4383661567299288
2024-09-05,AED,NZD,0.4380940281212557
2024-09-06,AED,NZD,0.4390197216439357
2024-09-07,AED,NZD,0.4390197216439357
2024-09-08,AED,NZD,0.4390197216439357
2024-09-09,AED,NZD,0.4430224408587192
2024-09-10,AED,NZD,0.4431586933554558
2024-09-11,AED,NZD,0.4450374320984138
2024-09-12,AED,NZD,0.4433763999609829
2024-09-13,AED,NZD,0.441061989057252
2024-09-14,AED,NZD,0.441061989057252
2024-09-15,AED,NZD,0.441061989057252
2024-09-16,AED,NZD,0.4401361957444111
2024-09-17,AED,NZD,0.440517378851113
2024-09-18,AED,NZD,0.4376854144837106
2024-09-19,AED,NZD,0.4372498384361847
2024-09-20,AED,NZD,0.4380395278109106
2024-09-21,AED,NZD,0.4380395278109106
2024-09-22,AED,NZD,0.4380395278109106
2024-09-23,AED,NZD,0.4347448047995826
2024-09-24,AED,NZD,0.4310415429218237
2024-09-25,AED,NZD,0.4315588639817088
2024-09-26,AED,NZD,0.432103379869427
2024-09-27,AED,NZD,0.4284547052681505
2024-09-28,AED,NZD,0.4284547052681505
2024-09-29,AED,NZD,0.4284547052681505
2024-09-30,AED,NZD,0.4281824553951632
2024-10-01,AED,NZD,0.4318311367522844
2024-10-02,AED,NZD,0.434118407532128
2024-10-03,AED,NZD,0.4378216621023759
2024-10-04,AED,NZD,0.4421511537934358
2024-10-05,AED,NZD,0.4421511537934358
2024-10-06,AED,NZD,0.4421511537934358
2024-10-07,AED,NZD,0.4434037266309608
2024-10-08,AED,NZD,0.4450374320984138
2024-10-09,AED,NZD,0.448604503540611
2024-10-10,AED,NZD,0.447760458900739
2024-10-11,AED,NZD,0.446208256102121
2024-10-12,AED,NZD,0.446208256102121
2024-10-13,AED,NZD,0.446208256102121
2024-10-14,AED,NZD,0.4465623407726153
2024-10-15,AED,NZD,0.4466439176031301
2024-10-16,AED,NZD,0.4490674440922258
2024-10-17,AED,NZD,0.4493123947766535
2024-10-18,AED,NZD,0.4483321818668462
2024-10-19,AED,NZD,0.4483321818668462
2024-10-20,AED,NZD,0.4483321818668462
2024-10-21,AED,NZD,0.4496119848570684
2024-10-22,AED,NZD,0.4501837875312596
2024-10-23,AED,NZD,0.453342448538832
2024-10-24,AED,NZD,0.4526617643397588
2024-10-25,AED,NZD,0.4531791195001615
2024-10-26,AED,NZD,0.4531791195001615
2024-10-27,AED,NZD,0.4531791195001615
2024-10-28,AED,NZD,0.4544043826393896
2024-10-29,AED,NZD,0.456228731186838
2024-10-30,AED,NZD,0.4546221203666619
2024-10-31,AED,NZD,0.4579169723262457
2024-11-01,AED,NZD,0.4549217989427618
2024-11-02,AED,NZD,0.4549217989427618
2024-11-03,AED,NZD,0.4549217989427618
2024-11-04,AED,NZD,0.4545950467323708
2024-11-05,AED,NZD,0.4540231215814896
2024-11-06,AED,NZD,0.4584615497467458
2024-11-07,AED,NZD,0.4524438528489711
2024-11-08,AED,NZD,0.4553574396526169
2024-11-09,AED,NZD,0.4553574396526169
2024-11-10,AED,NZD,0.4553574396526169
2024-11-11,AED,NZD,0.4571000203409509
2024-11-12,AED,NZD,0.4579985554725561
2024-11-13,AED,NZD,0.4586249232376534
2024-11-14,AED,NZD,0.4642342340251197
2024-11-15,AED,NZD,0.4642342340251197
2024-11-16,AED,NZD,0.4642342340251197
2024-11-17,AED,NZD,0.4642342340251197
2024-11-18,AED,NZD,0.4652688439697668
2024-11-19,AED,NZD,0.4621101984948146
2024-11-20,AED,NZD,0.4632810397138406
2024-11-21,AED,NZD,0.4633628279218733
2024-11-22,AED,NZD,0.4659769276184059
2024-11-23,AED,NZD,0.4659769276184059
2024-11-24,AED,NZD,0.4659769276184059
2024-11-25,AED,NZD,0.4643159279864568
2024-11-26,AED,NZD,0.4661402699977671
2024-11-27,AED,NZD,0.4611844138115508
2024-11-28,AED,NZD,0.4623826299491703
2024-11-29,AED,NZD,0.4602314043501072
2024-11-30,AED,NZD,0.4602314043501072
2024-12-01,AED,NZD,0.4602314043501072
2024-12-02,AED,NZD,0.4628455373358981
2024-12-03,AED,NZD,0.4624643150972862
2024-12-04,AED,NZD,0.4666303317181702
2024-12-05,AED,NZD,0.4639891092476277
2024-12-06,AED,NZD,0.4638528732902383
2024-12-07,AED,NZD,0.4638528732902383
2024-12-08,AED,NZD,0.4638528732902383
2024-12-09,AED,NZD,0.4630905272517198
2024-12-10,AED,NZD,0.4679919262032891
2024-12-11,AED,NZD,0.4698707150727477
2024-12-12,AED,NZD,0.4696800398664417
2024-12-13,AED,NZD,0.4716404929775089
2024-12-14,AED,NZD,0.4716404929775089
2024-12-15,AED,NZD,0.4716404929775089
2024-12-16,AED,NZD,0.4715588698808747
2024-12-17,AED,NZD,0.472212423814428
2024-12-18,AED,NZD,0.4749352900667284
2024-12-19,AED,NZD,0.4814703719984535
2024-12-20,AED,NZD,0.4828319445477168
2024-12-21,AED,NZD,0.4828319445477168
2024-12-22,AED,NZD,0.4828319445477168
2024-12-23,AED,NZD,0.4830224842136176
2024-12-24,AED,NZD,0.4822328538492067
2024-12-25,AED,NZD,0.4812252379538496
2024-12-26,AED,NZD,0.4837033099333795
2024-12-27,AED,NZD,0.4830497831106473
2024-12-28,AED,NZD,0.4830497831106473
2024-12-29,AED,NZD,0.4830497831106473
2024-12-30,AED,NZD,0.4828319445477168
2024-12-31,AED,NZD,0.4855547462976451
2025-01-01,AED,NZD,0.48672577139950696
2025-01-02,AED,NZD,0.4854731858595255
2025-01-03,AED,NZD,0.48582720583769967
2025-01-04,AED,NZD,0.48582720583769967
2025-01-05,AED,NZD,0.48582720583769967
2025-01-06,AED,NZD,0.4796188373176069
2025-01-07,AED,NZD,0.48038123054456017
2025-01-08,AED,NZD,0.4858543505827823
2025-01-09,AED,NZD,0.48664405393962695
2025-01-10,AED,NZD,0.489965986561213
2025-01-11,AED,NZD,0.489965986561213
2025-01-12,AED,NZD,0.489965986561213
2025-01-13,AED,NZD,0.49018382383577663
2025-01-14,AED,NZD,0.4871613497876951
2025-01-15,AED,NZD,0.48236893312533585
2025-01-16,AED,NZD,0.48724300367771023
2025-01-17,AED,NZD,0.48863173829275003
2025-01-18,AED,NZD,0.48863173829275003
2025-01-19,AED,NZD,0.48863173829275003
2025-01-20,AED,NZD,0.4810074219445206
2025-01-21,AED,NZD,0.48283194454771683
2025-01-22,AED,NZD,0.47986394897318707
2025-01-23,AED,NZD,0.4805719190293985
2025-01-24,AED,NZD,0.4776037283657451
2025-01-25,AED,NZD,0.4776037283657451
2025-01-26,AED,NZD,0.4776037283657451
2025-01-27,AED,NZD,0.47823001333305276
2025-01-28,AED,NZD,0.48174267522305886
2025-01-29,AED,NZD,0.48294083926424924
2025-01-30,AED,NZD,0.48114373639866803
2025-01-31,AED,NZD,0.48236893312533585
2025-02-01,AED,NZD,0.48236893312533585
2025-02-02,AED,NZD,0.48236893312533585
2025-02-03,AED,NZD,0.4888223438738096
2025-02-04,AED,NZD,0.4848195719721927
2025-02-05,AED,NZD,0.4796188373176069
2025-02-06,AED,NZD,0.48138878739608626
2025-02-07,AED,NZD,0.48032677591218853
2025-02-08,AED,NZD,0.48032677591218853
2025-02-09,AED,NZD,0.48032677591218853
2025-02-10,AED,NZD,0.4812252379538496
2025-02-11,AED,NZD,0.48201505429417574
2025-02-12,AED,NZD,0.4860449212437112
2025-02-13,AED,NZD,0.4836214346823308
2025-02-14,AED,NZD,0.4759155782873988
2025-02-15,AED,NZD,0.4759155782873988
2025-02-16,AED,NZD,0.4759155782873988
2025-02-17,AED,NZD,0.4748536501050376
2025-02-18,AED,NZD,0.47793059874189553
2025-02-19,AED,NZD,0.4765417555417041
2025-02-20,AED,NZD,0.47520770140609203
2025-02-21,AED,NZD,0.4729476319275595
2025-02-22,AED,NZD,0.4729476319275595
2025-02-23,AED,NZD,0.4729476319275595
2025-02-24,AED,NZD,0.47368288920036167
2025-02-25,AED,NZD,0.47567063613812527
2025-02-26,AED,NZD,0.47844783865973367
2025-02-27,AED,NZD,0.4808714159451191
2025-02-28,AED,NZD,0.48601775520063295
2025-03-01,AED,NZD,0.48601775520063295
2025-03-02,AED,NZD,0.48601775520063295
2025-03-03,AED,NZD,0.48498298679682317
2025-03-04,AED,NZD,0.4836214346823308
2025-03-05,AED,NZD,0.47817558798861176
2025-03-06,AED,NZD,0.4742546140231398
2025-03-07,AED,NZD,0.477767107645707
2025-03-08,AED,NZD,0.477767107645707
2025-03-09,AED,NZD,0.477767107645707
2025-03-10,AED,NZD,0.47501695810540434
2025-03-11,AED,NZD,0.47784883920959975
2025-03-12,AED,NZD,0.4771682165885622
2025-03-13,AED,NZD,0.47817558798861176
2025-03-14,AED,NZD,0.4746086732836608
2025-03-15,AED,NZD,0.4746086732836608
2025-03-16,AED,NZD,0.4746086732836608
2025-03-17,AED,NZD,0.46968003986644175
2025-03-18,AED,NZD,0.4689993757618309
2025-03-19,AED,NZD,0.4711775953168716
2025-03-20,AED,NZD,0.4749352900667284
2025-03-21,AED,NZD,0.4737917363140519
2025-03-22,AED,NZD,0.4737917363140519
2025-03-23,AED,NZD,0.4737917363140519
2025-03-24,AED,NZD,0.47605174111163795
2025-03-25,AED,NZD,0.4740095806816447
2025-03-26,AED,NZD,0.474172983045945
2025-03-27,AED,NZD,0.47447243410052364
2025-03-28,AED,NZD,0.4748536501050376
2025-03-29,AED,NZD,0.4748536501050376
2025-03-30,AED,NZD,0.4748536501050376
2025-03-31,AED,NZD,0.4806534579892055
2025-04-01,AED,NZD,0.4794008639762371
2025-04-02,AED,NZD,0.4742001902491163
2025-04-03,AED,NZD,0.4670387408635546
2025-04-04,AED,NZD,0.48394816527991324
2025-04-05,AED,NZD,0.48394816527991324
2025-04-06,AED,NZD,0.48394816527991324
2025-04-07,AED,NZD,0.48650791913265373
2025-04-08,AED,NZD,0.48520088772354425
2025-04-09,AED,NZD,0.486970614245254
2025-04-10,AED,NZD,0.47700479151313074
2025-04-11,AED,NZD,0.4691082814499574
2025-04-12,AED,NZD,0.4691082814499574
2025-04-13,AED,NZD,0.4691082814499574
2025-04-14,AED,NZD,0.4645609666584595
2025-04-15,AED,NZD,0.4588427252321285
2025-04-16,AED,NZD,0.4603131786742428
2025-04-17,AED,NZD,0.4565826432847651
2025-04-18,AED,NZD,0.45897898289339434
2025-04-19,AED,NZD,0.45897898289339434
2025-04-20,AED,NZD,0.45897898289339434
2025-04-21,AED,NZD,0.4533151161098673
2025-04-22,AED,NZD,0.45424090666484973
2025-04-23,AED,NZD,0.4555480744438441
2025-04-24,AED,NZD,0.4551667571689902
2025-04-25,AED,NZD,0.4568277243263961
2025-04-26,AED,NZD,0.4568277243263961
2025-04-27,AED,NZD,0.4568277243263961
2025-04-28,AED,NZD,0.45701833923191676
2025-04-29,AED,NZD,0.45837980158571906
2025-04-30,AED,NZD,0.46093931134745003
2025-05-01,AED,NZD,0.4601496590751176
2025-05-02,AED,NZD,0.4561198975007366
2025-05-03,AED,NZD,0.4561198975007366
2025-05-04,AED,NZD,0.4561198975007366
2025-05-05,AED,NZD,0.4556568430089026
2025-05-06,AED,NZD,0.45434987757542544
2025-05-07,AED,NZD,0.4546221203666619
2025-05-08,AED,NZD,0.45859758108119886
2025-05-09,AED,NZD,0.46066709201594835
2025-05-10,AED,NZD,0.46066709201594835
2025-05-11,AED,NZD,0.46066709201594835
2025-05-12,AED,NZD,0.4632810397138406
2025-05-13,AED,NZD,0.46110275490451946
2025-05-14,AED,NZD,0.45900615986266535
2025-05-15,AED,NZD,0.46368962471280223
2025-05-16,AED,NZD,0.46219200102791497
2025-05-17,AED,NZD,0.46219200102791497
2025-05-18,AED,NZD,0.46219200102791497
2025-05-19,AED,NZD,0.46066709201594835
2025-05-20,AED,NZD,0.46110275490451946
2025-05-21,AED,NZD,0.45769921014847303
2025-05-22,AED,NZD,0.46151112587946713
2025-05-23,AED,NZD,0.4574268277175042
2025-05-24,AED,NZD,0.4574268277175042
2025-05-25,AED,NZD,0.4574268277175042
2025-05-26,AED,NZD,0.4529340387630009
2025-05-27,AED,NZD,0.4576447496019635
2025-05-28,AED,NZD,0.4577534741199919
2025-05-29,AED,NZD,0.45592919966644224
2025-05-30,AED,NZD,0.457671978255089
2025-05-31,AED,NZD,0.457671978255089
2025-06-01,AED,NZD,0.457671978255089
2025-06-02,AED,NZD,0.4523349757616303
2025-06-03,AED,NZD,0.4540503332956471
2025-06-04,AED,NZD,0.45211717430383
2025-06-05,AED,NZD,0.4490674440922258
2025-06-06,AED,NZD,0.4528521990049932
2025-06-07,AED,NZD,0.4528521990049932
2025-06-08,AED,NZD,0.4528521990049932
2025-06-09,AED,NZD,0.4507556241906119
2025-06-10,AED,NZD,0.44966637003675125
2025-06-11,AED,NZD,0.4506467456770584
2025-06-12,AED,NZD,0.4495303307104737
2025-06-13,AED,NZD,0.45219874858518316
2025-06-14,AED,NZD,0.45219874858518316
2025-06-15,AED,NZD,0.45219874858518316
2025-06-16,AED,NZD,0.44803268846495037
2025-06-17,AED,NZD,0.44846830136352306
2025-06-18,AED,NZD,0.45154534621562104
2025-06-19,AED,NZD,0.45573866122210877
2025-06-20,AED,NZD,0.4553029130280375
2025-06-21,AED,NZD,0.4553029130280375
2025-06-22,AED,NZD,0.4553029130280375
2025-06-23,AED,NZD,0.45960507973918324
2025-06-24,AED,NZD,0.4526345139248482
2025-06-25,AED,NZD,0.4524438528489711
2025-06-26,AED,NZD,0.4491491318845579
2025-06-27,AED,NZD,0.44966637003675125
2025-06-28,AED,NZD,0.44966637003675125
2025-06-29,AED,NZD,0.44966637003675125
2025-06-30,AED,NZD,0.4490674440922258
2025-07-01,AED,NZD,0.4469707229706747
2025-07-02,AED,NZD,0.4497480736165637
2025-07-03,AED,NZD,0.44803268846495037
2025-07-04,AED,NZD,0.44936690942965
2025-07-05,AED,NZD,0.44936690942965
2025-07-06,AED,NZD,0.44936690942965
2025-07-07,AED,NZD,0.452825130707974
2025-07-08,AED,NZD,0.4543226299464944
2025-07-09,AED,NZD,0.4538597137779101
2025-07-10,AED,NZD,0.45377815693463774
2025-07-11,AED,NZD,0.45356019809695214
2025-07-12,AED,NZD,0.45356019809695214
2025-07-13,AED,NZD,0.45356019809695214
2025-07-14,AED,NZD,0.4550578082686734
2025-07-15,AED,NZD,0.4567732623203168
2025-07-16,AED,NZD,0.4597686352273809
2025-07-17,AED,NZD,0.45960507973918324
2025-07-18,AED,NZD,0.4549217989427618
2025-07-19,AED,NZD,0.4549217989427618
2025-07-20,AED,NZD,0.4549217989427618
2025-07-21,AED,NZD,0.45614694500145053
2025-07-22,AED,NZD,0.45614694500145053
2025-07-23,AED,NZD,0.45100058990877157
2025-07-24,AED,NZD,0.4501566320001045
2025-07-25,AED,NZD,0.45287947563802794
2025-07-26,AED,NZD,0.45287947563802794
2025-07-27,AED,NZD,0.45287947563802794
2025-07-28,AED,NZD,0.45562964599854655
2025-07-29,AED,NZD,0.4577534741199919
2025-07-30,AED,NZD,0.4603131786742428
2025-07-31,AED,NZD,0.46219200102791497
2025-08-01,AED,NZD,0.4606942570314612
2025-08-02,AED,NZD,0.4606942570314612
2025-08-03,AED,NZD,0.4606942570314612
2025-08-04,AED,NZD,0.4596868429351189
2025-08-05,AED,NZD,0.46191958072483497
2025-08-06,AED,NZD,0.45946908347404575
2025-08-07,AED,NZD,0.4576175241885183
2025-08-08,AED,NZD,0.4571545602996008
2025-08-09,AED,NZD,0.4571545602996008
2025-08-10,AED,NZD,0.4571545602996008
2025-08-11,AED,NZD,0.45886988606719603
2025-08-12,AED,NZD,0.45859758108119886
2025-08-13,AED,NZD,0.45538460417514814
2025-08-14,AED,NZD,0.4600952489184311
2025-08-15,AED,NZD,0.45900615986266535
2025-08-16,AED,NZD,0.45900615986266535
2025-08-17,AED,NZD,0.45900615986266535
2025-08-18,AED,NZD,0.4593873977173959
2025-08-19,AED,NZD,0.4599318840879666
2025-08-20,AED,NZD,0.4676651629672794
2025-08-21,AED,NZD,0.4676651629672794
2025-08-22,AED,NZD,0.4654594200841085
2025-08-23,AED,NZD,0.4654594200841085
2025-08-24,AED,NZD,0.4654594200841085
2025-08-25,AED,NZD,0.46368962471280223
2025-08-26,AED,NZD,0.46494219606147463
2025-08-27,AED,NZD,0.4671205521364926
2025-08-28,AED,NZD,0.4637713421774528
2025-08-29,AED,NZD,0.4620286383831215
2025-08-30,AED,NZD,0.4620286383831215
2025-08-31,AED,NZD,0.4620286383831215
2025-09-01,AED,NZD,0.46151112587946713
2025-09-02,AED,NZD,0.4643976507051646
2025-09-03,AED,NZD,0.463526276145779
2025-09-04,AED,NZD,0.4655140229116692
2025-09-05,AED,NZD,0.4603131786742428
2025-09-06,AED,NZD,0.4603131786742428
2025-09-07,AED,NZD,0.4603131786742428
2025-09-08,AED,NZD,0.45846154974674586
2025-09-09,AED,NZD,0.45802582624423865
2025-09-10,AED,NZD,0.4570728596992003
2025-09-11,AED,NZD,0.4572906534820625
2025-09-12,AED,NZD,0.4573724319681376
2025-09-13,AED,NZD,0.4573724319681376
2025-09-14,AED,NZD,0.4573724319681376
2025-09-15,AED,NZD,0.4569638317696793
2025-09-16,AED,NZD,0.45576587124887596
2025-09-17,AED,NZD,0.4552212511847133
2025-09-18,AED,NZD,0.4628183322341398
2025-09-19,AED,NZD,0.4646425597716189
2025-09-20,AED,NZD,0.4646425597716189
2025-09-21,AED,NZD,0.4646425597716189
2025-09-22,AED,NZD,0.4648877272894209
2025-09-23,AED,NZD,0.46494219606147463
2025-09-24,AED,NZD,0.46823691476823914
2025-09-25,AED,NZD,0.4718040465689466
2025-09-26,AED,NZD,0.472212423814428
2025-09-27,AED,NZD,0.472212423814428
2025-09-28,AED,NZD,0.472212423814428
2025-09-29,AED,NZD,0.47090534849585775
2025-09-30,AED,NZD,0.46918993887862664
2025-10-01,AED,NZD,0.46750162456814537
2025-10-02,AED,NZD,0.4686452870686706
2025-10-03,AED,NZD,0.4672565313117947
2025-10-04,AED,NZD,0.4672565313117947
2025-10-05,AED,NZD,0.4672565313117947
2025-10-06,AED,NZD,0.46638528088053544
2025-10-07,AED,NZD,0.46859082555394466
2025-10-08,AED,NZD,0.47142282007016656
2025-10-09,AED,NZD,0.4727026062458195
2025-10-10,AED,NZD,0.47392780942035784
2025-10-11,AED,NZD,0.47392780942035784
2025-10-12,AED,NZD,0.47392780942035784
2025-10-13,AED,NZD,0.47520770140609203
2025-10-14,AED,NZD,0.47768540403586845
2025-10-15,AED,NZD,0.4759155782873988
2025-10-16,AED,NZD,0.4755887431949195
2025-10-17,AED,NZD,0.4764330032764298
2025-10-18,AED,NZD,0.4764330032764298
2025-10-19,AED,NZD,0.4764330032764298
2025-10-20,AED,NZD,0.4746086732836608
2025-10-21,AED,NZD,0.47575210460837275
2025-10-22,AED,NZD,0.47384606636688
2025-10-23,AED,NZD,0.4736010063074182
2025-10-24,AED,NZD,0.4733015337809504
2025-10-25,AED,NZD,0.4733015337809504
2025-10-26,AED,NZD,0.4733015337809504
2025-10-27,AED,NZD,0.4729476319275595
2025-10-28,AED,NZD,0.47213060265582907
2025-10-29,AED,NZD,0.47066021862167157
2025-10-30,AED,NZD,0.4742818305950672
2025-10-31,AED,NZD,0.4754254939314313
2025-11-01,AED,NZD,0.4754254939314313
2025-11-02,AED,NZD,0.4754254939314313
2025-11-03,AED,NZD,0.47692312094674966
2025-11-04,AED,NZD,0.4809803533955049
2025-11-05,AED,NZD,0.4826685780342357
2025-11-06,AED,NZD,0.48095305657691284
2025-11-07,AED,NZD,0.48446561020865936
2025-11-08,AED,NZD,0.48446561020865936
2025-11-09,AED,NZD,0.48446561020865936
2025-11-10,AED,NZD,0.48283194454771683
2025-11-11,AED,NZD,0.4806261982611905
2025-11-12,AED,NZD,0.48106203102465256
2025-11-13,AED,NZD,0.4807079867228454
2025-11-14,AED,NZD,0.4795643254016591
2025-11-15,AED,NZD,0.4795643254016591
2025-11-16,AED,NZD,0.4795643254016591
2025-11-17,AED,NZD,0.4807079867228454
2025-11-18,AED,NZD,0.48038123054456017
2025-11-19,AED,NZD,0.48430230925027096
2025-11-20,AED,NZD,0.4836214346823308
2025-11-21,AED,NZD,0.48601775520063295
2025-11-22,AED,NZD,0.48601775520063295
2025-11-23,AED,NZD,0.48601775520063295
2025-11-24,AED,NZD,0.4854731858595255
2025-11-25,AED,NZD,0.4855002910574244
2025-11-26,AED,NZD,0.48024511710777185
2025-11-27,AED,NZD,0.47605174111163795
2025-11-28,AED,NZD,0.475969943450011
2025-11-29,AED,NZD,0.475969943450011
2025-11-30,AED,NZD,0.475969943450011
2025-12-01,AED,NZD,0.4740639607095789
2025-12-02,AED,NZD,0.4748536501050376
2025-12-03,AED,NZD,0.47387346062206315
2025-12-04,AED,NZD,0.47213060265582907
2025-12-05,AED,NZD,0.4712322156961796
2025-12-06,AED,NZD,0.4712322156961796
2025-12-07,AED,NZD,0.4712322156961796
2025-12-08,AED,NZD,0.4707692322177515
2025-12-09,AED,NZD,0.47052424399693404
2025-12-10,AED,NZD,0.4711505118579161
2025-12-11,AED,NZD,0.467610710342754
2025-12-12,AED,NZD,0.4689175647610326
2025-12-13,AED,NZD,0.4689175647610326
2025-12-14,AED,NZD,0.4689175647610326
2025-12-15,AED,NZD,0.4701702815708766
2025-12-16,AED,NZD,0.4701156860680276
2025-12-17,AED,NZD,0.47090534849585775
2025-12-18,AED,NZD,0.4707419740847129
2025-12-19,AED,NZD,0.47376457595938515
2025-12-20,AED,NZD,0.47376457595938515
2025-12-21,AED,NZD,0.47376457595938515
2025-12-22,AED,NZD,0.47052424399693404
2025-12-23,AED,NZD,0.4671205521364926
2025-12-24,AED,NZD,0.46657590210117794
2025-12-25,AED,NZD,0.46622198413819566
2025-12-26,AED,NZD,0.46679369679135346
2025-12-27,AED,NZD,0.46679369679135346
2025-12-28,AED,NZD,0.46679369679135346
2025-12-29,AED,NZD,0.46962555814997586
2025-12-30,AED,NZD,0.46970717515286625
2025-12-31,AED,NZD,0.4723212653675628
