2021-02-18,AED,YER,68.79471656576774
2021-02-19,AED,YER,68.79471656576774
2021-02-20,AED,YER,68.79471656576774
2021-02-21,AED,YER,68.79471656576774
2021-02-22,AED,YER,68.70019236053861
2021-02-23,AED,YER,68.686036128855
2021-02-24,AED,YER,68.67660188173889
2021-02-25,AED,YER,68.66717022591499
2021-02-26,AED,YER,68.72379905161158
2021-02-27,AED,YER,68.72379905161158
2021-02-28,AED,YER,68.72379905161158
2021-03-01,AED,YER,68.65774116031582
2021-03-02,AED,YER,68.62005077883758
2021-03-03,AED,YER,68.62005077883758
2021-03-04,AED,YER,68.6106346483705
2021-03-05,AED,YER,68.6059275521405
2021-03-06,AED,YER,68.6059275521405
2021-03-07,AED,YER,68.6059275521405
2021-03-08,AED,YER,68.65774116031582
2021-03-09,AED,YER,68.82312456985548
2021-03-10,AED,YER,68.80891763572559
2021-03-11,AED,YER,68.75687568756877
2021-03-12,AED,YER,68.75214850464077
2021-03-13,AED,YER,68.75214850464077
2021-03-14,AED,YER,68.75214850464077
2021-03-15,AED,YER,68.66717022591499
2021-03-16,AED,YER,68.66717022591499
2021-03-17,AED,YER,68.91798759476224
2021-03-18,AED,YER,68.86103842445944
2021-03-19,AED,YER,68.80891763572559
2021-03-20,AED,YER,68.80891763572559
2021-03-21,AED,YER,68.80891763572559
2021-03-22,AED,YER,68.8041832943443
2021-03-23,AED,YER,68.85155604516662
2021-03-24,AED,YER,68.81365262868154
2021-03-25,AED,YER,68.80891763572559
2021-03-26,AED,YER,68.7426960885406
2021-03-27,AED,YER,68.7426960885406
2021-03-28,AED,YER,68.7426960885406
2021-03-29,AED,YER,68.686036128855
2021-03-30,AED,YER,68.67188572998215
2021-03-31,AED,YER,68.85155604516662
2021-04-01,AED,YER,68.88950124001103
2021-04-02,AED,YER,68.7426960885406
2021-04-03,AED,YER,68.7426960885406
2021-04-04,AED,YER,68.7426960885406
2021-04-05,AED,YER,68.62005077883758
2021-04-06,AED,YER,68.6106346483705
2021-04-07,AED,YER,68.65774116031582
2021-04-08,AED,YER,68.6294694942008
2021-04-09,AED,YER,68.75214850464077
2021-04-10,AED,YER,68.75214850464077
2021-04-11,AED,YER,68.75214850464077
2021-04-12,AED,YER,68.72852233676976
2021-04-13,AED,YER,68.67660188173889
2021-04-14,AED,YER,68.70019236053861
2021-04-15,AED,YER,68.65774116031582
2021-04-16,AED,YER,68.64360241625481
2021-04-17,AED,YER,68.64360241625481
2021-04-18,AED,YER,68.64360241625481
2021-04-19,AED,YER,68.63889079552474
2021-04-20,AED,YER,68.64360241625481
2021-04-21,AED,YER,68.62005077883758
2021-04-22,AED,YER,68.67188572998215
2021-04-23,AED,YER,68.66717022591499
2021-04-24,AED,YER,68.66717022591499
2021-04-25,AED,YER,68.66717022591499
2021-04-26,AED,YER,68.65774116031582
2021-04-27,AED,YER,68.67188572998215
2021-04-28,AED,YER,68.64360241625481
2021-04-29,AED,YER,68.67660188173889
2021-04-30,AED,YER,68.686036128855
2021-05-01,AED,YER,68.686036128855
2021-05-02,AED,YER,68.686036128855
2021-05-03,AED,YER,68.67660188173889
2021-05-04,AED,YER,68.67188572998215
2021-05-05,AED,YER,68.65774116031582
2021-05-06,AED,YER,68.67660188173889
2021-05-07,AED,YER,68.67188572998215
2021-05-08,AED,YER,68.67188572998215
2021-05-09,AED,YER,68.67188572998215
2021-05-10,AED,YER,68.67660188173889
2021-05-11,AED,YER,68.2081713389264
2021-05-12,AED,YER,68.15703380588877
2021-05-13,AED,YER,68.0179567405795
2021-05-14,AED,YER,67.93939805693321
2021-05-15,AED,YER,67.93939805693321
2021-05-16,AED,YER,67.93939805693321
2021-05-17,AED,YER,67.80120686148213
2021-05-18,AED,YER,67.69105801123672
2021-05-19,AED,YER,67.60868095463458
2021-05-20,AED,YER,67.6223965377333
2021-05-21,AED,YER,67.54474839581222
2021-05-22,AED,YER,67.54474839581222
2021-05-23,AED,YER,67.54474839581222
2021-05-24,AED,YER,67.54474839581222
2021-05-25,AED,YER,67.5812664729337
2021-05-26,AED,YER,67.51738572682466
2021-05-27,AED,YER,67.51738572682466
2021-05-28,AED,YER,67.4900452183303
2021-05-29,AED,YER,67.4900452183303
2021-05-30,AED,YER,67.4900452183303
2021-05-31,AED,YER,67.44907594765951
2021-06-01,AED,YER,67.47638326585695
2021-06-02,AED,YER,67.43543057522422
2021-06-03,AED,YER,67.39452756436177
2021-06-04,AED,YER,67.4217907227616
2021-06-05,AED,YER,67.4217907227616
2021-06-06,AED,YER,67.4217907227616
2021-06-07,AED,YER,67.55843804891231
2021-06-08,AED,YER,67.60411032990805
2021-06-09,AED,YER,67.50371270419873
2021-06-10,AED,YER,67.49460043196545
2021-06-11,AED,YER,67.46272684341902
2021-06-12,AED,YER,67.46272684341902
2021-06-13,AED,YER,67.46272684341902
2021-06-14,AED,YER,67.47638326585695
2021-06-15,AED,YER,67.46727836999055
2021-06-16,AED,YER,68.52131012744964
2021-06-17,AED,YER,68.45564074479738
2021-06-18,AED,YER,68.53539853334247
2021-06-19,AED,YER,68.53539853334247
2021-06-20,AED,YER,68.53539853334247
2021-06-21,AED,YER,68.55419208884624
2021-06-22,AED,YER,68.49784231796698
2021-06-23,AED,YER,68.40413160954921
2021-06-24,AED,YER,68.52131012744964
2021-06-25,AED,YER,68.56359273225917
2021-06-26,AED,YER,68.56359273225917
2021-06-27,AED,YER,68.56359273225917
2021-06-28,AED,YER,68.46970215679562
2021-06-29,AED,YER,68.53539853334247
2021-06-30,AED,YER,68.56359273225917
2021-07-01,AED,YER,68.57769853243725
2021-07-02,AED,YER,68.58710562414267
2021-07-03,AED,YER,68.58710562414267
2021-07-04,AED,YER,68.58710562414267
2021-07-05,AED,YER,68.54949273375377
2021-07-06,AED,YER,68.57769853243725
2021-07-07,AED,YER,68.55889208830385
2021-07-08,AED,YER,68.56829402084476
2021-07-09,AED,YER,68.52131012744964
2021-07-10,AED,YER,68.52131012744964
2021-07-11,AED,YER,68.52131012744964
2021-07-12,AED,YER,68.49784231796698
2021-07-13,AED,YER,68.48376934666484
2021-07-14,AED,YER,68.47439057792386
2021-07-15,AED,YER,68.45564074479738
2021-07-16,AED,YER,68.45095489082073
2021-07-17,AED,YER,68.45095489082073
2021-07-18,AED,YER,68.45095489082073
2021-07-19,AED,YER,68.46970215679562
2021-07-20,AED,YER,68.45564074479738
2021-07-21,AED,YER,68.45095489082073
2021-07-22,AED,YER,68.44158510711108
2021-07-23,AED,YER,68.4369011771147
2021-07-24,AED,YER,68.4369011771147
2021-07-25,AED,YER,68.4369011771147
2021-07-26,AED,YER,68.42753524018065
2021-07-27,AED,YER,68.42753524018065
2021-07-28,AED,YER,68.44158510711108
2021-07-29,AED,YER,68.4134911404529
2021-07-30,AED,YER,68.42285323297982
2021-07-31,AED,YER,68.42285323297982
2021-08-01,AED,YER,68.42285323297982
2021-08-02,AED,YER,68.4134911404529
2021-08-03,AED,YER,68.40413160954921
2021-08-04,AED,YER,68.39945280437757
2021-08-05,AED,YER,68.33401667350007
2021-08-06,AED,YER,68.49784231796698
2021-08-07,AED,YER,68.49784231796698
2021-08-08,AED,YER,68.49784231796698
2021-08-09,AED,YER,68.42753524018065
2021-08-10,AED,YER,68.45564074479738
2021-08-11,AED,YER,68.53070175438596
2021-08-12,AED,YER,68.48845969454148
2021-08-13,AED,YER,68.46970215679562
2021-08-14,AED,YER,68.46970215679562
2021-08-15,AED,YER,68.46970215679562
2021-08-16,AED,YER,68.46032724036421
2021-08-17,AED,YER,68.4134911404529
2021-08-18,AED,YER,68.45564074479738
2021-08-19,AED,YER,68.5965152970229
2021-08-20,AED,YER,68.6059275521405
2021-08-21,AED,YER,68.6059275521405
2021-08-22,AED,YER,68.6059275521405
2021-08-23,AED,YER,68.14310051107326
2021-08-24,AED,YER,68.12917291184085
2021-08-25,AED,YER,68.0179567405795
2021-08-26,AED,YER,68.12917291184085
2021-08-27,AED,YER,68.12917291184085
2021-08-28,AED,YER,68.12917291184085
2021-08-29,AED,YER,68.12917291184085
2021-08-30,AED,YER,68.1384573453257
2021-08-31,AED,YER,68.15703380588877
2021-09-01,AED,YER,68.57299595419323
2021-09-02,AED,YER,68.6059275521405
2021-09-03,AED,YER,68.14774430966335
2021-09-04,AED,YER,68.14774430966335
2021-09-05,AED,YER,68.14774430966335
2021-09-06,AED,YER,68.14774430966335
2021-09-07,AED,YER,68.14774430966335
2021-09-08,AED,YER,68.14310051107326
2021-09-09,AED,YER,68.14310051107326
2021-09-10,AED,YER,68.6059275521405
2021-09-11,AED,YER,68.6059275521405
2021-09-12,AED,YER,68.6059275521405
2021-09-13,AED,YER,68.14310051107326
2021-09-14,AED,YER,68.43221788818175
2021-09-15,AED,YER,68.24075337791729
2021-09-16,AED,YER,68.1384573453257
2021-09-17,AED,YER,68.14310051107326
2021-09-18,AED,YER,68.14310051107326
2021-09-19,AED,YER,68.14310051107326
2021-09-20,AED,YER,68.1384573453257
2021-09-21,AED,YER,68.14310051107326
2021-09-22,AED,YER,68.1384573453257
2021-09-23,AED,YER,68.14310051107326
2021-09-24,AED,YER,68.14310051107326
2021-09-25,AED,YER,68.14310051107326
2021-09-26,AED,YER,68.14310051107326
2021-09-27,AED,YER,68.1384573453257
2021-09-28,AED,YER,68.14310051107326
2021-09-29,AED,YER,68.14310051107326
2021-09-30,AED,YER,68.12917291184085
2021-10-01,AED,YER,68.1384573453257
2021-10-02,AED,YER,68.1384573453257
2021-10-03,AED,YER,68.1384573453257
2021-10-04,AED,YER,68.14310051107326
2021-10-05,AED,YER,68.1384573453257
2021-10-06,AED,YER,68.1384573453257
2021-10-07,AED,YER,68.1384573453257
2021-10-08,AED,YER,68.14310051107326
2021-10-09,AED,YER,68.14310051107326
2021-10-10,AED,YER,68.14310051107326
2021-10-11,AED,YER,68.1384573453257
2021-10-12,AED,YER,68.12917291184085
2021-10-13,AED,YER,68.14310051107326
2021-10-14,AED,YER,68.1384573453257
2021-10-15,AED,YER,68.12917291184085
2021-10-16,AED,YER,68.12917291184085
2021-10-17,AED,YER,68.12917291184085
2021-10-18,AED,YER,68.1384573453257
2021-10-19,AED,YER,68.14310051107326
2021-10-20,AED,YER,68.14310051107326
2021-10-21,AED,YER,68.12917291184085
2021-10-22,AED,YER,68.1384573453257
2021-10-23,AED,YER,68.1384573453257
2021-10-24,AED,YER,68.1384573453257
2021-10-25,AED,YER,68.15703380588877
2021-10-26,AED,YER,68.14310051107326
2021-10-27,AED,YER,68.12917291184085
2021-10-28,AED,YER,68.14310051107326
2021-10-29,AED,YER,68.15703380588877
2021-10-30,AED,YER,68.15703380588877
2021-10-31,AED,YER,68.15703380588877
2021-11-01,AED,YER,68.25006825006825
2021-11-02,AED,YER,68.14310051107326
2021-11-03,AED,YER,68.12917291184085
2021-11-04,AED,YER,68.14310051107326
2021-11-05,AED,YER,68.12917291184085
2021-11-06,AED,YER,68.12917291184085
2021-11-07,AED,YER,68.12917291184085
2021-11-08,AED,YER,68.12917291184085
2021-11-09,AED,YER,68.14310051107326
2021-11-10,AED,YER,68.11061163329246
2021-11-11,AED,YER,68.1384573453257
2021-11-12,AED,YER,68.1384573453257
2021-11-13,AED,YER,68.1384573453257
2021-11-14,AED,YER,68.1384573453257
2021-11-15,AED,YER,68.14310051107326
2021-11-16,AED,YER,68.12917291184085
2021-11-17,AED,YER,68.14310051107326
2021-11-18,AED,YER,68.1384573453257
2021-11-19,AED,YER,68.14310051107326
2021-11-20,AED,YER,68.14310051107326
2021-11-21,AED,YER,68.14310051107326
2021-11-22,AED,YER,68.12453164384495
2021-11-23,AED,YER,68.1384573453257
2021-11-24,AED,YER,68.1384573453257
2021-11-25,AED,YER,68.14310051107326
2021-11-26,AED,YER,68.11061163329246
2021-11-27,AED,YER,68.11061163329246
2021-11-28,AED,YER,68.11061163329246
2021-11-29,AED,YER,68.12917291184085
2021-11-30,AED,YER,68.11061163329246
2021-12-01,AED,YER,68.12917291184085
2021-12-02,AED,YER,68.1059728938228
2021-12-03,AED,YER,68.11061163329246
2021-12-04,AED,YER,68.11061163329246
2021-12-05,AED,YER,68.11061163329246
2021-12-06,AED,YER,68.14310051107326
2021-12-07,AED,YER,68.12917291184085
2021-12-08,AED,YER,68.1384573453257
2021-12-09,AED,YER,68.12917291184085
2021-12-10,AED,YER,68.11061163329246
2021-12-11,AED,YER,68.11061163329246
2021-12-12,AED,YER,68.11061163329246
2021-12-13,AED,YER,68.12917291184085
2021-12-14,AED,YER,68.14310051107326
2021-12-15,AED,YER,68.11525100469996
2021-12-16,AED,YER,68.1384573453257
2021-12-17,AED,YER,68.14310051107326
2021-12-18,AED,YER,68.14310051107326
2021-12-19,AED,YER,68.14310051107326
2021-12-20,AED,YER,68.11061163329246
2021-12-21,AED,YER,68.1384573453257
2021-12-22,AED,YER,68.11061163329246
2021-12-23,AED,YER,68.1384573453257
2021-12-24,AED,YER,68.11061163329246
2021-12-25,AED,YER,68.11061163329246
2021-12-26,AED,YER,68.11061163329246
2021-12-27,AED,YER,68.12917291184085
2021-12-28,AED,YER,68.11061163329246
2021-12-29,AED,YER,68.11061163329246
2021-12-30,AED,YER,68.11061163329246
2021-12-31,AED,YER,68.11061163329246
2022-01-01,AED,YER,68.11061163329246
2022-01-02,AED,YER,68.11061163329246
2022-01-03,AED,YER,68.11061163329246
2022-01-04,AED,YER,68.14310051107326
2022-01-05,AED,YER,68.1059728938228
2022-01-06,AED,YER,68.1384573453257
2022-01-07,AED,YER,68.14310051107326
2022-01-08,AED,YER,68.14310051107326
2022-01-09,AED,YER,68.14310051107326
2022-01-10,AED,YER,68.12917291184085
2022-01-11,AED,YER,68.12917291184085
2022-01-12,AED,YER,68.11061163329246
2022-01-13,AED,YER,68.12917291184085
2022-01-14,AED,YER,68.12917291184085
2022-01-15,AED,YER,68.12917291184085
2022-01-16,AED,YER,68.12917291184085
2022-01-17,AED,YER,68.14310051107326
2022-01-18,AED,YER,68.12917291184085
2022-01-19,AED,YER,68.1384573453257
2022-01-20,AED,YER,68.14310051107326
2022-01-21,AED,YER,68.1384573453257
2022-01-22,AED,YER,68.1384573453257
2022-01-23,AED,YER,68.1384573453257
2022-01-24,AED,YER,68.11061163329246
2022-01-25,AED,YER,68.11525100469996
2022-01-26,AED,YER,68.12917291184085
2022-01-27,AED,YER,68.11061163329246
2022-01-28,AED,YER,68.11525100469996
2022-01-29,AED,YER,68.11525100469996
2022-01-30,AED,YER,68.11525100469996
2022-01-31,AED,YER,68.1384573453257
2022-02-01,AED,YER,68.14310051107326
2022-02-02,AED,YER,68.14310051107326
2022-02-03,AED,YER,68.11989100817439
2022-02-04,AED,YER,68.14310051107326
2022-02-05,AED,YER,68.14310051107326
2022-02-06,AED,YER,68.14310051107326
2022-02-07,AED,YER,68.14310051107326
2022-02-08,AED,YER,68.0920604657497
2022-02-09,AED,YER,68.1384573453257
2022-02-10,AED,YER,68.1384573453257
2022-02-11,AED,YER,68.11061163329246
2022-02-12,AED,YER,68.11061163329246
2022-02-13,AED,YER,68.11061163329246
2022-02-14,AED,YER,68.11061163329246
2022-02-15,AED,YER,68.12453164384495
2022-02-16,AED,YER,68.1384573453257
2022-02-17,AED,YER,68.1384573453257
2022-02-18,AED,YER,68.14310051107326
2022-02-19,AED,YER,68.14310051107326
2022-02-20,AED,YER,68.14310051107326
2022-02-21,AED,YER,68.14310051107326
2022-02-22,AED,YER,68.14310051107326
2022-02-23,AED,YER,68.11525100469996
2022-02-24,AED,YER,68.1384573453257
2022-02-25,AED,YER,68.14310051107326
2022-02-26,AED,YER,68.14310051107326
2022-02-27,AED,YER,68.14310051107326
2022-02-28,AED,YER,68.11061163329246
2022-03-01,AED,YER,68.1384573453257
2022-03-02,AED,YER,68.12917291184085
2022-03-03,AED,YER,68.14310051107326
2022-03-04,AED,YER,68.12917291184085
2022-03-05,AED,YER,68.12917291184085
2022-03-06,AED,YER,68.12917291184085
2022-03-07,AED,YER,68.14310051107326
2022-03-08,AED,YER,68.12917291184085
2022-03-09,AED,YER,68.14310051107326
2022-03-10,AED,YER,68.11061163329246
2022-03-11,AED,YER,68.12917291184085
2022-03-12,AED,YER,68.12917291184085
2022-03-13,AED,YER,68.12917291184085
2022-03-14,AED,YER,68.12917291184085
2022-03-15,AED,YER,68.1384573453257
2022-03-16,AED,YER,68.12917291184085
2022-03-17,AED,YER,68.11061163329246
2022-03-18,AED,YER,68.14310051107326
2022-03-19,AED,YER,68.14310051107326
2022-03-20,AED,YER,68.14310051107326
2022-03-21,AED,YER,68.1384573453257
2022-03-22,AED,YER,68.14310051107326
2022-03-23,AED,YER,68.12917291184085
2022-03-24,AED,YER,68.10133478616181
2022-03-25,AED,YER,68.1384573453257
2022-03-26,AED,YER,68.1384573453257
2022-03-27,AED,YER,68.1384573453257
2022-03-28,AED,YER,68.1384573453257
2022-03-29,AED,YER,68.14310051107326
2022-03-30,AED,YER,68.12917291184085
2022-03-31,AED,YER,68.12917291184085
2022-04-01,AED,YER,68.1384573453257
2022-04-02,AED,YER,68.1384573453257
2022-04-03,AED,YER,68.1384573453257
2022-04-04,AED,YER,68.12917291184085
2022-04-05,AED,YER,68.1384573453257
2022-04-06,AED,YER,68.12917291184085
2022-04-07,AED,YER,68.1384573453257
2022-04-08,AED,YER,68.12453164384495
2022-04-09,AED,YER,68.12453164384495
2022-04-10,AED,YER,68.12453164384495
2022-04-11,AED,YER,68.1384573453257
2022-04-12,AED,YER,68.14310051107326
2022-04-13,AED,YER,68.1384573453257
2022-04-14,AED,YER,68.14310051107326
2022-04-15,AED,YER,68.1384573453257
2022-04-16,AED,YER,68.1384573453257
2022-04-17,AED,YER,68.1384573453257
2022-04-18,AED,YER,68.1384573453257
2022-04-19,AED,YER,68.12917291184085
2022-04-20,AED,YER,68.1384573453257
2022-04-21,AED,YER,68.12917291184085
2022-04-22,AED,YER,68.11061163329246
2022-04-23,AED,YER,68.11061163329246
2022-04-24,AED,YER,68.11061163329246
2022-04-25,AED,YER,68.12917291184085
2022-04-26,AED,YER,68.1384573453257
2022-04-27,AED,YER,68.12453164384495
2022-04-28,AED,YER,68.14310051107326
2022-04-29,AED,YER,68.1384573453257
2022-04-30,AED,YER,68.1384573453257
2022-05-01,AED,YER,68.1384573453257
2022-05-02,AED,YER,68.13381481229133
2022-05-03,AED,YER,68.1384573453257
2022-05-04,AED,YER,68.12453164384495
2022-05-05,AED,YER,68.11989100817439
2022-05-06,AED,YER,68.12917291184085
2022-05-07,AED,YER,68.12917291184085
2022-05-08,AED,YER,68.12917291184085
2022-05-09,AED,YER,68.1384573453257
2022-05-10,AED,YER,68.13381481229133
2022-05-11,AED,YER,68.1384573453257
2022-05-12,AED,YER,68.12917291184085
2022-05-13,AED,YER,68.1384573453257
2022-05-14,AED,YER,68.1384573453257
2022-05-15,AED,YER,68.1384573453257
2022-05-16,AED,YER,68.12917291184085
2022-05-17,AED,YER,68.11525100469996
2022-05-18,AED,YER,68.1384573453257
2022-05-19,AED,YER,68.12917291184085
2022-05-20,AED,YER,68.11989100817439
2022-05-21,AED,YER,68.11989100817439
2022-05-22,AED,YER,68.11989100817439
2022-05-23,AED,YER,68.11525100469996
2022-05-24,AED,YER,68.1059728938228
2022-05-25,AED,YER,68.12917291184085
2022-05-26,AED,YER,68.12917291184085
2022-05-27,AED,YER,68.11989100817439
2022-05-28,AED,YER,68.11989100817439
2022-05-29,AED,YER,68.11989100817439
2022-05-30,AED,YER,68.12917291184085
2022-05-31,AED,YER,68.1384573453257
2022-06-01,AED,YER,68.11525100469996
2022-06-02,AED,YER,68.1384573453257
2022-06-03,AED,YER,68.12917291184085
2022-06-04,AED,YER,68.12917291184085
2022-06-05,AED,YER,68.12917291184085
2022-06-06,AED,YER,68.11989100817439
2022-06-07,AED,YER,68.1384573453257
2022-06-08,AED,YER,68.1384573453257
2022-06-09,AED,YER,68.12917291184085
2022-06-10,AED,YER,68.1384573453257
2022-06-11,AED,YER,68.1384573453257
2022-06-12,AED,YER,68.1384573453257
2022-06-13,AED,YER,68.12917291184085
2022-06-14,AED,YER,68.1384573453257
2022-06-15,AED,YER,68.13381481229133
2022-06-16,AED,YER,68.1384573453257
2022-06-17,AED,YER,68.12917291184085
2022-06-18,AED,YER,68.12917291184085
2022-06-19,AED,YER,68.12917291184085
2022-06-20,AED,YER,68.12917291184085
2022-06-21,AED,YER,68.12917291184085
2022-06-22,AED,YER,68.1384573453257
2022-06-23,AED,YER,68.13381481229133
2022-06-24,AED,YER,68.13381481229133
2022-06-25,AED,YER,68.13381481229133
2022-06-26,AED,YER,68.13381481229133
2022-06-27,AED,YER,68.13381481229133
2022-06-28,AED,YER,68.12917291184085
2022-06-29,AED,YER,68.11061163329246
2022-06-30,AED,YER,68.12917291184085
2022-07-01,AED,YER,68.1384573453257
2022-07-02,AED,YER,68.1384573453257
2022-07-03,AED,YER,68.1384573453257
2022-07-04,AED,YER,68.1384573453257
2022-07-05,AED,YER,68.12453164384495
2022-07-06,AED,YER,68.12917291184085
2022-07-07,AED,YER,68.1384573453257
2022-07-08,AED,YER,68.12917291184085
2022-07-09,AED,YER,68.12917291184085
2022-07-10,AED,YER,68.12917291184085
2022-07-11,AED,YER,68.1384573453257
2022-07-12,AED,YER,68.12917291184085
2022-07-13,AED,YER,68.13381481229133
2022-07-14,AED,YER,68.1384573453257
2022-07-15,AED,YER,68.13381481229133
2022-07-16,AED,YER,68.13381481229133
2022-07-17,AED,YER,68.13381481229133
2022-07-18,AED,YER,68.1384573453257
2022-07-19,AED,YER,68.13381481229133
2022-07-20,AED,YER,68.12917291184085
2022-07-21,AED,YER,68.1384573453257
2022-07-22,AED,YER,68.12917291184085
2022-07-23,AED,YER,68.12917291184085
2022-07-24,AED,YER,68.12917291184085
2022-07-25,AED,YER,68.10133478616181
2022-07-26,AED,YER,68.12917291184085
2022-07-27,AED,YER,68.1384573453257
2022-07-28,AED,YER,68.13381481229133
2022-07-29,AED,YER,68.14310051107326
2022-07-30,AED,YER,68.14310051107326
2022-07-31,AED,YER,68.14310051107326
2022-08-01,AED,YER,68.12917291184085
2022-08-02,AED,YER,68.1384573453257
2022-08-03,AED,YER,68.12453164384495
2022-08-04,AED,YER,68.1384573453257
2022-08-05,AED,YER,68.13381481229133
2022-08-06,AED,YER,68.13381481229133
2022-08-07,AED,YER,68.13381481229133
2022-08-08,AED,YER,68.14310051107326
2022-08-09,AED,YER,68.14310051107326
2022-08-10,AED,YER,68.1384573453257
2022-08-11,AED,YER,68.13381481229133
2022-08-12,AED,YER,68.1384573453257
2022-08-13,AED,YER,68.1384573453257
2022-08-14,AED,YER,68.1384573453257
2022-08-15,AED,YER,68.1384573453257
2022-08-16,AED,YER,68.13381481229133
2022-08-17,AED,YER,68.1384573453257
2022-08-18,AED,YER,68.13381481229133
2022-08-19,AED,YER,68.11989100817439
2022-08-20,AED,YER,68.11989100817439
2022-08-21,AED,YER,68.11989100817439
2022-08-22,AED,YER,68.1384573453257
2022-08-23,AED,YER,68.1384573453257
2022-08-24,AED,YER,68.1384573453257
2022-08-25,AED,YER,68.13381481229133
2022-08-26,AED,YER,68.0920604657497
2022-08-27,AED,YER,68.0920604657497
2022-08-28,AED,YER,68.0920604657497
2022-08-29,AED,YER,68.12453164384495
2022-08-30,AED,YER,68.14310051107326
2022-08-31,AED,YER,68.1384573453257
2022-09-01,AED,YER,68.1384573453257
2022-09-02,AED,YER,68.13381481229133
2022-09-03,AED,YER,68.13381481229133
2022-09-04,AED,YER,68.13381481229133
2022-09-05,AED,YER,68.13381481229133
2022-09-06,AED,YER,68.1384573453257
2022-09-07,AED,YER,68.14310051107326
2022-09-08,AED,YER,68.14310051107326
2022-09-09,AED,YER,68.1384573453257
2022-09-10,AED,YER,68.1384573453257
2022-09-11,AED,YER,68.1384573453257
2022-09-12,AED,YER,68.1384573453257
2022-09-13,AED,YER,68.14310051107326
2022-09-14,AED,YER,68.1384573453257
2022-09-15,AED,YER,68.13381481229133
2022-09-16,AED,YER,68.1384573453257
2022-09-17,AED,YER,68.1384573453257
2022-09-18,AED,YER,68.1384573453257
2022-09-19,AED,YER,68.1384573453257
2022-09-20,AED,YER,68.14310051107326
2022-09-21,AED,YER,68.14310051107326
2022-09-22,AED,YER,68.14310051107326
2022-09-23,AED,YER,68.12917291184085
2022-09-24,AED,YER,68.12917291184085
2022-09-25,AED,YER,68.12917291184085
2022-09-26,AED,YER,68.1384573453257
2022-09-27,AED,YER,68.14310051107326
2022-09-28,AED,YER,68.14310051107326
2022-09-29,AED,YER,68.17562968005446
2022-09-30,AED,YER,68.16882232811437
2022-10-01,AED,YER,68.16882232811437
2022-10-02,AED,YER,68.16882232811437
2022-10-03,AED,YER,68.17097279978185
2022-10-04,AED,YER,68.12917291184085
2022-10-05,AED,YER,68.14310051107326
2022-10-06,AED,YER,68.12917291184085
2022-10-07,AED,YER,68.12453164384495
2022-10-08,AED,YER,68.12453164384495
2022-10-09,AED,YER,68.12453164384495
2022-10-10,AED,YER,68.12917291184085
2022-10-11,AED,YER,68.12453164384495
2022-10-12,AED,YER,68.11989100817439
2022-10-13,AED,YER,68.12453164384495
2022-10-14,AED,YER,68.12917291184085
2022-10-15,AED,YER,68.12917291184085
2022-10-16,AED,YER,68.12917291184085
2022-10-17,AED,YER,68.14310051107326
2022-10-18,AED,YER,68.12453164384495
2022-10-19,AED,YER,68.12917291184085
2022-10-20,AED,YER,68.14310051107326
2022-10-21,AED,YER,68.12917291184085
2022-10-22,AED,YER,68.12917291184085
2022-10-23,AED,YER,68.12917291184085
2022-10-24,AED,YER,68.12917291184085
2022-10-25,AED,YER,68.12453164384495
2022-10-26,AED,YER,68.1384573453257
2022-10-27,AED,YER,68.12453164384495
2022-10-28,AED,YER,68.12917291184085
2022-10-29,AED,YER,68.12917291184085
2022-10-30,AED,YER,68.12917291184085
2022-10-31,AED,YER,68.1384573453257
2022-11-01,AED,YER,68.12917291184085
2022-11-02,AED,YER,68.10133478616181
2022-11-03,AED,YER,68.12917291184085
2022-11-04,AED,YER,68.14310051107326
2022-11-05,AED,YER,68.14310051107326
2022-11-06,AED,YER,68.14310051107326
2022-11-07,AED,YER,68.1059728938228
2022-11-08,AED,YER,68.1384573453257
2022-11-09,AED,YER,68.0920604657497
2022-11-10,AED,YER,68.1384573453257
2022-11-11,AED,YER,68.11061163329246
2022-11-12,AED,YER,68.11061163329246
2022-11-13,AED,YER,68.11061163329246
2022-11-14,AED,YER,68.11061163329246
2022-11-15,AED,YER,68.10133478616181
2022-11-16,AED,YER,68.0781537204711
2022-11-17,AED,YER,68.11989100817439
2022-11-18,AED,YER,68.10133478616181
2022-11-19,AED,YER,68.10133478616181
2022-11-20,AED,YER,68.10133478616181
2022-11-21,AED,YER,68.11989100817439
2022-11-22,AED,YER,68.10133478616181
2022-11-23,AED,YER,68.09669731018046
2022-11-24,AED,YER,68.12917291184085
2022-11-25,AED,YER,68.11061163329246
2022-11-26,AED,YER,68.11061163329246
2022-11-27,AED,YER,68.11061163329246
2022-11-28,AED,YER,68.10133478616181
2022-11-29,AED,YER,68.1059728938228
2022-11-30,AED,YER,68.11525100469996
2022-12-01,AED,YER,68.11989100817439
2022-12-02,AED,YER,68.12453164384495
2022-12-03,AED,YER,68.12453164384495
2022-12-04,AED,YER,68.12453164384495
2022-12-05,AED,YER,68.11525100469996
2022-12-06,AED,YER,68.11525100469996
2022-12-07,AED,YER,68.10133478616181
2022-12-08,AED,YER,68.13381481229133
2022-12-09,AED,YER,68.1384573453257
2022-12-10,AED,YER,68.1384573453257
2022-12-11,AED,YER,68.1384573453257
2022-12-12,AED,YER,68.10133478616181
2022-12-13,AED,YER,68.12917291184085
2022-12-14,AED,YER,68.11061163329246
2022-12-15,AED,YER,68.1384573453257
2022-12-16,AED,YER,68.12453164384495
2022-12-17,AED,YER,68.12453164384495
2022-12-18,AED,YER,68.12453164384495
2022-12-19,AED,YER,68.1059728938228
2022-12-20,AED,YER,68.15703380588877
2022-12-21,AED,YER,68.11061163329246
2022-12-22,AED,YER,68.11525100469996
2022-12-23,AED,YER,68.12917291184085
2022-12-24,AED,YER,68.12917291184085
2022-12-25,AED,YER,68.12917291184085
2022-12-26,AED,YER,68.13381481229133
2022-12-27,AED,YER,68.11525100469996
2022-12-28,AED,YER,68.11061163329246
2022-12-29,AED,YER,68.12453164384495
2022-12-30,AED,YER,68.1059728938228
2022-12-31,AED,YER,68.1059728938228
2023-01-01,AED,YER,68.1059728938228
2023-01-02,AED,YER,68.1384573453257
2023-01-03,AED,YER,68.1384573453257
2023-01-04,AED,YER,68.11061163329246
2023-01-05,AED,YER,68.1384573453257
2023-01-06,AED,YER,68.1384573453257
2023-01-07,AED,YER,68.1384573453257
2023-01-08,AED,YER,68.1384573453257
2023-01-09,AED,YER,68.11989100817439
2023-01-10,AED,YER,68.11989100817439
2023-01-11,AED,YER,68.12453164384495
2023-01-12,AED,YER,68.12917291184085
2023-01-13,AED,YER,68.11525100469996
2023-01-14,AED,YER,68.11525100469996
2023-01-15,AED,YER,68.11525100469996
2023-01-16,AED,YER,68.12453164384495
2023-01-17,AED,YER,68.11061163329246
2023-01-18,AED,YER,68.08278867102396
2023-01-19,AED,YER,68.11061163329246
2023-01-20,AED,YER,68.1384573453257
2023-01-21,AED,YER,68.1384573453257
2023-01-22,AED,YER,68.1384573453257
2023-01-23,AED,YER,68.11989100817439
2023-01-24,AED,YER,68.11525100469996
2023-01-25,AED,YER,68.11525100469996
2023-01-26,AED,YER,68.12917291184085
2023-01-27,AED,YER,68.11525100469996
2023-01-28,AED,YER,68.11525100469996
2023-01-29,AED,YER,68.11525100469996
2023-01-30,AED,YER,68.11061163329246
2023-01-31,AED,YER,68.1384573453257
2023-02-01,AED,YER,68.12453164384495
2023-02-02,AED,YER,68.12917291184085
2023-02-03,AED,YER,68.11525100469996
2023-02-04,AED,YER,68.11525100469996
2023-02-05,AED,YER,68.11525100469996
2023-02-06,AED,YER,68.1384573453257
2023-02-07,AED,YER,68.13381481229133
2023-02-08,AED,YER,68.11989100817439
2023-02-09,AED,YER,68.18026863025841
2023-02-10,AED,YER,68.12917291184085
2023-02-11,AED,YER,68.12917291184085
2023-02-12,AED,YER,68.12917291184085
2023-02-13,AED,YER,68.11061163329246
2023-02-14,AED,YER,68.12453164384495
2023-02-15,AED,YER,68.12917291184085
2023-02-16,AED,YER,68.1384573453257
2023-02-17,AED,YER,68.12453164384495
2023-02-18,AED,YER,68.12453164384495
2023-02-19,AED,YER,68.12453164384495
2023-02-20,AED,YER,68.12917291184085
2023-02-21,AED,YER,68.11525100469996
2023-02-22,AED,YER,68.14774430966335
2023-02-23,AED,YER,68.14774430966335
2023-02-24,AED,YER,68.1384573453257
2023-02-25,AED,YER,68.1384573453257
2023-02-26,AED,YER,68.1384573453257
2023-02-27,AED,YER,68.14774430966335
2023-02-28,AED,YER,68.1384573453257
2023-03-01,AED,YER,68.12453164384495
2023-03-02,AED,YER,68.12917291184085
2023-03-03,AED,YER,68.11989100817439
2023-03-04,AED,YER,68.11989100817439
2023-03-05,AED,YER,68.11989100817439
2023-03-06,AED,YER,68.18026863025841
2023-03-07,AED,YER,68.1384573453257
2023-03-08,AED,YER,68.14310051107326
2023-03-09,AED,YER,68.11525100469996
2023-03-10,AED,YER,68.12453164384495
2023-03-11,AED,YER,68.12453164384495
2023-03-12,AED,YER,68.12453164384495
2023-03-13,AED,YER,68.11061163329246
2023-03-14,AED,YER,68.17097279978185
2023-03-15,AED,YER,68.12453164384495
2023-03-16,AED,YER,68.12917291184085
2023-03-17,AED,YER,68.1384573453257
2023-03-18,AED,YER,68.1384573453257
2023-03-19,AED,YER,68.1384573453257
2023-03-20,AED,YER,68.12917291184085
2023-03-21,AED,YER,68.11989100817439
2023-03-22,AED,YER,68.12917291184085
2023-03-23,AED,YER,68.11989100817439
2023-03-24,AED,YER,68.12917291184085
2023-03-25,AED,YER,68.12917291184085
2023-03-26,AED,YER,68.12917291184085
2023-03-27,AED,YER,68.1384573453257
2023-03-28,AED,YER,68.13381481229133
2023-03-29,AED,YER,68.17097279978185
2023-03-30,AED,YER,68.1384573453257
2023-03-31,AED,YER,68.1384573453257
2023-04-01,AED,YER,68.1384573453257
2023-04-02,AED,YER,68.1384573453257
2023-04-03,AED,YER,68.1384573453257
2023-04-04,AED,YER,68.12453164384495
2023-04-05,AED,YER,68.17097279978185
2023-04-06,AED,YER,68.1384573453257
2023-04-07,AED,YER,68.12917291184085
2023-04-08,AED,YER,68.12917291184085
2023-04-09,AED,YER,68.12917291184085
2023-04-10,AED,YER,68.16167950378298
2023-04-11,AED,YER,68.15703380588877
2023-04-12,AED,YER,68.1384573453257
2023-04-13,AED,YER,68.12917291184085
2023-04-14,AED,YER,68.12453164384495
2023-04-15,AED,YER,68.12453164384495
2023-04-16,AED,YER,68.12453164384495
2023-04-17,AED,YER,68.17097279978185
2023-04-18,AED,YER,68.17097279978185
2023-04-19,AED,YER,68.1384573453257
2023-04-20,AED,YER,68.12917291184085
2023-04-21,AED,YER,68.18026863025841
2023-04-22,AED,YER,68.18026863025841
2023-04-23,AED,YER,68.18026863025841
2023-04-24,AED,YER,68.12917291184085
2023-04-25,AED,YER,68.17097279978185
2023-04-26,AED,YER,68.17097279978185
2023-04-27,AED,YER,68.17097279978185
2023-04-28,AED,YER,68.1384573453257
2023-04-29,AED,YER,68.1384573453257
2023-04-30,AED,YER,68.1384573453257
2023-05-01,AED,YER,68.1384573453257
2023-05-02,AED,YER,68.12453164384495
2023-05-03,AED,YER,68.1384573453257
2023-05-04,AED,YER,68.12453164384495
2023-05-05,AED,YER,68.1384573453257
2023-05-06,AED,YER,68.1384573453257
2023-05-07,AED,YER,68.1384573453257
2023-05-08,AED,YER,68.17097279978185
2023-05-09,AED,YER,68.17097279978185
2023-05-10,AED,YER,68.12917291184085
2023-05-11,AED,YER,68.1384573453257
2023-05-12,AED,YER,68.12453164384495
2023-05-13,AED,YER,68.12453164384495
2023-05-14,AED,YER,68.12453164384495
2023-05-15,AED,YER,6369.426751592357
2023-05-16,AED,YER,68.11989100817439
2023-05-17,AED,YER,68.10133478616181
2023-05-18,AED,YER,68.12917291184085
2023-05-19,AED,YER,68.18026863025841
2023-05-20,AED,YER,68.18026863025841
2023-05-21,AED,YER,68.18026863025841
2023-05-22,AED,YER,68.12917291184085
2023-05-23,AED,YER,68.11525100469996
2023-05-24,AED,YER,68.12917291184085
2023-05-25,AED,YER,68.1384573453257
2023-05-26,AED,YER,68.12453164384495
2023-05-27,AED,YER,68.12453164384495
2023-05-28,AED,YER,68.12453164384495
2023-05-29,AED,YER,68.11989100817439
2023-05-30,AED,YER,68.11525100469996
2023-05-31,AED,YER,68.11525100469996
2023-06-01,AED,YER,68.12453164384495
2023-06-02,AED,YER,68.1384573453257
2023-06-03,AED,YER,68.1384573453257
2023-06-04,AED,YER,68.1384573453257
2023-06-05,AED,YER,68.1384573453257
2023-06-06,AED,YER,68.12917291184085
2023-06-07,AED,YER,68.11525100469996
2023-06-08,AED,YER,68.12917291184085
2023-06-09,AED,YER,68.1384573453257
2023-06-10,AED,YER,68.1384573453257
2023-06-11,AED,YER,68.1384573453257
2023-06-12,AED,YER,68.1384573453257
2023-06-13,AED,YER,68.1384573453257
2023-06-14,AED,YER,68.12917291184085
2023-06-15,AED,YER,68.12453164384495
2023-06-16,AED,YER,68.11525100469996
2023-06-17,AED,YER,68.11525100469996
2023-06-18,AED,YER,68.11525100469996
2023-06-19,AED,YER,68.12917291184085
2023-06-20,AED,YER,68.13381481229133
2023-06-21,AED,YER,68.15703380588877
2023-06-22,AED,YER,68.11061163329246
2023-06-23,AED,YER,68.14310051107326
2023-06-24,AED,YER,68.14310051107326
2023-06-25,AED,YER,68.14310051107326
2023-06-26,AED,YER,68.15703380588877
2023-06-27,AED,YER,68.12453164384495
2023-06-28,AED,YER,68.1384573453257
2023-06-29,AED,YER,68.11989100817439
2023-06-30,AED,YER,68.12917291184085
2023-07-01,AED,YER,68.12917291184085
2023-07-02,AED,YER,68.12917291184085
2023-07-03,AED,YER,68.12917291184085
2023-07-04,AED,YER,68.17097279978185
2023-07-05,AED,YER,68.12453164384495
2023-07-06,AED,YER,68.13381481229133
2023-07-07,AED,YER,68.11989100817439
2023-07-08,AED,YER,68.11989100817439
2023-07-09,AED,YER,68.11989100817439
2023-07-10,AED,YER,68.12917291184085
2023-07-11,AED,YER,68.17097279978185
2023-07-12,AED,YER,68.12917291184085
2023-07-13,AED,YER,68.12453164384495
2023-07-14,AED,YER,68.17097279978185
2023-07-15,AED,YER,68.17097279978185
2023-07-16,AED,YER,68.17097279978185
2023-07-17,AED,YER,68.1384573453257
2023-07-18,AED,YER,68.12453164384495
2023-07-19,AED,YER,68.12917291184085
2023-07-20,AED,YER,68.1384573453257
2023-07-21,AED,YER,68.12917291184085
2023-07-22,AED,YER,68.12917291184085
2023-07-23,AED,YER,68.12917291184085
2023-07-24,AED,YER,68.1384573453257
2023-07-25,AED,YER,68.12917291184085
2023-07-26,AED,YER,68.1384573453257
2023-07-27,AED,YER,68.13381481229133
2023-07-28,AED,YER,68.12917291184085
2023-07-29,AED,YER,68.12917291184085
2023-07-30,AED,YER,68.12917291184085
2023-07-31,AED,YER,68.1384573453257
2023-08-01,AED,YER,68.12917291184085
2023-08-02,AED,YER,68.17097279978185
2023-08-03,AED,YER,68.12917291184085
2023-08-04,AED,YER,68.12917291184085
2023-08-05,AED,YER,68.12917291184085
2023-08-06,AED,YER,68.12917291184085
2023-08-07,AED,YER,68.1384573453257
2023-08-08,AED,YER,68.12917291184085
2023-08-09,AED,YER,68.1384573453257
2023-08-10,AED,YER,68.12917291184085
2023-08-11,AED,YER,68.1384573453257
2023-08-12,AED,YER,68.1384573453257
2023-08-13,AED,YER,68.1384573453257
2023-08-14,AED,YER,68.12917291184085
2023-08-15,AED,YER,68.11525100469996
2023-08-16,AED,YER,68.12917291184085
2023-08-17,AED,YER,68.17097279978185
2023-08-18,AED,YER,68.1384573453257
2023-08-19,AED,YER,68.1384573453257
2023-08-20,AED,YER,68.1384573453257
2023-08-21,AED,YER,68.12917291184085
2023-08-22,AED,YER,68.1384573453257
2023-08-23,AED,YER,68.13381481229133
2023-08-24,AED,YER,68.1384573453257
2023-08-25,AED,YER,68.12917291184085
2023-08-26,AED,YER,68.12917291184085
2023-08-27,AED,YER,68.12917291184085
2023-08-28,AED,YER,68.13381481229133
2023-08-29,AED,YER,68.12917291184085
2023-08-30,AED,YER,68.1384573453257
2023-08-31,AED,YER,68.12917291184085
2023-09-01,AED,YER,68.12917291184085
2023-09-02,AED,YER,68.12917291184085
2023-09-03,AED,YER,68.12917291184085
2023-09-04,AED,YER,68.12917291184085
2023-09-05,AED,YER,68.11525100469996
2023-09-06,AED,YER,68.12917291184085
2023-09-07,AED,YER,68.1384573453257
2023-09-08,AED,YER,68.13381481229133
2023-09-09,AED,YER,68.13381481229133
2023-09-10,AED,YER,68.13381481229133
2023-09-11,AED,YER,68.12917291184085
2023-09-12,AED,YER,68.1384573453257
2023-09-13,AED,YER,68.12917291184085
2023-09-14,AED,YER,68.1384573453257
2023-09-15,AED,YER,68.12453164384495
2023-09-16,AED,YER,68.12453164384495
2023-09-17,AED,YER,68.12453164384495
2023-09-18,AED,YER,68.12917291184085
2023-09-19,AED,YER,68.1384573453257
2023-09-20,AED,YER,68.12917291184085
2023-09-21,AED,YER,68.1384573453257
2023-09-22,AED,YER,68.13381481229133
2023-09-23,AED,YER,68.13381481229133
2023-09-24,AED,YER,68.13381481229133
2023-09-25,AED,YER,68.1384573453257
2023-09-26,AED,YER,68.12917291184085
2023-09-27,AED,YER,68.1384573453257
2023-09-28,AED,YER,68.13381481229133
2023-09-29,AED,YER,68.1384573453257
2023-09-30,AED,YER,68.1384573453257
2023-10-01,AED,YER,68.1384573453257
2023-10-02,AED,YER,68.13381481229133
2023-10-03,AED,YER,68.12917291184085
2023-10-04,AED,YER,68.1384573453257
2023-10-05,AED,YER,68.1384573453257
2023-10-06,AED,YER,68.1384573453257
2023-10-07,AED,YER,68.1384573453257
2023-10-08,AED,YER,68.1384573453257
2023-10-09,AED,YER,68.13381481229133
2023-10-10,AED,YER,68.12453164384495
2023-10-11,AED,YER,68.12917291184085
2023-10-12,AED,YER,68.1384573453257
2023-10-13,AED,YER,68.1384573453257
2023-10-14,AED,YER,68.1384573453257
2023-10-15,AED,YER,68.1384573453257
2023-10-16,AED,YER,68.1384573453257
2023-10-17,AED,YER,68.12917291184085
2023-10-18,AED,YER,68.13381481229133
2023-10-19,AED,YER,68.1384573453257
2023-10-20,AED,YER,68.12917291184085
2023-10-21,AED,YER,68.12917291184085
2023-10-22,AED,YER,68.12917291184085
2023-10-23,AED,YER,68.1384573453257
2023-10-24,AED,YER,68.11989100817439
2023-10-25,AED,YER,68.12917291184085
2023-10-26,AED,YER,68.1384573453257
2023-10-27,AED,YER,68.12917291184085
2023-10-28,AED,YER,68.12917291184085
2023-10-29,AED,YER,68.12917291184085
2023-10-30,AED,YER,68.12917291184085
2023-10-31,AED,YER,68.12917291184085
2023-11-01,AED,YER,68.1384573453257
2023-11-02,AED,YER,68.13381481229133
2023-11-03,AED,YER,68.1384573453257
2023-11-04,AED,YER,68.1384573453257
2023-11-05,AED,YER,68.1384573453257
2023-11-06,AED,YER,68.12917291184085
2023-11-07,AED,YER,68.1384573453257
2023-11-08,AED,YER,68.12917291184085
2023-11-09,AED,YER,68.1384573453257
2023-11-10,AED,YER,68.1384573453257
2023-11-11,AED,YER,68.1384573453257
2023-11-12,AED,YER,68.1384573453257
2023-11-13,AED,YER,68.13381481229133
2023-11-14,AED,YER,68.1384573453257
2023-11-15,AED,YER,68.1384573453257
2023-11-16,AED,YER,68.13381481229133
2023-11-17,AED,YER,68.12917291184085
2023-11-18,AED,YER,68.12917291184085
2023-11-19,AED,YER,68.12917291184085
2023-11-20,AED,YER,68.11525100469996
2023-11-21,AED,YER,68.1384573453257
2023-11-22,AED,YER,68.1384573453257
2023-11-23,AED,YER,68.12917291184085
2023-11-24,AED,YER,68.12917291184085
2023-11-25,AED,YER,68.12917291184085
2023-11-26,AED,YER,68.12917291184085
2023-11-27,AED,YER,68.12917291184085
2023-11-28,AED,YER,68.12917291184085
2023-11-29,AED,YER,68.1384573453257
2023-11-30,AED,YER,68.13381481229133
2023-12-01,AED,YER,68.1384573453257
2023-12-02,AED,YER,68.1384573453257
2023-12-03,AED,YER,68.1384573453257
2023-12-04,AED,YER,68.12453164384495
2023-12-05,AED,YER,68.12917291184085
2023-12-06,AED,YER,68.1384573453257
2023-12-07,AED,YER,68.12917291184085
2023-12-08,AED,YER,68.1384573453257
2023-12-09,AED,YER,68.1384573453257
2023-12-10,AED,YER,68.1384573453257
2023-12-11,AED,YER,68.1384573453257
2023-12-12,AED,YER,68.1384573453257
2023-12-13,AED,YER,68.1384573453257
2023-12-14,AED,YER,68.13381481229133
2023-12-15,AED,YER,68.1384573453257
2023-12-16,AED,YER,68.1384573453257
2023-12-17,AED,YER,68.1384573453257
2023-12-18,AED,YER,68.1384573453257
2023-12-19,AED,YER,68.1384573453257
2023-12-20,AED,YER,68.1384573453257
2023-12-21,AED,YER,68.1384573453257
2023-12-22,AED,YER,68.1384573453257
2023-12-23,AED,YER,68.1384573453257
2023-12-24,AED,YER,68.1384573453257
2023-12-25,AED,YER,68.13381481229133
2023-12-26,AED,YER,68.12917291184085
2023-12-27,AED,YER,68.12917291184085
2023-12-28,AED,YER,68.13381481229133
2023-12-29,AED,YER,68.13381481229133
2023-12-30,AED,YER,68.13381481229133
2023-12-31,AED,YER,68.13381481229133
2024-01-01,AED,YER,68.1384573453257
2024-01-02,AED,YER,68.13381481229133
2024-01-03,AED,YER,68.1384573453257
2024-01-04,AED,YER,68.1384573453257
2024-01-05,AED,YER,68.13381481229133
2024-01-06,AED,YER,68.13381481229133
2024-01-07,AED,YER,68.13381481229133
2024-01-08,AED,YER,68.13381481229133
2024-01-09,AED,YER,68.12917291184085
2024-01-10,AED,YER,68.12917291184085
2024-01-11,AED,YER,68.1384573453257
2024-01-12,AED,YER,68.12917291184085
2024-01-13,AED,YER,68.12917291184085
2024-01-14,AED,YER,68.12917291184085
2024-01-15,AED,YER,68.1384573453257
2024-01-16,AED,YER,68.12917291184085
2024-01-17,AED,YER,68.1384573453257
2024-01-18,AED,YER,68.12917291184085
2024-01-19,AED,YER,68.1384573453257
2024-01-20,AED,YER,68.1384573453257
2024-01-21,AED,YER,68.1384573453257
2024-01-22,AED,YER,68.13381481229133
2024-01-23,AED,YER,68.13381481229133
2024-01-24,AED,YER,68.13381481229133
2024-01-25,AED,YER,68.1384573453257
2024-01-26,AED,YER,68.1384573453257
2024-01-27,AED,YER,68.1384573453257
2024-01-28,AED,YER,68.1384573453257
2024-01-29,AED,YER,68.1384573453257
2024-01-30,AED,YER,68.12917291184085
2024-01-31,AED,YER,68.1384573453257
2024-02-01,AED,YER,68.13381481229133
2024-02-02,AED,YER,68.1384573453257
2024-02-03,AED,YER,68.1384573453257
2024-02-04,AED,YER,68.1384573453257
2024-02-05,AED,YER,68.1384573453257
2024-02-06,AED,YER,68.13381481229133
2024-02-07,AED,YER,68.1384573453257
2024-02-08,AED,YER,68.1384573453257
2024-02-09,AED,YER,68.1384573453257
2024-02-10,AED,YER,68.1384573453257
2024-02-11,AED,YER,68.1384573453257
2024-02-12,AED,YER,68.1384573453257
2024-02-13,AED,YER,68.1384573453257
2024-02-14,AED,YER,68.12453164384495
2024-02-15,AED,YER,68.12917291184085
2024-02-16,AED,YER,68.1384573453257
2024-02-17,AED,YER,68.1384573453257
2024-02-18,AED,YER,68.1384573453257
2024-02-19,AED,YER,68.1384573453257
2024-02-20,AED,YER,68.13381481229133
2024-02-21,AED,YER,68.13381481229133
2024-02-22,AED,YER,68.1384573453257
2024-02-23,AED,YER,68.13381481229133
2024-02-24,AED,YER,68.13381481229133
2024-02-25,AED,YER,68.13381481229133
2024-02-26,AED,YER,68.1384573453257
2024-02-27,AED,YER,68.13381481229133
2024-02-28,AED,YER,68.12917291184085
2024-02-29,AED,YER,68.1384573453257
2024-03-01,AED,YER,68.13381481229133
2024-03-02,AED,YER,68.13381481229133
2024-03-03,AED,YER,68.13381481229133
2024-03-04,AED,YER,68.1384573453257
2024-03-05,AED,YER,68.1384573453257
2024-03-06,AED,YER,68.1384573453257
2024-03-07,AED,YER,68.1384573453257
2024-03-08,AED,YER,68.11061163329246
2024-03-09,AED,YER,68.11061163329246
2024-03-10,AED,YER,68.11061163329246
2024-03-11,AED,YER,68.13381481229133
2024-03-12,AED,YER,68.1384573453257
2024-03-13,AED,YER,68.13381481229133
2024-03-14,AED,YER,68.1384573453257
2024-03-15,AED,YER,68.1384573453257
2024-03-16,AED,YER,68.1384573453257
2024-03-17,AED,YER,68.1384573453257
2024-03-18,AED,YER,68.13381481229133
2024-03-19,AED,YER,68.1384573453257
2024-03-20,AED,YER,68.1384573453257
2024-03-21,AED,YER,68.13381481229133
2024-03-22,AED,YER,68.1384573453257
2024-03-23,AED,YER,68.1384573453257
2024-03-24,AED,YER,68.1384573453257
2024-03-25,AED,YER,68.1384573453257
2024-03-26,AED,YER,68.13381481229133
2024-03-27,AED,YER,68.1384573453257
2024-03-28,AED,YER,68.13381481229133
2024-03-29,AED,YER,68.1384573453257
2024-03-30,AED,YER,68.1384573453257
2024-03-31,AED,YER,68.1384573453257
2024-04-01,AED,YER,68.1384573453257
2024-04-02,AED,YER,68.13381481229133
2024-04-03,AED,YER,68.1384573453257
2024-04-04,AED,YER,68.13381481229133
2024-04-05,AED,YER,68.13381481229133
2024-04-06,AED,YER,68.13381481229133
2024-04-07,AED,YER,68.13381481229133
2024-04-08,AED,YER,68.13381481229133
2024-04-09,AED,YER,68.1384573453257
2024-04-10,AED,YER,68.12453164384495
2024-04-11,AED,YER,68.12453164384495
2024-04-12,AED,YER,68.12453164384495
2024-04-13,AED,YER,68.12453164384495
2024-04-14,AED,YER,68.12453164384495
2024-04-15,AED,YER,68.1384573453257
2024-04-16,AED,YER,68.13381481229133
2024-04-17,AED,YER,68.1384573453257
2024-04-18,AED,YER,68.13381481229133
2024-04-19,AED,YER,68.1384573453257
2024-04-20,AED,YER,68.1384573453257
2024-04-21,AED,YER,68.1384573453257
2024-04-22,AED,YER,68.13381481229133
2024-04-23,AED,YER,68.1384573453257
2024-04-24,AED,YER,68.13381481229133
2024-04-25,AED,YER,68.1384573453257
2024-04-26,AED,YER,68.12917291184085
2024-04-27,AED,YER,68.12917291184085
2024-04-28,AED,YER,68.12917291184085
2024-04-29,AED,YER,68.1384573453257
2024-04-30,AED,YER,68.13381481229133
2024-05-01,AED,YER,68.1384573453257
2024-05-02,AED,YER,68.13381481229133
2024-05-03,AED,YER,68.1384573453257
2024-05-04,AED,YER,68.1384573453257
2024-05-05,AED,YER,68.1384573453257
2024-05-06,AED,YER,68.13381481229133
2024-05-07,AED,YER,68.1384573453257
2024-05-08,AED,YER,68.1384573453257
2024-05-09,AED,YER,68.13381481229133
2024-05-10,AED,YER,68.1384573453257
2024-05-11,AED,YER,68.1384573453257
2024-05-12,AED,YER,68.1384573453257
2024-05-13,AED,YER,68.13381481229133
2024-05-14,AED,YER,68.13381481229133
2024-05-15,AED,YER,68.1384573453257
2024-05-16,AED,YER,68.13381481229133
2024-05-17,AED,YER,68.1384573453257
2024-05-18,AED,YER,68.1384573453257
2024-05-19,AED,YER,68.1384573453257
2024-05-20,AED,YER,68.1384573453257
2024-05-21,AED,YER,68.13381481229133
2024-05-22,AED,YER,68.1384573453257
2024-05-23,AED,YER,68.13381481229133
2024-05-24,AED,YER,68.13381481229133
2024-05-25,AED,YER,68.13381481229133
2024-05-26,AED,YER,68.13381481229133
2024-05-27,AED,YER,68.13381481229133
2024-05-28,AED,YER,68.13381481229133
2024-05-29,AED,YER,68.13381481229133
2024-05-30,AED,YER,68.1384573453257
2024-05-31,AED,YER,68.1384573453257
2024-06-01,AED,YER,68.1384573453257
2024-06-02,AED,YER,68.1384573453257
2024-06-03,AED,YER,68.1384573453257
2024-06-04,AED,YER,68.13381481229133
2024-06-05,AED,YER,68.1384573453257
2024-06-06,AED,YER,68.13381481229133
2024-06-07,AED,YER,68.1384573453257
2024-06-08,AED,YER,68.1384573453257
2024-06-09,AED,YER,68.1384573453257
2024-06-10,AED,YER,68.1384573453257
2024-06-11,AED,YER,68.13381481229133
2024-06-12,AED,YER,68.1384573453257
2024-06-13,AED,YER,68.13381481229133
2024-06-14,AED,YER,68.13381481229133
2024-06-15,AED,YER,68.13381481229133
2024-06-16,AED,YER,68.13381481229133
2024-06-17,AED,YER,68.1384573453257
2024-06-18,AED,YER,68.13381481229133
2024-06-19,AED,YER,68.1384573453257
2024-06-20,AED,YER,68.1384573453257
2024-06-21,AED,YER,68.13381481229133
2024-06-22,AED,YER,68.13381481229133
2024-06-23,AED,YER,68.13381481229133
2024-06-24,AED,YER,68.13381481229133
2024-06-25,AED,YER,68.1384573453257
2024-06-26,AED,YER,68.13381481229133
2024-06-27,AED,YER,68.13381481229133
2024-06-28,AED,YER,68.1384573453257
2024-06-29,AED,YER,68.1384573453257
2024-06-30,AED,YER,68.1384573453257
2024-07-01,AED,YER,68.13381481229133
2024-07-02,AED,YER,68.1384573453257
2024-07-03,AED,YER,68.13381481229133
2024-07-04,AED,YER,68.13381481229133
2024-07-05,AED,YER,68.1384573453257
2024-07-06,AED,YER,68.1384573453257
2024-07-07,AED,YER,68.1384573453257
2024-07-08,AED,YER,68.13381481229133
2024-07-09,AED,YER,68.1384573453257
2024-07-10,AED,YER,68.13381481229133
2024-07-11,AED,YER,68.1384573453257
2024-07-12,AED,YER,68.13381481229133
2024-07-13,AED,YER,68.13381481229133
2024-07-14,AED,YER,68.13381481229133
2024-07-15,AED,YER,68.1384573453257
2024-07-16,AED,YER,68.13381481229133
2024-07-17,AED,YER,68.1384573453257
2024-07-18,AED,YER,68.1384573453257
2024-07-19,AED,YER,68.13381481229133
2024-07-20,AED,YER,68.13381481229133
2024-07-21,AED,YER,68.13381481229133
2024-07-22,AED,YER,68.1384573453257
2024-07-23,AED,YER,68.13381481229133
2024-07-24,AED,YER,68.1384573453257
2024-07-25,AED,YER,68.13381481229133
2024-07-26,AED,YER,68.1384573453257
2024-07-27,AED,YER,68.1384573453257
2024-07-28,AED,YER,68.1384573453257
2024-07-29,AED,YER,68.13381481229133
2024-07-30,AED,YER,68.13381481229133
2024-07-31,AED,YER,68.1384573453257
2024-08-01,AED,YER,68.1384573453257
2024-08-02,AED,YER,68.13381481229133
2024-08-03,AED,YER,68.13381481229133
2024-08-04,AED,YER,68.13381481229133
2024-08-05,AED,YER,68.1384573453257
2024-08-06,AED,YER,68.13381481229133
2024-08-07,AED,YER,68.13381481229133
2024-08-08,AED,YER,68.1384573453257
2024-08-09,AED,YER,68.13381481229133
2024-08-10,AED,YER,68.13381481229133
2024-08-11,AED,YER,68.13381481229133
2024-08-12,AED,YER,68.1384573453257
2024-08-13,AED,YER,68.13381481229133
2024-08-14,AED,YER,68.1384573453257
2024-08-15,AED,YER,68.13381481229133
2024-08-16,AED,YER,68.1384573453257
2024-08-17,AED,YER,68.1384573453257
2024-08-18,AED,YER,68.1384573453257
2024-08-19,AED,YER,68.13381481229133
2024-08-20,AED,YER,68.1384573453257
2024-08-21,AED,YER,68.13381481229133
2024-08-22,AED,YER,68.1384573453257
2024-08-23,AED,YER,68.13381481229133
2024-08-24,AED,YER,68.13381481229133
2024-08-25,AED,YER,68.13381481229133
2024-08-26,AED,YER,68.13381481229133
2024-08-27,AED,YER,68.12917291184085
2024-08-28,AED,YER,68.12453164384495
2024-08-29,AED,YER,68.12917291184085
2024-08-30,AED,YER,68.12917291184085
2024-08-31,AED,YER,68.12917291184085
2024-09-01,AED,YER,68.12917291184085
2024-09-02,AED,YER,68.1384573453257
2024-09-03,AED,YER,68.13381481229133
2024-09-04,AED,YER,68.1384573453257
2024-09-05,AED,YER,68.1059728938228
2024-09-06,AED,YER,68.11061163329246
2024-09-07,AED,YER,68.11061163329246
2024-09-08,AED,YER,68.11061163329246
2024-09-09,AED,YER,68.18026863025841
2024-09-10,AED,YER,68.1384573453257
2024-09-11,AED,YER,68.13381481229133
2024-09-12,AED,YER,68.1384573453257
2024-09-13,AED,YER,68.13381481229133
2024-09-14,AED,YER,68.13381481229133
2024-09-15,AED,YER,68.13381481229133
2024-09-16,AED,YER,68.13381481229133
2024-09-17,AED,YER,68.13381481229133
2024-09-18,AED,YER,68.1384573453257
2024-09-19,AED,YER,68.13381481229133
2024-09-20,AED,YER,68.12453164384495
2024-09-21,AED,YER,68.12453164384495
2024-09-22,AED,YER,68.12453164384495
2024-09-23,AED,YER,68.1384573453257
2024-09-24,AED,YER,68.1384573453257
2024-09-25,AED,YER,68.1384573453257
2024-09-26,AED,YER,68.13381481229133
2024-09-27,AED,YER,68.1384573453257
2024-09-28,AED,YER,68.1384573453257
2024-09-29,AED,YER,68.1384573453257
2024-09-30,AED,YER,68.13381481229133
2024-10-01,AED,YER,68.12917291184085
2024-10-02,AED,YER,68.13381481229133
2024-10-03,AED,YER,68.11061163329246
2024-10-04,AED,YER,68.11989100817439
2024-10-05,AED,YER,68.11989100817439
2024-10-06,AED,YER,68.11989100817439
2024-10-07,AED,YER,68.13381481229133
2024-10-08,AED,YER,68.1384573453257
2024-10-09,AED,YER,68.13381481229133
2024-10-10,AED,YER,68.13381481229133
2024-10-11,AED,YER,68.1384573453257
2024-10-12,AED,YER,68.1384573453257
2024-10-13,AED,YER,68.1384573453257
2024-10-14,AED,YER,68.1384573453257
2024-10-15,AED,YER,68.11989100817439
2024-10-16,AED,YER,68.1384573453257
2024-10-17,AED,YER,68.13381481229133
2024-10-18,AED,YER,68.13381481229133
2024-10-19,AED,YER,68.13381481229133
2024-10-20,AED,YER,68.13381481229133
2024-10-21,AED,YER,68.13381481229133
2024-10-22,AED,YER,68.13381481229133
2024-10-23,AED,YER,68.13381481229133
2024-10-24,AED,YER,68.1384573453257
2024-10-25,AED,YER,68.12453164384495
2024-10-26,AED,YER,68.12453164384495
2024-10-27,AED,YER,68.12453164384495
2024-10-28,AED,YER,68.11061163329246
2024-10-29,AED,YER,68.11525100469996
2024-10-30,AED,YER,68.11061163329246
2024-10-31,AED,YER,68.1059728938228
2024-11-01,AED,YER,68.0920604657497
2024-11-02,AED,YER,68.0920604657497
2024-11-03,AED,YER,68.0920604657497
2024-11-04,AED,YER,68.0781537204711
2024-11-05,AED,YER,68.06888571234089
2024-11-06,AED,YER,68.0781537204711
2024-11-07,AED,YER,68.08278867102396
2024-11-08,AED,YER,68.00870511425462
2024-11-09,AED,YER,68.00870511425462
2024-11-10,AED,YER,68.00870511425462
2024-11-11,AED,YER,68.00870511425462
2024-11-12,AED,YER,68.03183890060548
2024-11-13,AED,YER,68.18026863025841
2024-11-14,AED,YER,68.02258349772124
2024-11-15,AED,YER,68.03183890060548
2024-11-16,AED,YER,68.03183890060548
2024-11-17,AED,YER,68.03183890060548
2024-11-18,AED,YER,68.04572672836146
2024-11-19,AED,YER,68.05498843065196
2024-11-20,AED,YER,68.02721088435375
2024-11-21,AED,YER,68.03183890060548
2024-11-22,AED,YER,67.91632708503124
2024-11-23,AED,YER,67.91632708503124
2024-11-24,AED,YER,67.91632708503124
2024-11-25,AED,YER,67.9532481652623
2024-11-26,AED,YER,67.99483239273816
2024-11-27,AED,YER,67.95786612300374
2024-11-28,AED,YER,67.9532481652623
2024-11-29,AED,YER,67.99020940984498
2024-11-30,AED,YER,67.99020940984498
2024-12-01,AED,YER,67.99020940984498
2024-12-02,AED,YER,67.97172376291464
2024-12-03,AED,YER,68.15238874122538
2024-12-04,AED,YER,67.9532481652623
2024-12-05,AED,YER,68.13381481229133
2024-12-06,AED,YER,67.96248470844094
2024-12-07,AED,YER,67.96248470844094
2024-12-08,AED,YER,67.96248470844094
2024-12-09,AED,YER,67.98558705554423
2024-12-10,AED,YER,67.99945600435197
2024-12-11,AED,YER,67.95786612300374
2024-12-12,AED,YER,67.95786612300374
2024-12-13,AED,YER,67.96248470844094
2024-12-14,AED,YER,67.96248470844094
2024-12-15,AED,YER,67.96248470844094
2024-12-16,AED,YER,67.97172376291464
2024-12-17,AED,YER,67.90249202145719
2024-12-18,AED,YER,67.90249202145719
2024-12-19,AED,YER,67.87483879725787
2024-12-20,AED,YER,67.90249202145719
2024-12-21,AED,YER,67.90249202145719
2024-12-22,AED,YER,67.90249202145719
2024-12-23,AED,YER,67.90249202145719
2024-12-24,AED,YER,67.90249202145719
2024-12-25,AED,YER,67.93016778751443
2024-12-26,AED,YER,67.90249202145719
2024-12-27,AED,YER,67.88866259334691
2024-12-28,AED,YER,67.88866259334691
2024-12-29,AED,YER,67.88866259334691
2024-12-30,AED,YER,67.89788158609451
2024-12-31,AED,YER,67.89327177676692
2025-01-01,AED,YER,67.88866259334691
2025-01-02,AED,YER,67.89327177676692
2025-01-03,AED,YER,67.89788158609451
2025-01-04,AED,YER,67.89788158609451
2025-01-05,AED,YER,67.89788158609451
2025-01-06,AED,YER,67.93939805693321
2025-01-07,AED,YER,67.88405403570701
2025-01-08,AED,YER,67.85181164337088
2025-01-09,AED,YER,67.87023211619383
2025-01-10,AED,YER,67.75526797208484
2025-01-11,AED,YER,67.75526797208484
2025-01-12,AED,YER,67.75526797208484
2025-01-13,AED,YER,67.75985905949315
2025-01-14,AED,YER,67.75985905949315
2025-01-15,AED,YER,67.81040211568455
2025-01-16,AED,YER,67.778229632642
2025-01-17,AED,YER,67.76445076912653
2025-01-18,AED,YER,67.76445076912653
2025-01-19,AED,YER,67.76445076912653
2025-01-20,AED,YER,67.76445076912653
2025-01-21,AED,YER,67.75985905949315
2025-01-22,AED,YER,67.75526797208484
2025-01-23,AED,YER,67.74608766343744
2025-01-24,AED,YER,67.7323218639935
2025-01-25,AED,YER,67.7323218639935
2025-01-26,AED,YER,67.7323218639935
2025-01-27,AED,YER,67.7323218639935
2025-01-28,AED,YER,67.736909842173
2025-01-29,AED,YER,67.736909842173
2025-01-30,AED,YER,67.736909842173
2025-01-31,AED,YER,67.6773145641581
2025-02-01,AED,YER,67.6773145641581
2025-02-02,AED,YER,67.6773145641581
2025-02-03,AED,YER,67.67273465520742
2025-02-04,AED,YER,67.66357669666418
2025-02-05,AED,YER,67.64526821348846
2025-02-06,AED,YER,67.64526821348846
2025-02-07,AED,YER,67.63611768684478
2025-02-08,AED,YER,67.63611768684478
2025-02-09,AED,YER,67.63611768684478
2025-02-10,AED,YER,67.63154335181929
2025-02-11,AED,YER,67.55843804891231
2025-02-12,AED,YER,67.5812664729337
2025-02-13,AED,YER,67.50371270419873
2025-02-14,AED,YER,67.44452687664396
2025-02-15,AED,YER,67.44452687664396
2025-02-16,AED,YER,67.44452687664396
2025-02-17,AED,YER,67.44452687664396
2025-02-18,AED,YER,67.40815638692283
2025-02-19,AED,YER,67.39906989283548
2025-02-20,AED,YER,67.38090425173506
2025-02-21,AED,YER,67.330999192028
2025-02-22,AED,YER,67.330999192028
2025-02-23,AED,YER,67.330999192028
2025-02-24,AED,YER,67.32646603379789
2025-02-25,AED,YER,67.330999192028
2025-02-26,AED,YER,67.32646603379789
2025-02-27,AED,YER,67.3038093956118
2025-02-28,AED,YER,67.25854183481303
2025-03-01,AED,YER,67.25854183481303
2025-03-02,AED,YER,67.25854183481303
2025-03-03,AED,YER,67.21785306177321
2025-03-04,AED,YER,67.1952694530305
2025-03-05,AED,YER,67.18172657037286
2025-03-06,AED,YER,67.14563889075404
2025-03-07,AED,YER,67.14113065664026
2025-03-08,AED,YER,67.14113065664026
2025-03-09,AED,YER,67.14113065664026
2025-03-10,AED,YER,67.06458319361545
2025-03-11,AED,YER,67.06008583690988
2025-03-12,AED,YER,67.0555890833501
2025-03-13,AED,YER,67.0555890833501
2025-03-14,AED,YER,67.05109293281481
2025-03-15,AED,YER,67.05109293281481
2025-03-16,AED,YER,67.05109293281481
2025-03-17,AED,YER,67.05109293281481
2025-03-18,AED,YER,67.04210244033253
2025-03-19,AED,YER,67.02412868632707
2025-03-20,AED,YER,67.02412868632707
2025-03-21,AED,YER,67.01963675356879
2025-03-22,AED,YER,67.01963675356879
2025-03-23,AED,YER,67.01963675356879
2025-03-24,AED,YER,67.01065469409636
2025-03-25,AED,YER,67.00167504187604
2025-03-26,AED,YER,66.99718611818304
2025-03-27,AED,YER,66.9254450542096
2025-03-28,AED,YER,67.02412868632707
2025-03-29,AED,YER,67.02412868632707
2025-03-30,AED,YER,67.02412868632707
2025-03-31,AED,YER,66.90305746972636
2025-04-01,AED,YER,66.8985817500669
2025-04-02,AED,YER,66.88963210702342
2025-04-03,AED,YER,66.86279753944905
2025-04-04,AED,YER,66.8493883280968
2025-04-05,AED,YER,66.8493883280968
2025-04-06,AED,YER,66.8493883280968
2025-04-07,AED,YER,66.82705159048383
2025-04-08,AED,YER,66.82258603407952
2025-04-09,AED,YER,66.8002672010688
2025-04-10,AED,YER,66.79580522343197
2025-04-11,AED,YER,66.78688305616777
2025-04-12,AED,YER,66.78688305616777
2025-04-13,AED,YER,66.78688305616777
2025-04-14,AED,YER,66.79580522343197
2025-04-15,AED,YER,66.78688305616777
2025-04-16,AED,YER,66.77350427350427
2025-04-17,AED,YER,66.76458806249165
2025-04-18,AED,YER,66.76013084985647
2025-04-19,AED,YER,66.76013084985647
2025-04-20,AED,YER,66.76013084985647
2025-04-21,AED,YER,66.75121820973233
2025-04-22,AED,YER,66.74676278200506
2025-04-23,AED,YER,66.73785371062466
2025-04-24,AED,YER,66.7334000667334
2025-04-25,AED,YER,66.71559143371806
2025-04-26,AED,YER,66.71559143371806
2025-04-27,AED,YER,66.71559143371806
2025-04-28,AED,YER,66.711140760507
2025-04-29,AED,YER,66.6400106624017
2025-04-30,AED,YER,66.74676278200506
2025-05-01,AED,YER,66.62225183211193
2025-05-02,AED,YER,66.74676278200506
2025-05-03,AED,YER,66.74676278200506
2025-05-04,AED,YER,66.74676278200506
2025-05-05,AED,YER,66.59563132658498
2025-05-06,AED,YER,66.48494116082708
2025-05-07,AED,YER,66.58232904987017
2025-05-08,AED,YER,66.56903208627347
2025-05-09,AED,YER,66.55574043261231
2025-05-10,AED,YER,66.55574043261231
2025-05-11,AED,YER,66.55574043261231
2025-05-12,AED,YER,66.52032195835828
2025-05-13,AED,YER,66.50262685376072
2025-05-14,AED,YER,66.49378283130527
2025-05-15,AED,YER,66.48936170212767
2025-05-16,AED,YER,66.49378283130527
2025-05-17,AED,YER,66.49378283130527
2025-05-18,AED,YER,66.49378283130527
2025-05-19,AED,YER,66.41870350690755
2025-05-20,AED,YER,66.41429235571495
2025-05-21,AED,YER,66.40547181087722
2025-05-22,AED,YER,66.40106241699867
2025-05-23,AED,YER,66.39224538573895
2025-05-24,AED,YER,66.39224538573895
2025-05-25,AED,YER,66.39224538573895
2025-05-26,AED,YER,66.38343069569835
2025-05-27,AED,YER,66.39224538573895
2025-05-28,AED,YER,66.3129973474801
2025-05-29,AED,YER,66.29541235746487
2025-05-30,AED,YER,66.28662335940606
2025-05-31,AED,YER,66.28662335940606
2025-06-01,AED,YER,66.28662335940606
2025-06-02,AED,YER,66.28662335940606
2025-06-03,AED,YER,66.27783669141039
2025-06-04,AED,YER,66.26905235255136
2025-06-05,AED,YER,66.2646610562587
2025-06-06,AED,YER,66.2646610562587
2025-06-07,AED,YER,66.2646610562587
2025-06-08,AED,YER,66.2646610562587
2025-06-09,AED,YER,66.24710168930109
2025-06-10,AED,YER,66.24271330153682
2025-06-11,AED,YER,66.23393826996953
2025-06-12,AED,YER,66.2295516259355
2025-06-13,AED,YER,66.16819956328989
2025-06-14,AED,YER,66.16819956328989
2025-06-15,AED,YER,66.16819956328989
2025-06-16,AED,YER,66.15506747816883
2025-06-17,AED,YER,66.08511763150939
2025-06-18,AED,YER,66.07638430025109
2025-06-19,AED,YER,66.0676532769556
2025-06-20,AED,YER,66.05892456070815
2025-06-21,AED,YER,66.05892456070815
2025-06-22,AED,YER,66.05892456070815
2025-06-23,AED,YER,65.99788806758184
2025-06-24,AED,YER,65.98482349059717
2025-06-25,AED,YER,65.97611664577423
2025-06-26,AED,YER,65.96741209842338
2025-06-27,AED,YER,65.95870984763538
2025-06-28,AED,YER,65.95870984763538
2025-06-29,AED,YER,65.95870984763538
2025-06-30,AED,YER,65.95000989250148
2025-07-01,AED,YER,65.94566077552096
2025-07-02,AED,YER,65.93261686556339
2025-07-03,AED,YER,65.96306068601584
2025-07-04,AED,YER,65.92392379194409
2025-07-05,AED,YER,65.92392379194409
2025-07-06,AED,YER,65.92392379194409
2025-07-07,AED,YER,65.9108884787767
2025-07-08,AED,YER,65.90220113351786
2025-07-09,AED,YER,65.89351607801792
2025-07-10,AED,YER,65.88483331137172
2025-07-11,AED,YER,65.88483331137172
2025-07-12,AED,YER,65.88483331137172
2025-07-13,AED,YER,65.88483331137172
2025-07-14,AED,YER,65.7418973111564
2025-07-15,AED,YER,65.72461386789352
2025-07-16,AED,YER,65.71165724799579
2025-07-17,AED,YER,65.7030223390276
2025-07-18,AED,YER,65.603883749918
2025-07-19,AED,YER,65.603883749918
2025-07-20,AED,YER,65.603883749918
2025-07-21,AED,YER,65.58667278808946
2025-07-22,AED,YER,65.5780706931602
2025-07-23,AED,YER,65.56517178075006
2025-07-24,AED,YER,65.56517178075006
2025-07-25,AED,YER,65.54798112218144
2025-07-26,AED,YER,65.54798112218144
2025-07-27,AED,YER,65.54798112218144
2025-07-28,AED,YER,65.52650547146321
2025-07-29,AED,YER,65.51362683438155
2025-07-30,AED,YER,65.5050438883794
2025-07-31,AED,YER,65.49646319098768
2025-08-01,AED,YER,65.48788474132286
2025-08-02,AED,YER,65.48788474132286
2025-08-03,AED,YER,65.48788474132286
2025-08-04,AED,YER,65.47930853850183
2025-08-05,AED,YER,65.45787785559992
2025-08-06,AED,YER,65.44502617801047
2025-08-07,AED,YER,65.4407434068451
2025-08-08,AED,YER,65.43217954590068
2025-08-09,AED,YER,65.43217954590068
2025-08-10,AED,YER,65.43217954590068
2025-08-11,AED,YER,65.43217954590068
2025-08-12,AED,YER,65.42361792607132
2025-08-13,AED,YER,65.41933795629988
2025-08-14,AED,YER,65.4150585464774
2025-08-15,AED,YER,65.42361792607132
2025-08-16,AED,YER,65.42361792607132
2025-08-17,AED,YER,65.42361792607132
2025-08-18,AED,YER,65.3851183470642
2025-08-19,AED,YER,65.40650140623978
2025-08-20,AED,YER,65.32958777030117
2025-08-21,AED,YER,65.36374926465783
2025-08-22,AED,YER,65.35093451836362
2025-08-23,AED,YER,65.35093451836362
2025-08-24,AED,YER,65.35093451836362
2025-08-25,AED,YER,65.36802196365538
2025-08-26,AED,YER,65.35947712418302
2025-08-27,AED,YER,65.34239414532148
2025-08-28,AED,YER,65.33385600418137
2025-08-29,AED,YER,65.32532009406846
2025-08-30,AED,YER,65.32532009406846
2025-08-31,AED,YER,65.32532009406846
2025-09-01,AED,YER,65.31678641410842
2025-09-02,AED,YER,65.30399007379351
2025-09-03,AED,YER,65.28693608408958
2025-09-04,AED,YER,65.27841242900973
2025-09-05,AED,YER,65.26989099928203
2025-09-06,AED,YER,65.26989099928203
2025-09-07,AED,YER,65.26989099928203
2025-09-08,AED,YER,65.25711302531975
2025-09-09,AED,YER,65.24008350730689
2025-09-10,AED,YER,65.23582751647204
2025-09-11,AED,YER,65.23157208088715
2025-09-12,AED,YER,65.22306287503261
2025-09-13,AED,YER,65.22306287503261
2025-09-14,AED,YER,65.22306287503261
2025-09-15,AED,YER,65.2145558888744
2025-09-16,AED,YER,65.20605112154408
2025-09-17,AED,YER,65.19754857217369
2025-09-18,AED,YER,65.19754857217369
2025-09-19,AED,YER,65.2145558888744
2025-09-20,AED,YER,65.2145558888744
2025-09-21,AED,YER,65.2145558888744
2025-09-22,AED,YER,65.18055012384305
2025-09-23,AED,YER,65.17205422314912
2025-09-24,AED,YER,65.15931452401121
2025-09-25,AED,YER,65.1508241579256
2025-09-26,AED,YER,65.1508241579256
2025-09-27,AED,YER,65.1508241579256
2025-09-28,AED,YER,65.1508241579256
2025-09-29,AED,YER,65.1508241579256
2025-09-30,AED,YER,65.14233600416911
2025-10-01,AED,YER,65.11688480823076
2025-10-02,AED,YER,65.1253663301856
2025-10-03,AED,YER,65.08721687060661
2025-10-04,AED,YER,65.08721687060661
2025-10-05,AED,YER,65.08721687060661
2025-10-06,AED,YER,65.07874528179097
2025-10-07,AED,YER,65.07451031430988
2025-10-08,AED,YER,65.06604203266315
2025-10-09,AED,YER,65.06180871828236
2025-10-10,AED,YER,65.04911207962012
2025-10-11,AED,YER,65.04911207962012
2025-10-12,AED,YER,65.04911207962012
2025-10-13,AED,YER,65.04488096786783
2025-10-14,AED,YER,65.05757595471994
2025-10-15,AED,YER,65.04488096786783
2025-10-16,AED,YER,65.03642039542143
2025-10-17,AED,YER,65.02796202367018
2025-10-18,AED,YER,65.02796202367018
2025-10-19,AED,YER,65.02796202367018
2025-10-20,AED,YER,65.03219093451258
2025-10-21,AED,YER,65.02796202367018
2025-10-22,AED,YER,65.02796202367018
2025-10-23,AED,YER,65.03219093451258
2025-10-24,AED,YER,65.01527859046875
2025-10-25,AED,YER,65.01527859046875
2025-10-26,AED,YER,65.01527859046875
2025-10-27,AED,YER,64.99837504062398
2025-10-28,AED,YER,64.98148027812074
2025-10-29,AED,YER,64.97725795971411
2025-10-30,AED,YER,64.98148027812074
2025-10-31,AED,YER,64.97303618998116
2025-11-01,AED,YER,64.97303618998116
2025-11-02,AED,YER,64.97303618998116
2025-11-03,AED,YER,64.96459429610861
2025-11-04,AED,YER,65.21880910454576
2025-11-05,AED,YER,65.02796202367018
2025-11-06,AED,YER,65.0110518788194
2025-11-07,AED,YER,64.92663290481755
2025-11-08,AED,YER,64.92663290481755
2025-11-09,AED,YER,64.92663290481755
2025-11-10,AED,YER,64.92241771083555
2025-11-11,AED,YER,64.92663290481755
2025-11-12,AED,YER,64.92241771083555
2025-11-13,AED,YER,64.94349915573451
2025-11-14,AED,YER,64.93506493506493
2025-11-15,AED,YER,64.93506493506493
2025-11-16,AED,YER,64.93506493506493
2025-11-17,AED,YER,64.92663290481755
2025-11-18,AED,YER,64.92241771083555
2025-11-19,AED,YER,64.93506493506493
2025-11-20,AED,YER,64.92663290481755
2025-11-21,AED,YER,64.92241771083555
2025-11-22,AED,YER,64.92241771083555
2025-11-23,AED,YER,64.92241771083555
2025-11-24,AED,YER,64.92663290481755
2025-11-25,AED,YER,64.92241771083555
2025-11-26,AED,YER,64.92663290481755
2025-11-27,AED,YER,64.92241771083555
2025-11-28,AED,YER,64.92241771083555
