2021-02-18,AED,SDG,15.010957999339519
2021-02-19,AED,SDG,15.010957999339519
2021-02-20,AED,SDG,15.010957999339519
2021-02-21,AED,SDG,15.010957999339519
2021-02-22,AED,SDG,15.010957999339519
2021-02-23,AED,SDG,102.14504596527068
2021-02-24,AED,SDG,102.15548064153641
2021-02-25,AED,SDG,102.14504596527068
2021-02-26,AED,SDG,102.15548064153641
2021-02-27,AED,SDG,102.15548064153641
2021-02-28,AED,SDG,102.15548064153641
2021-03-01,AED,SDG,102.14504596527068
2021-03-02,AED,SDG,102.14504596527068
2021-03-03,AED,SDG,102.14504596527068
2021-03-04,AED,SDG,102.14504596527068
2021-03-05,AED,SDG,102.14504596527068
2021-03-06,AED,SDG,102.14504596527068
2021-03-07,AED,SDG,102.14504596527068
2021-03-08,AED,SDG,102.14504596527068
2021-03-09,AED,SDG,102.14504596527068
2021-03-10,AED,SDG,103.11404413281089
2021-03-11,AED,SDG,103.25245224574084
2021-03-12,AED,SDG,103.25245224574084
2021-03-13,AED,SDG,103.25245224574084
2021-03-14,AED,SDG,103.25245224574084
2021-03-15,AED,SDG,102.14504596527068
2021-03-16,AED,SDG,103.25245224574084
2021-03-17,AED,SDG,103.25245224574084
2021-03-18,AED,SDG,103.23113451016827
2021-03-19,AED,SDG,103.23113451016827
2021-03-20,AED,SDG,103.23113451016827
2021-03-21,AED,SDG,103.23113451016827
2021-03-22,AED,SDG,103.23113451016827
2021-03-23,AED,SDG,103.23113451016827
2021-03-24,AED,SDG,103.23113451016827
2021-03-25,AED,SDG,103.23113451016827
2021-03-26,AED,SDG,103.23113451016827
2021-03-27,AED,SDG,103.23113451016827
2021-03-28,AED,SDG,103.23113451016827
2021-03-29,AED,SDG,103.50895352447988
2021-03-30,AED,SDG,103.50895352447988
2021-03-31,AED,SDG,103.50895352447988
2021-04-01,AED,SDG,103.50895352447988
2021-04-02,AED,SDG,103.50895352447988
2021-04-03,AED,SDG,103.50895352447988
2021-04-04,AED,SDG,103.50895352447988
2021-04-05,AED,SDG,103.50895352447988
2021-04-06,AED,SDG,103.50895352447988
2021-04-07,AED,SDG,103.50895352447988
2021-04-08,AED,SDG,103.50895352447988
2021-04-09,AED,SDG,103.50895352447988
2021-04-10,AED,SDG,103.50895352447988
2021-04-11,AED,SDG,103.50895352447988
2021-04-12,AED,SDG,103.50895352447988
2021-04-13,AED,SDG,103.50895352447988
2021-04-14,AED,SDG,103.50895352447988
2021-04-15,AED,SDG,103.50895352447988
2021-04-16,AED,SDG,103.50895352447988
2021-04-17,AED,SDG,103.50895352447988
2021-04-18,AED,SDG,103.50895352447988
2021-04-19,AED,SDG,103.50895352447988
2021-04-20,AED,SDG,103.50895352447988
2021-04-21,AED,SDG,103.50895352447988
2021-04-22,AED,SDG,103.50895352447988
2021-04-23,AED,SDG,103.50895352447988
2021-04-24,AED,SDG,103.50895352447988
2021-04-25,AED,SDG,103.50895352447988
2021-04-26,AED,SDG,103.50895352447988
2021-04-27,AED,SDG,103.50895352447988
2021-04-28,AED,SDG,103.50895352447988
2021-04-29,AED,SDG,103.50895352447988
2021-04-30,AED,SDG,103.50895352447988
2021-05-01,AED,SDG,103.50895352447988
2021-05-02,AED,SDG,103.50895352447988
2021-05-03,AED,SDG,103.50895352447988
2021-05-04,AED,SDG,103.50895352447988
2021-05-05,AED,SDG,103.50895352447988
2021-05-06,AED,SDG,109.00370612600828
2021-05-07,AED,SDG,109.00370612600828
2021-05-08,AED,SDG,109.00370612600828
2021-05-09,AED,SDG,109.00370612600828
2021-05-10,AED,SDG,109.00370612600828
2021-05-11,AED,SDG,109.00370612600828
2021-05-12,AED,SDG,109.00370612600828
2021-05-13,AED,SDG,108.9799476896251
2021-05-14,AED,SDG,108.9799476896251
2021-05-15,AED,SDG,108.9799476896251
2021-05-16,AED,SDG,108.9799476896251
2021-05-17,AED,SDG,108.9799476896251
2021-05-18,AED,SDG,108.9799476896251
2021-05-19,AED,SDG,108.9799476896251
2021-05-20,AED,SDG,108.9799476896251
2021-05-21,AED,SDG,111.9194180190263
2021-05-22,AED,SDG,111.9194180190263
2021-05-23,AED,SDG,111.9194180190263
2021-05-24,AED,SDG,111.9194180190263
2021-05-25,AED,SDG,112.72686281140795
2021-05-26,AED,SDG,113.63636363636363
2021-05-27,AED,SDG,113.64927832708263
2021-05-28,AED,SDG,113.64927832708263
2021-05-29,AED,SDG,113.64927832708263
2021-05-30,AED,SDG,113.64927832708263
2021-05-31,AED,SDG,115.14104778353483
2021-06-01,AED,SDG,115.9017153453871
2021-06-02,AED,SDG,116.198001394376
2021-06-03,AED,SDG,116.33317822242904
2021-06-04,AED,SDG,116.33317822242904
2021-06-05,AED,SDG,116.33317822242904
2021-06-06,AED,SDG,116.33317822242904
2021-06-07,AED,SDG,116.37379262190154
2021-06-08,AED,SDG,116.37379262190154
2021-06-09,AED,SDG,116.40088464672331
2021-06-10,AED,SDG,117.04119850187267
2021-06-11,AED,SDG,117.04119850187267
2021-06-12,AED,SDG,117.04119850187267
2021-06-13,AED,SDG,117.04119850187267
2021-06-14,AED,SDG,118.06375442739079
2021-06-15,AED,SDG,118.46937566639023
2021-06-16,AED,SDG,118.31519167061052
2021-06-17,AED,SDG,118.79306248515087
2021-06-18,AED,SDG,118.79306248515087
2021-06-19,AED,SDG,118.79306248515087
2021-06-20,AED,SDG,118.79306248515087
2021-06-21,AED,SDG,119.30326890956812
2021-06-22,AED,SDG,119.30326890956812
2021-06-23,AED,SDG,119.30326890956812
2021-06-24,AED,SDG,120.84592145015107
2021-06-25,AED,SDG,120.84592145015107
2021-06-26,AED,SDG,120.84592145015107
2021-06-27,AED,SDG,120.84592145015107
2021-06-28,AED,SDG,122.18963831867057
2021-06-29,AED,SDG,122.81994595922377
2021-06-30,AED,SDG,122.81994595922377
2021-07-01,AED,SDG,122.86521685710774
2021-07-02,AED,SDG,122.86521685710774
2021-07-03,AED,SDG,122.86521685710774
2021-07-04,AED,SDG,122.86521685710774
2021-07-05,AED,SDG,123.80834468243158
2021-07-06,AED,SDG,122.60912211868563
2021-07-07,AED,SDG,122.17470983506415
2021-07-08,AED,SDG,122.0703125
2021-07-09,AED,SDG,122.0703125
2021-07-10,AED,SDG,122.0703125
2021-07-11,AED,SDG,122.0703125
2021-07-12,AED,SDG,121.31505519835011
2021-07-13,AED,SDG,121.2121212121212
2021-07-14,AED,SDG,120.93360744951022
2021-07-15,AED,SDG,120.93360744951022
2021-07-16,AED,SDG,120.93360744951022
2021-07-17,AED,SDG,120.93360744951022
2021-07-18,AED,SDG,120.93360744951022
2021-07-19,AED,SDG,120.93360744951022
2021-07-20,AED,SDG,120.93360744951022
2021-07-21,AED,SDG,120.93360744951022
2021-07-22,AED,SDG,120.93360744951022
2021-07-23,AED,SDG,120.93360744951022
2021-07-24,AED,SDG,120.93360744951022
2021-07-25,AED,SDG,120.93360744951022
2021-07-26,AED,SDG,121.300339640951
2021-07-27,AED,SDG,120.88974854932302
2021-07-28,AED,SDG,121.2856276531231
2021-07-29,AED,SDG,121.300339640951
2021-07-30,AED,SDG,121.300339640951
2021-07-31,AED,SDG,121.300339640951
2021-08-01,AED,SDG,121.300339640951
2021-08-02,AED,SDG,121.300339640951
2021-08-03,AED,SDG,121.300339640951
2021-08-04,AED,SDG,121.300339640951
2021-08-05,AED,SDG,121.300339640951
2021-08-06,AED,SDG,121.300339640951
2021-08-07,AED,SDG,121.300339640951
2021-08-08,AED,SDG,121.300339640951
2021-08-09,AED,SDG,121.2856276531231
2021-08-10,AED,SDG,121.2856276531231
2021-08-11,AED,SDG,121.300339640951
2021-08-12,AED,SDG,121.2856276531231
2021-08-13,AED,SDG,121.2856276531231
2021-08-14,AED,SDG,121.2856276531231
2021-08-15,AED,SDG,121.2856276531231
2021-08-16,AED,SDG,121.2856276531231
2021-08-17,AED,SDG,121.2856276531231
2021-08-18,AED,SDG,121.2856276531231
2021-08-19,AED,SDG,122.17470983506415
2021-08-20,AED,SDG,121.2856276531231
2021-08-21,AED,SDG,121.2856276531231
2021-08-22,AED,SDG,121.2856276531231
2021-08-23,AED,SDG,121.18274357731458
2021-08-24,AED,SDG,120.90436464756377
2021-08-25,AED,SDG,120.5836247437598
2021-08-26,AED,SDG,120.56908608632747
2021-08-27,AED,SDG,120.56908608632747
2021-08-28,AED,SDG,120.56908608632747
2021-08-29,AED,SDG,120.56908608632747
2021-08-30,AED,SDG,120.26458208057728
2021-08-31,AED,SDG,120.25012025012025
2021-09-01,AED,SDG,120.26458208057728
2021-09-02,AED,SDG,120.25012025012025
2021-09-03,AED,SDG,120.25012025012025
2021-09-04,AED,SDG,120.25012025012025
2021-09-05,AED,SDG,120.25012025012025
2021-09-06,AED,SDG,120.25012025012025
2021-09-07,AED,SDG,120.25012025012025
2021-09-08,AED,SDG,120.25012025012025
2021-09-09,AED,SDG,120.25012025012025
2021-09-10,AED,SDG,120.25012025012025
2021-09-11,AED,SDG,120.25012025012025
2021-09-12,AED,SDG,120.25012025012025
2021-09-13,AED,SDG,120.22120702091848
2021-09-14,AED,SDG,120.22120702091848
2021-09-15,AED,SDG,120.03360941063498
2021-09-16,AED,SDG,120.01920307249159
2021-09-17,AED,SDG,120.01920307249159
2021-09-18,AED,SDG,120.01920307249159
2021-09-19,AED,SDG,120.01920307249159
2021-09-20,AED,SDG,120.01920307249159
2021-09-21,AED,SDG,120.01920307249159
2021-09-22,AED,SDG,120.01920307249159
2021-09-23,AED,SDG,120.04801920768307
2021-09-24,AED,SDG,120.04801920768307
2021-09-25,AED,SDG,120.04801920768307
2021-09-26,AED,SDG,120.04801920768307
2021-09-27,AED,SDG,120.01920307249159
2021-09-28,AED,SDG,120.07684918347742
2021-09-29,AED,SDG,120.04801920768307
2021-09-30,AED,SDG,120.00480019200768
2021-10-01,AED,SDG,120.00480019200768
2021-10-02,AED,SDG,120.00480019200768
2021-10-03,AED,SDG,120.00480019200768
2021-10-04,AED,SDG,119.99040076793857
2021-10-05,AED,SDG,119.97600479904018
2021-10-06,AED,SDG,119.97600479904018
2021-10-07,AED,SDG,119.97600479904018
2021-10-08,AED,SDG,119.97600479904018
2021-10-09,AED,SDG,119.97600479904018
2021-10-10,AED,SDG,119.97600479904018
2021-10-11,AED,SDG,119.97600479904018
2021-10-12,AED,SDG,119.97600479904018
2021-10-13,AED,SDG,119.9616122840691
2021-10-14,AED,SDG,119.97600479904018
2021-10-15,AED,SDG,119.97600479904018
2021-10-16,AED,SDG,119.97600479904018
2021-10-17,AED,SDG,119.97600479904018
2021-10-18,AED,SDG,119.97600479904018
2021-10-19,AED,SDG,119.97600479904018
2021-10-20,AED,SDG,119.97600479904018
2021-10-21,AED,SDG,119.97600479904018
2021-10-22,AED,SDG,119.97600479904018
2021-10-23,AED,SDG,119.97600479904018
2021-10-24,AED,SDG,119.97600479904018
2021-10-25,AED,SDG,119.97600479904018
2021-10-26,AED,SDG,119.97600479904018
2021-10-27,AED,SDG,119.97600479904018
2021-10-28,AED,SDG,119.97600479904018
2021-10-29,AED,SDG,119.97600479904018
2021-10-30,AED,SDG,119.97600479904018
2021-10-31,AED,SDG,119.97600479904018
2021-11-01,AED,SDG,119.97600479904018
2021-11-02,AED,SDG,119.97600479904018
2021-11-03,AED,SDG,119.94722322178241
2021-11-04,AED,SDG,119.94722322178241
2021-11-05,AED,SDG,119.94722322178241
2021-11-06,AED,SDG,119.94722322178241
2021-11-07,AED,SDG,119.94722322178241
2021-11-08,AED,SDG,119.41724385001194
2021-11-09,AED,SDG,119.40298507462686
2021-11-10,AED,SDG,119.36022917164001
2021-11-11,AED,SDG,119.36022917164001
2021-11-12,AED,SDG,119.36022917164001
2021-11-13,AED,SDG,119.36022917164001
2021-11-14,AED,SDG,119.36022917164001
2021-11-15,AED,SDG,119.34598400763815
2021-11-16,AED,SDG,119.33174224343675
2021-11-17,AED,SDG,119.33174224343675
2021-11-18,AED,SDG,119.31750387781888
2021-11-19,AED,SDG,119.33174224343675
2021-11-20,AED,SDG,119.33174224343675
2021-11-21,AED,SDG,119.33174224343675
2021-11-22,AED,SDG,119.28903733746868
2021-11-23,AED,SDG,119.27480916030534
2021-11-24,AED,SDG,119.27480916030534
2021-11-25,AED,SDG,119.26058437686345
2021-11-26,AED,SDG,119.27480916030534
2021-11-27,AED,SDG,119.27480916030534
2021-11-28,AED,SDG,119.27480916030534
2021-11-29,AED,SDG,119.26058437686345
2021-11-30,AED,SDG,119.26058437686345
2021-12-01,AED,SDG,119.26058437686345
2021-12-02,AED,SDG,119.26058437686345
2021-12-03,AED,SDG,119.24636298592894
2021-12-04,AED,SDG,119.24636298592894
2021-12-05,AED,SDG,119.24636298592894
2021-12-06,AED,SDG,119.2321449862883
2021-12-07,AED,SDG,119.24636298592894
2021-12-08,AED,SDG,119.2321449862883
2021-12-09,AED,SDG,119.24636298592894
2021-12-10,AED,SDG,119.24636298592894
2021-12-11,AED,SDG,119.24636298592894
2021-12-12,AED,SDG,119.24636298592894
2021-12-13,AED,SDG,119.24636298592894
2021-12-14,AED,SDG,119.2321449862883
2021-12-15,AED,SDG,119.24636298592894
2021-12-16,AED,SDG,119.2321449862883
2021-12-17,AED,SDG,119.2321449862883
2021-12-18,AED,SDG,119.2321449862883
2021-12-19,AED,SDG,119.2321449862883
2021-12-20,AED,SDG,119.24636298592894
2021-12-21,AED,SDG,119.2321449862883
2021-12-22,AED,SDG,119.24636298592894
2021-12-23,AED,SDG,119.24636298592894
2021-12-24,AED,SDG,119.2321449862883
2021-12-25,AED,SDG,119.2321449862883
2021-12-26,AED,SDG,119.2321449862883
2021-12-27,AED,SDG,119.2321449862883
2021-12-28,AED,SDG,119.24636298592894
2021-12-29,AED,SDG,119.24636298592894
2021-12-30,AED,SDG,119.24636298592894
2021-12-31,AED,SDG,119.24636298592894
2022-01-01,AED,SDG,119.24636298592894
2022-01-02,AED,SDG,119.24636298592894
2022-01-03,AED,SDG,119.24636298592894
2022-01-04,AED,SDG,119.24636298592894
2022-01-05,AED,SDG,119.24636298592894
2022-01-06,AED,SDG,119.2321449862883
2022-01-07,AED,SDG,119.2321449862883
2022-01-08,AED,SDG,119.2321449862883
2022-01-09,AED,SDG,119.2321449862883
2022-01-10,AED,SDG,119.24636298592894
2022-01-11,AED,SDG,119.2321449862883
2022-01-12,AED,SDG,119.24636298592894
2022-01-13,AED,SDG,119.2321449862883
2022-01-14,AED,SDG,119.2321449862883
2022-01-15,AED,SDG,119.2321449862883
2022-01-16,AED,SDG,119.2321449862883
2022-01-17,AED,SDG,119.44577161968468
2022-01-18,AED,SDG,119.43150603129105
2022-01-19,AED,SDG,119.44577161968468
2022-01-20,AED,SDG,119.43150603129105
2022-01-21,AED,SDG,119.43150603129105
2022-01-22,AED,SDG,119.43150603129105
2022-01-23,AED,SDG,119.43150603129105
2022-01-24,AED,SDG,119.99040076793857
2022-01-25,AED,SDG,119.97600479904018
2022-01-26,AED,SDG,119.99040076793857
2022-01-27,AED,SDG,119.99040076793857
2022-01-28,AED,SDG,119.97600479904018
2022-01-29,AED,SDG,119.97600479904018
2022-01-30,AED,SDG,119.97600479904018
2022-01-31,AED,SDG,119.97600479904018
2022-02-01,AED,SDG,120.14898474107893
2022-02-02,AED,SDG,120.25012025012025
2022-02-03,AED,SDG,120.33694344163659
2022-02-04,AED,SDG,120.33694344163659
2022-02-05,AED,SDG,120.33694344163659
2022-02-06,AED,SDG,120.33694344163659
2022-02-07,AED,SDG,120.33694344163659
2022-02-08,AED,SDG,120.52549114137639
2022-02-09,AED,SDG,120.52549114137639
2022-02-10,AED,SDG,120.52549114137639
2022-02-11,AED,SDG,120.65637065637065
2022-02-12,AED,SDG,120.65637065637065
2022-02-13,AED,SDG,120.65637065637065
2022-02-14,AED,SDG,120.80212611741966
2022-02-15,AED,SDG,120.962864400629
2022-02-16,AED,SDG,120.962864400629
2022-02-17,AED,SDG,120.962864400629
2022-02-18,AED,SDG,121.06537530266344
2022-02-19,AED,SDG,121.06537530266344
2022-02-20,AED,SDG,121.06537530266344
2022-02-21,AED,SDG,121.08003390240948
2022-02-22,AED,SDG,121.06537530266344
2022-02-23,AED,SDG,121.10936175366355
2022-02-24,AED,SDG,121.09469605231291
2022-02-25,AED,SDG,121.09469605231291
2022-02-26,AED,SDG,121.09469605231291
2022-02-27,AED,SDG,121.09469605231291
2022-02-28,AED,SDG,121.2121212121212
2022-03-01,AED,SDG,121.34449702705982
2022-03-02,AED,SDG,121.50668286755773
2022-03-03,AED,SDG,121.50668286755773
2022-03-04,AED,SDG,121.50668286755773
2022-03-05,AED,SDG,121.50668286755773
2022-03-06,AED,SDG,121.50668286755773
2022-03-07,AED,SDG,121.72854534388314
2022-03-08,AED,SDG,121.44765606023803
2022-03-09,AED,SDG,121.72854534388314
2022-03-10,AED,SDG,121.72854534388314
2022-03-11,AED,SDG,121.72854534388314
2022-03-12,AED,SDG,121.72854534388314
2022-03-13,AED,SDG,121.72854534388314
2022-03-14,AED,SDG,121.72854534388314
2022-03-15,AED,SDG,121.72854534388314
2022-03-16,AED,SDG,121.72854534388314
2022-03-17,AED,SDG,121.72854534388314
2022-03-18,AED,SDG,121.72854534388314
2022-03-19,AED,SDG,121.72854534388314
2022-03-20,AED,SDG,121.72854534388314
2022-03-21,AED,SDG,121.89176011701609
2022-03-22,AED,SDG,121.72854534388314
2022-03-23,AED,SDG,121.72854534388314
2022-03-24,AED,SDG,121.72854534388314
2022-03-25,AED,SDG,121.72854534388314
2022-03-26,AED,SDG,121.72854534388314
2022-03-27,AED,SDG,121.72854534388314
2022-03-28,AED,SDG,121.72854534388314
2022-03-29,AED,SDG,121.72854534388314
2022-03-30,AED,SDG,121.72854534388314
2022-03-31,AED,SDG,121.72854534388314
2022-04-01,AED,SDG,121.72854534388314
2022-04-02,AED,SDG,121.72854534388314
2022-04-03,AED,SDG,121.72854534388314
2022-04-04,AED,SDG,121.72854534388314
2022-04-05,AED,SDG,121.71372930866603
2022-04-06,AED,SDG,121.71372930866603
2022-04-07,AED,SDG,121.71372930866603
2022-04-08,AED,SDG,121.71372930866603
2022-04-09,AED,SDG,121.71372930866603
2022-04-10,AED,SDG,121.71372930866603
2022-04-11,AED,SDG,121.71372930866603
2022-04-12,AED,SDG,121.69891687963977
2022-04-13,AED,SDG,121.69891687963977
2022-04-14,AED,SDG,121.68410805548795
2022-04-15,AED,SDG,121.68410805548795
2022-04-16,AED,SDG,121.68410805548795
2022-04-17,AED,SDG,121.68410805548795
2022-04-18,AED,SDG,121.68410805548795
2022-04-19,AED,SDG,121.68410805548795
2022-04-20,AED,SDG,121.66930283489475
2022-04-21,AED,SDG,121.65450121654501
2022-04-22,AED,SDG,121.65450121654501
2022-04-23,AED,SDG,121.65450121654501
2022-04-24,AED,SDG,121.65450121654501
2022-04-25,AED,SDG,121.65450121654501
2022-04-26,AED,SDG,121.63970319912421
2022-04-27,AED,SDG,121.63970319912421
2022-04-28,AED,SDG,121.63970319912421
2022-04-29,AED,SDG,121.63970319912421
2022-04-30,AED,SDG,121.63970319912421
2022-05-01,AED,SDG,121.63970319912421
2022-05-02,AED,SDG,121.62490878131841
2022-05-03,AED,SDG,121.62490878131841
2022-05-04,AED,SDG,121.62490878131841
2022-05-05,AED,SDG,122.18963831867057
2022-05-06,AED,SDG,122.18963831867057
2022-05-07,AED,SDG,122.18963831867057
2022-05-08,AED,SDG,122.18963831867057
2022-05-09,AED,SDG,122.18963831867057
2022-05-10,AED,SDG,122.18963831867057
2022-05-11,AED,SDG,122.17470983506415
2022-05-12,AED,SDG,122.17470983506415
2022-05-13,AED,SDG,123.53304508956145
2022-05-14,AED,SDG,123.53304508956145
2022-05-15,AED,SDG,123.53304508956145
2022-05-16,AED,SDG,123.53304508956145
2022-05-17,AED,SDG,123.53304508956145
2022-05-18,AED,SDG,123.53304508956145
2022-05-19,AED,SDG,123.53304508956145
2022-05-20,AED,SDG,121.68410805548795
2022-05-21,AED,SDG,121.68410805548795
2022-05-22,AED,SDG,121.68410805548795
2022-05-23,AED,SDG,121.68410805548795
2022-05-24,AED,SDG,121.68410805548795
2022-05-25,AED,SDG,121.66930283489475
2022-05-26,AED,SDG,121.66930283489475
2022-05-27,AED,SDG,121.66930283489475
2022-05-28,AED,SDG,121.66930283489475
2022-05-29,AED,SDG,121.66930283489475
2022-05-30,AED,SDG,121.66930283489475
2022-05-31,AED,SDG,121.66930283489475
2022-06-01,AED,SDG,121.66930283489475
2022-06-02,AED,SDG,121.66930283489475
2022-06-03,AED,SDG,121.66930283489475
2022-06-04,AED,SDG,121.66930283489475
2022-06-05,AED,SDG,121.66930283489475
2022-06-06,AED,SDG,121.65450121654501
2022-06-07,AED,SDG,121.65450121654501
2022-06-08,AED,SDG,121.65450121654501
2022-06-09,AED,SDG,121.65450121654501
2022-06-10,AED,SDG,121.65450121654501
2022-06-11,AED,SDG,121.65450121654501
2022-06-12,AED,SDG,121.65450121654501
2022-06-13,AED,SDG,155.2312946289972
2022-06-14,AED,SDG,154.41630636195183
2022-06-15,AED,SDG,155.2312946289972
2022-06-16,AED,SDG,155.2312946289972
2022-06-17,AED,SDG,155.2312946289972
2022-06-18,AED,SDG,155.2312946289972
2022-06-19,AED,SDG,155.2312946289972
2022-06-20,AED,SDG,155.11090429657204
2022-06-21,AED,SDG,155.11090429657204
2022-06-22,AED,SDG,154.8467017652524
2022-06-23,AED,SDG,154.2971763616726
2022-06-24,AED,SDG,154.2971763616726
2022-06-25,AED,SDG,154.2971763616726
2022-06-26,AED,SDG,154.2971763616726
2022-06-27,AED,SDG,154.41630636195183
2022-06-28,AED,SDG,154.44015444015443
2022-06-29,AED,SDG,154.65511908444168
2022-06-30,AED,SDG,154.63120457708365
2022-07-01,AED,SDG,154.4878727019929
2022-07-02,AED,SDG,154.4878727019929
2022-07-03,AED,SDG,154.4878727019929
2022-07-04,AED,SDG,154.96668216333487
2022-07-05,AED,SDG,154.4878727019929
2022-07-06,AED,SDG,154.4878727019929
2022-07-07,AED,SDG,154.67904098994586
2022-07-08,AED,SDG,154.63120457708365
2022-07-09,AED,SDG,154.63120457708365
2022-07-10,AED,SDG,154.63120457708365
2022-07-11,AED,SDG,154.82272797646695
2022-07-12,AED,SDG,154.79876160990713
2022-07-13,AED,SDG,154.22578655151142
2022-07-14,AED,SDG,154.22578655151142
2022-07-15,AED,SDG,154.3448062972681
2022-07-16,AED,SDG,154.3448062972681
2022-07-17,AED,SDG,154.3448062972681
2022-07-18,AED,SDG,154.320987654321
2022-07-19,AED,SDG,154.3448062972681
2022-07-20,AED,SDG,154.3448062972681
2022-07-21,AED,SDG,154.320987654321
2022-07-22,AED,SDG,154.36863229391787
2022-07-23,AED,SDG,154.36863229391787
2022-07-24,AED,SDG,154.36863229391787
2022-07-25,AED,SDG,154.5595054095827
2022-07-26,AED,SDG,154.3448062972681
2022-07-27,AED,SDG,154.320987654321
2022-07-28,AED,SDG,154.2971763616726
2022-07-29,AED,SDG,154.320987654321
2022-07-30,AED,SDG,154.320987654321
2022-07-31,AED,SDG,154.320987654321
2022-08-01,AED,SDG,154.2971763616726
2022-08-02,AED,SDG,154.2971763616726
2022-08-03,AED,SDG,154.3448062972681
2022-08-04,AED,SDG,154.320987654321
2022-08-05,AED,SDG,154.36863229391787
2022-08-06,AED,SDG,154.36863229391787
2022-08-07,AED,SDG,154.36863229391787
2022-08-08,AED,SDG,154.3924656476764
2022-08-09,AED,SDG,154.3448062972681
2022-08-10,AED,SDG,154.320987654321
2022-08-11,AED,SDG,154.320987654321
2022-08-12,AED,SDG,154.36863229391787
2022-08-13,AED,SDG,154.36863229391787
2022-08-14,AED,SDG,154.36863229391787
2022-08-15,AED,SDG,154.3448062972681
2022-08-16,AED,SDG,154.320987654321
2022-08-17,AED,SDG,154.320987654321
2022-08-18,AED,SDG,154.320987654321
2022-08-19,AED,SDG,154.3448062972681
2022-08-20,AED,SDG,154.3448062972681
2022-08-21,AED,SDG,154.3448062972681
2022-08-22,AED,SDG,154.36863229391787
2022-08-23,AED,SDG,154.3448062972681
2022-08-24,AED,SDG,154.36863229391787
2022-08-25,AED,SDG,154.36863229391787
2022-08-26,AED,SDG,154.36863229391787
2022-08-27,AED,SDG,154.36863229391787
2022-08-28,AED,SDG,154.36863229391787
2022-08-29,AED,SDG,154.36863229391787
2022-08-30,AED,SDG,154.36863229391787
2022-08-31,AED,SDG,154.36863229391787
2022-09-01,AED,SDG,154.3448062972681
2022-09-02,AED,SDG,154.3448062972681
2022-09-03,AED,SDG,154.3448062972681
2022-09-04,AED,SDG,154.3448062972681
2022-09-05,AED,SDG,154.3448062972681
2022-09-06,AED,SDG,154.36863229391787
2022-09-07,AED,SDG,157.52993068683048
2022-09-08,AED,SDG,154.36863229391787
2022-09-09,AED,SDG,154.3448062972681
2022-09-10,AED,SDG,154.3448062972681
2022-09-11,AED,SDG,154.3448062972681
2022-09-12,AED,SDG,154.3448062972681
2022-09-13,AED,SDG,154.3448062972681
2022-09-14,AED,SDG,154.320987654321
2022-09-15,AED,SDG,154.3448062972681
2022-09-16,AED,SDG,154.320987654321
2022-09-17,AED,SDG,154.320987654321
2022-09-18,AED,SDG,154.320987654321
2022-09-19,AED,SDG,154.320987654321
2022-09-20,AED,SDG,154.320987654321
2022-09-21,AED,SDG,157.15857300015716
2022-09-22,AED,SDG,154.3448062972681
2022-09-23,AED,SDG,154.36863229391787
2022-09-24,AED,SDG,154.36863229391787
2022-09-25,AED,SDG,154.36863229391787
2022-09-26,AED,SDG,154.3448062972681
2022-09-27,AED,SDG,154.3448062972681
2022-09-28,AED,SDG,154.3448062972681
2022-09-29,AED,SDG,154.3691490810075
2022-09-30,AED,SDG,154.3419196732471
2022-10-01,AED,SDG,154.3419196732471
2022-10-02,AED,SDG,154.3419196732471
2022-10-03,AED,SDG,154.3448062972681
2022-10-04,AED,SDG,154.3448062972681
2022-10-05,AED,SDG,154.3448062972681
2022-10-06,AED,SDG,154.3448062972681
2022-10-07,AED,SDG,154.36863229391787
2022-10-08,AED,SDG,154.36863229391787
2022-10-09,AED,SDG,154.36863229391787
2022-10-10,AED,SDG,154.3448062972681
2022-10-11,AED,SDG,154.320987654321
2022-10-12,AED,SDG,154.24957581366652
2022-10-13,AED,SDG,154.3448062972681
2022-10-14,AED,SDG,154.320987654321
2022-10-15,AED,SDG,154.320987654321
2022-10-16,AED,SDG,154.320987654321
2022-10-17,AED,SDG,154.320987654321
2022-10-18,AED,SDG,154.36863229391787
2022-10-19,AED,SDG,154.3448062972681
2022-10-20,AED,SDG,154.53562046051616
2022-10-21,AED,SDG,154.3448062972681
2022-10-22,AED,SDG,154.3448062972681
2022-10-23,AED,SDG,154.3448062972681
2022-10-24,AED,SDG,154.36863229391787
2022-10-25,AED,SDG,154.3448062972681
2022-10-26,AED,SDG,154.320987654321
2022-10-27,AED,SDG,154.320987654321
2022-10-28,AED,SDG,154.36863229391787
2022-10-29,AED,SDG,154.36863229391787
2022-10-30,AED,SDG,154.36863229391787
2022-10-31,AED,SDG,154.3448062972681
2022-11-01,AED,SDG,154.3448062972681
2022-11-02,AED,SDG,158.10276679841897
2022-11-03,AED,SDG,154.36863229391787
2022-11-04,AED,SDG,154.3448062972681
2022-11-05,AED,SDG,154.3448062972681
2022-11-06,AED,SDG,154.3448062972681
2022-11-07,AED,SDG,154.3448062972681
2022-11-08,AED,SDG,154.3448062972681
2022-11-09,AED,SDG,157.70383220312252
2022-11-10,AED,SDG,154.3448062972681
2022-11-11,AED,SDG,154.320987654321
2022-11-12,AED,SDG,154.320987654321
2022-11-13,AED,SDG,154.320987654321
2022-11-14,AED,SDG,154.3448062972681
2022-11-15,AED,SDG,154.320987654321
2022-11-16,AED,SDG,154.3448062972681
2022-11-17,AED,SDG,154.320987654321
2022-11-18,AED,SDG,154.320987654321
2022-11-19,AED,SDG,154.320987654321
2022-11-20,AED,SDG,154.320987654321
2022-11-21,AED,SDG,154.3448062972681
2022-11-22,AED,SDG,154.3448062972681
2022-11-23,AED,SDG,154.320987654321
2022-11-24,AED,SDG,154.3448062972681
2022-11-25,AED,SDG,154.3448062972681
2022-11-26,AED,SDG,154.3448062972681
2022-11-27,AED,SDG,154.3448062972681
2022-11-28,AED,SDG,154.320987654321
2022-11-29,AED,SDG,154.320987654321
2022-11-30,AED,SDG,154.3448062972681
2022-12-01,AED,SDG,154.3448062972681
2022-12-02,AED,SDG,154.36863229391787
2022-12-03,AED,SDG,154.36863229391787
2022-12-04,AED,SDG,154.36863229391787
2022-12-05,AED,SDG,154.3448062972681
2022-12-06,AED,SDG,154.3448062972681
2022-12-07,AED,SDG,154.36863229391787
2022-12-08,AED,SDG,154.3448062972681
2022-12-09,AED,SDG,154.320987654321
2022-12-10,AED,SDG,154.320987654321
2022-12-11,AED,SDG,154.320987654321
2022-12-12,AED,SDG,154.320987654321
2022-12-13,AED,SDG,154.3448062972681
2022-12-14,AED,SDG,154.3448062972681
2022-12-15,AED,SDG,154.3448062972681
2022-12-16,AED,SDG,154.36863229391787
2022-12-17,AED,SDG,154.36863229391787
2022-12-18,AED,SDG,154.36863229391787
2022-12-19,AED,SDG,154.36863229391787
2022-12-20,AED,SDG,154.3448062972681
2022-12-21,AED,SDG,154.320987654321
2022-12-22,AED,SDG,154.3448062972681
2022-12-23,AED,SDG,154.36863229391787
2022-12-24,AED,SDG,154.36863229391787
2022-12-25,AED,SDG,154.36863229391787
2022-12-26,AED,SDG,154.3448062972681
2022-12-27,AED,SDG,157.70383220312252
2022-12-28,AED,SDG,157.70383220312252
2022-12-29,AED,SDG,154.3448062972681
2022-12-30,AED,SDG,154.3448062972681
2022-12-31,AED,SDG,154.3448062972681
2023-01-01,AED,SDG,154.3448062972681
2023-01-02,AED,SDG,154.320987654321
2023-01-03,AED,SDG,154.320987654321
2023-01-04,AED,SDG,154.3448062972681
2023-01-05,AED,SDG,154.320987654321
2023-01-06,AED,SDG,154.3448062972681
2023-01-07,AED,SDG,154.3448062972681
2023-01-08,AED,SDG,154.3448062972681
2023-01-09,AED,SDG,154.320987654321
2023-01-10,AED,SDG,154.36863229391787
2023-01-11,AED,SDG,154.3448062972681
2023-01-12,AED,SDG,154.36863229391787
2023-01-13,AED,SDG,154.3448062972681
2023-01-14,AED,SDG,154.3448062972681
2023-01-15,AED,SDG,154.3448062972681
2023-01-16,AED,SDG,154.3448062972681
2023-01-17,AED,SDG,154.320987654321
2023-01-18,AED,SDG,154.3448062972681
2023-01-19,AED,SDG,154.320987654321
2023-01-20,AED,SDG,154.3448062972681
2023-01-21,AED,SDG,154.3448062972681
2023-01-22,AED,SDG,154.3448062972681
2023-01-23,AED,SDG,154.320987654321
2023-01-24,AED,SDG,154.320987654321
2023-01-25,AED,SDG,154.320987654321
2023-01-26,AED,SDG,154.320987654321
2023-01-27,AED,SDG,154.320987654321
2023-01-28,AED,SDG,154.320987654321
2023-01-29,AED,SDG,154.320987654321
2023-01-30,AED,SDG,154.3448062972681
2023-01-31,AED,SDG,154.3448062972681
2023-02-01,AED,SDG,154.320987654321
2023-02-02,AED,SDG,154.3448062972681
2023-02-03,AED,SDG,154.36863229391787
2023-02-04,AED,SDG,154.36863229391787
2023-02-05,AED,SDG,154.36863229391787
2023-02-06,AED,SDG,154.3448062972681
2023-02-07,AED,SDG,154.3448062972681
2023-02-08,AED,SDG,154.3448062972681
2023-02-09,AED,SDG,154.320987654321
2023-02-10,AED,SDG,154.3448062972681
2023-02-11,AED,SDG,154.3448062972681
2023-02-12,AED,SDG,154.3448062972681
2023-02-13,AED,SDG,154.3448062972681
2023-02-14,AED,SDG,154.3448062972681
2023-02-15,AED,SDG,154.36863229391787
2023-02-16,AED,SDG,154.36863229391787
2023-02-17,AED,SDG,154.3448062972681
2023-02-18,AED,SDG,154.3448062972681
2023-02-19,AED,SDG,154.3448062972681
2023-02-20,AED,SDG,154.320987654321
2023-02-21,AED,SDG,154.320987654321
2023-02-22,AED,SDG,154.3448062972681
2023-02-23,AED,SDG,154.36863229391787
2023-02-24,AED,SDG,154.3448062972681
2023-02-25,AED,SDG,154.3448062972681
2023-02-26,AED,SDG,154.3448062972681
2023-02-27,AED,SDG,160.97875080489376
2023-02-28,AED,SDG,154.3448062972681
2023-03-01,AED,SDG,154.36863229391787
2023-03-02,AED,SDG,154.3448062972681
2023-03-03,AED,SDG,154.36863229391787
2023-03-04,AED,SDG,154.36863229391787
2023-03-05,AED,SDG,154.36863229391787
2023-03-06,AED,SDG,154.3448062972681
2023-03-07,AED,SDG,154.3448062972681
2023-03-08,AED,SDG,154.3448062972681
2023-03-09,AED,SDG,154.320987654321
2023-03-10,AED,SDG,154.36863229391787
2023-03-11,AED,SDG,154.36863229391787
2023-03-12,AED,SDG,154.36863229391787
2023-03-13,AED,SDG,154.36863229391787
2023-03-14,AED,SDG,154.3448062972681
2023-03-15,AED,SDG,161.65535079211122
2023-03-16,AED,SDG,154.320987654321
2023-03-17,AED,SDG,154.320987654321
2023-03-18,AED,SDG,154.320987654321
2023-03-19,AED,SDG,154.320987654321
2023-03-20,AED,SDG,154.320987654321
2023-03-21,AED,SDG,154.320987654321
2023-03-22,AED,SDG,154.36863229391787
2023-03-23,AED,SDG,154.36863229391787
2023-03-24,AED,SDG,154.320987654321
2023-03-25,AED,SDG,154.320987654321
2023-03-26,AED,SDG,154.320987654321
2023-03-27,AED,SDG,154.3448062972681
2023-03-28,AED,SDG,154.36863229391787
2023-03-29,AED,SDG,154.36863229391787
2023-03-30,AED,SDG,154.3448062972681
2023-03-31,AED,SDG,154.3448062972681
2023-04-01,AED,SDG,154.3448062972681
2023-04-02,AED,SDG,154.3448062972681
2023-04-03,AED,SDG,154.3448062972681
2023-04-04,AED,SDG,162.49593760155997
2023-04-05,AED,SDG,154.320987654321
2023-04-06,AED,SDG,154.320987654321
2023-04-07,AED,SDG,154.3448062972681
2023-04-08,AED,SDG,154.3448062972681
2023-04-09,AED,SDG,154.3448062972681
2023-04-10,AED,SDG,154.320987654321
2023-04-11,AED,SDG,154.320987654321
2023-04-12,AED,SDG,154.320987654321
2023-04-13,AED,SDG,154.320987654321
2023-04-14,AED,SDG,154.36863229391787
2023-04-15,AED,SDG,154.36863229391787
2023-04-16,AED,SDG,154.36863229391787
2023-04-17,AED,SDG,154.3448062972681
2023-04-18,AED,SDG,154.3448062972681
2023-04-19,AED,SDG,154.320987654321
2023-04-20,AED,SDG,154.320987654321
2023-04-21,AED,SDG,154.320987654321
2023-04-22,AED,SDG,154.320987654321
2023-04-23,AED,SDG,154.320987654321
2023-04-24,AED,SDG,154.320987654321
2023-04-25,AED,SDG,154.3448062972681
2023-04-26,AED,SDG,154.36863229391787
2023-04-27,AED,SDG,154.3448062972681
2023-04-28,AED,SDG,163.26530612244898
2023-04-29,AED,SDG,163.26530612244898
2023-04-30,AED,SDG,163.26530612244898
2023-05-01,AED,SDG,163.31863465621427
2023-05-02,AED,SDG,163.3453119895459
2023-05-03,AED,SDG,163.37199803953604
2023-05-04,AED,SDG,163.50555918901242
2023-05-05,AED,SDG,163.5322976287817
2023-05-06,AED,SDG,163.5322976287817
2023-05-07,AED,SDG,163.5322976287817
2023-05-08,AED,SDG,163.5322976287817
2023-05-09,AED,SDG,163.58580075249466
2023-05-10,AED,SDG,163.63933889707084
2023-05-11,AED,SDG,163.61256544502618
2023-05-12,AED,SDG,163.6929120969062
2023-05-13,AED,SDG,163.6929120969062
2023-05-14,AED,SDG,163.6929120969062
2023-05-15,AED,SDG,163.71971185330713
2023-05-16,AED,SDG,163.6929120969062
2023-05-17,AED,SDG,163.6929120969062
2023-05-18,AED,SDG,163.77333770062233
2023-05-19,AED,SDG,163.63933889707084
2023-05-20,AED,SDG,163.63933889707084
2023-05-21,AED,SDG,163.63933889707084
2023-05-22,AED,SDG,163.8001638001638
2023-05-23,AED,SDG,163.8001638001638
2023-05-24,AED,SDG,163.77333770062233
2023-05-25,AED,SDG,163.8001638001638
2023-05-26,AED,SDG,163.77333770062233
2023-05-27,AED,SDG,163.77333770062233
2023-05-28,AED,SDG,163.77333770062233
2023-05-29,AED,SDG,163.77333770062233
2023-05-30,AED,SDG,163.8001638001638
2023-05-31,AED,SDG,163.8001638001638
2023-06-01,AED,SDG,163.8001638001638
2023-06-02,AED,SDG,163.8001638001638
2023-06-03,AED,SDG,163.8001638001638
2023-06-04,AED,SDG,163.8001638001638
2023-06-05,AED,SDG,163.77333770062233
2023-06-06,AED,SDG,163.7465203864418
2023-06-07,AED,SDG,163.77333770062233
2023-06-08,AED,SDG,163.7465203864418
2023-06-09,AED,SDG,163.77333770062233
2023-06-10,AED,SDG,163.77333770062233
2023-06-11,AED,SDG,163.77333770062233
2023-06-12,AED,SDG,163.77333770062233
2023-06-13,AED,SDG,163.77333770062233
2023-06-14,AED,SDG,163.8001638001638
2023-06-15,AED,SDG,163.77333770062233
2023-06-16,AED,SDG,163.77333770062233
2023-06-17,AED,SDG,163.77333770062233
2023-06-18,AED,SDG,163.77333770062233
2023-06-19,AED,SDG,163.77333770062233
2023-06-20,AED,SDG,163.77333770062233
2023-06-21,AED,SDG,163.63933889707084
2023-06-22,AED,SDG,163.77333770062233
2023-06-23,AED,SDG,163.63933889707084
2023-06-24,AED,SDG,163.63933889707084
2023-06-25,AED,SDG,163.63933889707084
2023-06-26,AED,SDG,163.63933889707084
2023-06-27,AED,SDG,163.77333770062233
2023-06-28,AED,SDG,163.77333770062233
2023-06-29,AED,SDG,163.77333770062233
2023-06-30,AED,SDG,163.77333770062233
2023-07-01,AED,SDG,163.77333770062233
2023-07-02,AED,SDG,163.77333770062233
2023-07-03,AED,SDG,163.77333770062233
2023-07-04,AED,SDG,163.63933889707084
2023-07-05,AED,SDG,163.58580075249466
2023-07-06,AED,SDG,163.58580075249466
2023-07-07,AED,SDG,163.58580075249466
2023-07-08,AED,SDG,163.58580075249466
2023-07-09,AED,SDG,163.58580075249466
2023-07-10,AED,SDG,163.58580075249466
2023-07-11,AED,SDG,163.63933889707084
2023-07-12,AED,SDG,163.63933889707084
2023-07-13,AED,SDG,163.6929120969062
2023-07-14,AED,SDG,163.63933889707084
2023-07-15,AED,SDG,163.63933889707084
2023-07-16,AED,SDG,163.63933889707084
2023-07-17,AED,SDG,163.71971185330713
2023-07-18,AED,SDG,163.77333770062233
2023-07-19,AED,SDG,163.77333770062233
2023-07-20,AED,SDG,163.77333770062233
2023-07-21,AED,SDG,163.77333770062233
2023-07-22,AED,SDG,163.77333770062233
2023-07-23,AED,SDG,163.77333770062233
2023-07-24,AED,SDG,163.8001638001638
2023-07-25,AED,SDG,163.77333770062233
2023-07-26,AED,SDG,163.77333770062233
2023-07-27,AED,SDG,163.77333770062233
2023-07-28,AED,SDG,163.77333770062233
2023-07-29,AED,SDG,163.77333770062233
2023-07-30,AED,SDG,163.77333770062233
2023-07-31,AED,SDG,163.77333770062233
2023-08-01,AED,SDG,163.8001638001638
2023-08-02,AED,SDG,163.77333770062233
2023-08-03,AED,SDG,163.8001638001638
2023-08-04,AED,SDG,163.77333770062233
2023-08-05,AED,SDG,163.77333770062233
2023-08-06,AED,SDG,163.77333770062233
2023-08-07,AED,SDG,163.8001638001638
2023-08-08,AED,SDG,163.77333770062233
2023-08-09,AED,SDG,163.8001638001638
2023-08-10,AED,SDG,163.77333770062233
2023-08-11,AED,SDG,163.7465203864418
2023-08-12,AED,SDG,163.7465203864418
2023-08-13,AED,SDG,163.7465203864418
2023-08-14,AED,SDG,163.77333770062233
2023-08-15,AED,SDG,163.77333770062233
2023-08-16,AED,SDG,163.8001638001638
2023-08-17,AED,SDG,163.63933889707084
2023-08-18,AED,SDG,163.77333770062233
2023-08-19,AED,SDG,163.77333770062233
2023-08-20,AED,SDG,163.77333770062233
2023-08-21,AED,SDG,163.77333770062233
2023-08-22,AED,SDG,163.7465203864418
2023-08-23,AED,SDG,163.77333770062233
2023-08-24,AED,SDG,163.77333770062233
2023-08-25,AED,SDG,163.8001638001638
2023-08-26,AED,SDG,163.8001638001638
2023-08-27,AED,SDG,163.8001638001638
2023-08-28,AED,SDG,163.8001638001638
2023-08-29,AED,SDG,154.5117428924598
2023-08-30,AED,SDG,154.5117428924598
2023-08-31,AED,SDG,163.3453119895459
2023-09-01,AED,SDG,163.31863465621427
2023-09-02,AED,SDG,163.31863465621427
2023-09-03,AED,SDG,163.31863465621427
2023-09-04,AED,SDG,163.31863465621427
2023-09-05,AED,SDG,163.31863465621427
2023-09-06,AED,SDG,163.31863465621427
2023-09-07,AED,SDG,163.3453119895459
2023-09-08,AED,SDG,163.3453119895459
2023-09-09,AED,SDG,163.3453119895459
2023-09-10,AED,SDG,163.3453119895459
2023-09-11,AED,SDG,163.37199803953604
2023-09-12,AED,SDG,163.37199803953604
2023-09-13,AED,SDG,163.37199803953604
2023-09-14,AED,SDG,163.37199803953604
2023-09-15,AED,SDG,163.3453119895459
2023-09-16,AED,SDG,163.3453119895459
2023-09-17,AED,SDG,163.3453119895459
2023-09-18,AED,SDG,163.3453119895459
2023-09-19,AED,SDG,163.3453119895459
2023-09-20,AED,SDG,163.3453119895459
2023-09-21,AED,SDG,163.3453119895459
2023-09-22,AED,SDG,163.3453119895459
2023-09-23,AED,SDG,163.3453119895459
2023-09-24,AED,SDG,163.3453119895459
2023-09-25,AED,SDG,163.3453119895459
2023-09-26,AED,SDG,163.3453119895459
2023-09-27,AED,SDG,163.3453119895459
2023-09-28,AED,SDG,163.3453119895459
2023-09-29,AED,SDG,163.3453119895459
2023-09-30,AED,SDG,163.3453119895459
2023-10-01,AED,SDG,163.3453119895459
2023-10-02,AED,SDG,163.3453119895459
2023-10-03,AED,SDG,163.3453119895459
2023-10-04,AED,SDG,163.3453119895459
2023-10-05,AED,SDG,163.3453119895459
2023-10-06,AED,SDG,163.31863465621427
2023-10-07,AED,SDG,163.31863465621427
2023-10-08,AED,SDG,163.31863465621427
2023-10-09,AED,SDG,163.31863465621427
2023-10-10,AED,SDG,163.3453119895459
2023-10-11,AED,SDG,163.37199803953604
2023-10-12,AED,SDG,163.3453119895459
2023-10-13,AED,SDG,163.37199803953604
2023-10-14,AED,SDG,163.37199803953604
2023-10-15,AED,SDG,163.37199803953604
2023-10-16,AED,SDG,163.37199803953604
2023-10-17,AED,SDG,163.42539630658604
2023-10-18,AED,SDG,163.42539630658604
2023-10-19,AED,SDG,163.45210853220007
2023-10-20,AED,SDG,163.45210853220007
2023-10-21,AED,SDG,163.45210853220007
2023-10-22,AED,SDG,163.45210853220007
2023-10-23,AED,SDG,163.45210853220007
2023-10-24,AED,SDG,163.45210853220007
2023-10-25,AED,SDG,163.45210853220007
2023-10-26,AED,SDG,163.45210853220007
2023-10-27,AED,SDG,163.45210853220007
2023-10-28,AED,SDG,163.45210853220007
2023-10-29,AED,SDG,163.45210853220007
2023-10-30,AED,SDG,163.45210853220007
2023-10-31,AED,SDG,163.45210853220007
2023-11-01,AED,SDG,163.45210853220007
2023-11-02,AED,SDG,163.45210853220007
2023-11-03,AED,SDG,163.45210853220007
2023-11-04,AED,SDG,163.45210853220007
2023-11-05,AED,SDG,163.45210853220007
2023-11-06,AED,SDG,163.45210853220007
2023-11-07,AED,SDG,163.45210853220007
2023-11-08,AED,SDG,163.45210853220007
2023-11-09,AED,SDG,163.45210853220007
2023-11-10,AED,SDG,163.45210853220007
2023-11-11,AED,SDG,163.45210853220007
2023-11-12,AED,SDG,163.45210853220007
2023-11-13,AED,SDG,163.45210853220007
2023-11-14,AED,SDG,163.45210853220007
2023-11-15,AED,SDG,163.45210853220007
2023-11-16,AED,SDG,163.45210853220007
2023-11-17,AED,SDG,163.47882949158083
2023-11-18,AED,SDG,163.47882949158083
2023-11-19,AED,SDG,163.47882949158083
2023-11-20,AED,SDG,163.47882949158083
2023-11-21,AED,SDG,163.47882949158083
2023-11-22,AED,SDG,163.47882949158083
2023-11-23,AED,SDG,163.47882949158083
2023-11-24,AED,SDG,163.47882949158083
2023-11-25,AED,SDG,163.47882949158083
2023-11-26,AED,SDG,163.47882949158083
2023-11-27,AED,SDG,163.50555918901242
2023-11-28,AED,SDG,163.47882949158083
2023-11-29,AED,SDG,163.47882949158083
2023-11-30,AED,SDG,163.47882949158083
2023-12-01,AED,SDG,163.47882949158083
2023-12-02,AED,SDG,163.47882949158083
2023-12-03,AED,SDG,163.47882949158083
2023-12-04,AED,SDG,163.47882949158083
2023-12-05,AED,SDG,163.47882949158083
2023-12-06,AED,SDG,163.47882949158083
2023-12-07,AED,SDG,163.47882949158083
2023-12-08,AED,SDG,163.50555918901242
2023-12-09,AED,SDG,163.50555918901242
2023-12-10,AED,SDG,163.50555918901242
2023-12-11,AED,SDG,163.50555918901242
2023-12-12,AED,SDG,163.50555918901242
2023-12-13,AED,SDG,163.50555918901242
2023-12-14,AED,SDG,163.50555918901242
2023-12-15,AED,SDG,163.5322976287817
2023-12-16,AED,SDG,163.5322976287817
2023-12-17,AED,SDG,163.5322976287817
2023-12-18,AED,SDG,163.50555918901242
2023-12-19,AED,SDG,163.50555918901242
2023-12-20,AED,SDG,163.50555918901242
2023-12-21,AED,SDG,163.50555918901242
2023-12-22,AED,SDG,163.50555918901242
2023-12-23,AED,SDG,163.50555918901242
2023-12-24,AED,SDG,163.50555918901242
2023-12-25,AED,SDG,163.50555918901242
2023-12-26,AED,SDG,163.50555918901242
2023-12-27,AED,SDG,163.50555918901242
2023-12-28,AED,SDG,163.47882949158083
2023-12-29,AED,SDG,163.47882949158083
2023-12-30,AED,SDG,163.47882949158083
2023-12-31,AED,SDG,163.47882949158083
2024-01-01,AED,SDG,163.47882949158083
2024-01-02,AED,SDG,163.47882949158083
2024-01-03,AED,SDG,163.50555918901242
2024-01-04,AED,SDG,163.50555918901242
2024-01-05,AED,SDG,163.50555918901242
2024-01-06,AED,SDG,163.50555918901242
2024-01-07,AED,SDG,163.50555918901242
2024-01-08,AED,SDG,163.50555918901242
2024-01-09,AED,SDG,163.50555918901242
2024-01-10,AED,SDG,163.50555918901242
2024-01-11,AED,SDG,163.47882949158083
2024-01-12,AED,SDG,163.47882949158083
2024-01-13,AED,SDG,163.47882949158083
2024-01-14,AED,SDG,163.47882949158083
2024-01-15,AED,SDG,163.50555918901242
2024-01-16,AED,SDG,163.50555918901242
2024-01-17,AED,SDG,163.50555918901242
2024-01-18,AED,SDG,163.50555918901242
2024-01-19,AED,SDG,163.50555918901242
2024-01-20,AED,SDG,163.50555918901242
2024-01-21,AED,SDG,163.50555918901242
2024-01-22,AED,SDG,163.50555918901242
2024-01-23,AED,SDG,163.39869281045753
2024-01-24,AED,SDG,163.39869281045753
2024-01-25,AED,SDG,163.42539630658604
2024-01-26,AED,SDG,163.45210853220007
2024-01-27,AED,SDG,163.45210853220007
2024-01-28,AED,SDG,163.45210853220007
2024-01-29,AED,SDG,163.45210853220007
2024-01-30,AED,SDG,163.45210853220007
2024-01-31,AED,SDG,163.45210853220007
2024-02-01,AED,SDG,163.45210853220007
2024-02-02,AED,SDG,163.47882949158083
2024-02-03,AED,SDG,163.47882949158083
2024-02-04,AED,SDG,163.47882949158083
2024-02-05,AED,SDG,163.50555918901242
2024-02-06,AED,SDG,163.47882949158083
2024-02-07,AED,SDG,163.50555918901242
2024-02-08,AED,SDG,163.50555918901242
2024-02-09,AED,SDG,163.50555918901242
2024-02-10,AED,SDG,163.50555918901242
2024-02-11,AED,SDG,163.50555918901242
2024-02-12,AED,SDG,163.47882949158083
2024-02-13,AED,SDG,163.47882949158083
2024-02-14,AED,SDG,163.47882949158083
2024-02-15,AED,SDG,163.50555918901242
2024-02-16,AED,SDG,163.50555918901242
2024-02-17,AED,SDG,163.50555918901242
2024-02-18,AED,SDG,163.50555918901242
2024-02-19,AED,SDG,163.50555918901242
2024-02-20,AED,SDG,163.50555918901242
2024-02-21,AED,SDG,163.50555918901242
2024-02-22,AED,SDG,163.50555918901242
2024-02-23,AED,SDG,163.50555918901242
2024-02-24,AED,SDG,163.50555918901242
2024-02-25,AED,SDG,163.50555918901242
2024-02-26,AED,SDG,163.50555918901242
2024-02-27,AED,SDG,163.50555918901242
2024-02-28,AED,SDG,163.50555918901242
2024-02-29,AED,SDG,163.50555918901242
2024-03-01,AED,SDG,163.50555918901242
2024-03-02,AED,SDG,163.50555918901242
2024-03-03,AED,SDG,163.50555918901242
2024-03-04,AED,SDG,163.50555918901242
2024-03-05,AED,SDG,163.50555918901242
2024-03-06,AED,SDG,163.50555918901242
2024-03-07,AED,SDG,163.50555918901242
2024-03-08,AED,SDG,163.47882949158083
2024-03-09,AED,SDG,163.47882949158083
2024-03-10,AED,SDG,163.47882949158083
2024-03-11,AED,SDG,163.47882949158083
2024-03-12,AED,SDG,163.47882949158083
2024-03-13,AED,SDG,163.47882949158083
2024-03-14,AED,SDG,163.47882949158083
2024-03-15,AED,SDG,163.47882949158083
2024-03-16,AED,SDG,163.47882949158083
2024-03-17,AED,SDG,163.47882949158083
2024-03-18,AED,SDG,163.47882949158083
2024-03-19,AED,SDG,163.47882949158083
2024-03-20,AED,SDG,163.47882949158083
2024-03-21,AED,SDG,163.47882949158083
2024-03-22,AED,SDG,163.47882949158083
2024-03-23,AED,SDG,163.47882949158083
2024-03-24,AED,SDG,163.47882949158083
2024-03-25,AED,SDG,163.47882949158083
2024-03-26,AED,SDG,163.47882949158083
2024-03-27,AED,SDG,163.47882949158083
2024-03-28,AED,SDG,163.50555918901242
2024-03-29,AED,SDG,163.50555918901242
2024-03-30,AED,SDG,163.50555918901242
2024-03-31,AED,SDG,163.50555918901242
2024-04-01,AED,SDG,163.50555918901242
2024-04-02,AED,SDG,163.50555918901242
2024-04-03,AED,SDG,163.50555918901242
2024-04-04,AED,SDG,163.50555918901242
2024-04-05,AED,SDG,163.47882949158083
2024-04-06,AED,SDG,163.47882949158083
2024-04-07,AED,SDG,163.47882949158083
2024-04-08,AED,SDG,163.47882949158083
2024-04-09,AED,SDG,163.47882949158083
2024-04-10,AED,SDG,163.47882949158083
2024-04-11,AED,SDG,163.47882949158083
2024-04-12,AED,SDG,163.50555918901242
2024-04-13,AED,SDG,163.50555918901242
2024-04-14,AED,SDG,163.50555918901242
2024-04-15,AED,SDG,163.50555918901242
2024-04-16,AED,SDG,163.50555918901242
2024-04-17,AED,SDG,163.50555918901242
2024-04-18,AED,SDG,163.50555918901242
2024-04-19,AED,SDG,163.50555918901242
2024-04-20,AED,SDG,163.50555918901242
2024-04-21,AED,SDG,163.50555918901242
2024-04-22,AED,SDG,163.50555918901242
2024-04-23,AED,SDG,163.50555918901242
2024-04-24,AED,SDG,163.50555918901242
2024-04-25,AED,SDG,163.5322976287817
2024-04-26,AED,SDG,163.5322976287817
2024-04-27,AED,SDG,163.5322976287817
2024-04-28,AED,SDG,163.5322976287817
2024-04-29,AED,SDG,163.50555918901242
2024-04-30,AED,SDG,163.50555918901242
2024-05-01,AED,SDG,163.50555918901242
2024-05-02,AED,SDG,163.50555918901242
2024-05-03,AED,SDG,163.47882949158083
2024-05-04,AED,SDG,163.47882949158083
2024-05-05,AED,SDG,163.47882949158083
2024-05-06,AED,SDG,163.47882949158083
2024-05-07,AED,SDG,163.50555918901242
2024-05-08,AED,SDG,163.50555918901242
2024-05-09,AED,SDG,163.50555918901242
2024-05-10,AED,SDG,163.50555918901242
2024-05-11,AED,SDG,163.50555918901242
2024-05-12,AED,SDG,163.50555918901242
2024-05-13,AED,SDG,163.50555918901242
2024-05-14,AED,SDG,163.50555918901242
2024-05-15,AED,SDG,163.50555918901242
2024-05-16,AED,SDG,163.50555918901242
2024-05-17,AED,SDG,163.50555918901242
2024-05-18,AED,SDG,163.50555918901242
2024-05-19,AED,SDG,163.50555918901242
2024-05-20,AED,SDG,163.42539630658604
2024-05-21,AED,SDG,163.45210853220007
2024-05-22,AED,SDG,163.45210853220007
2024-05-23,AED,SDG,163.47882949158083
2024-05-24,AED,SDG,163.47882949158083
2024-05-25,AED,SDG,163.47882949158083
2024-05-26,AED,SDG,163.47882949158083
2024-05-27,AED,SDG,163.47882949158083
2024-05-28,AED,SDG,163.50555918901242
2024-05-29,AED,SDG,163.50555918901242
2024-05-30,AED,SDG,163.50555918901242
2024-05-31,AED,SDG,163.50555918901242
2024-06-01,AED,SDG,163.50555918901242
2024-06-02,AED,SDG,163.50555918901242
2024-06-03,AED,SDG,163.47882949158083
2024-06-04,AED,SDG,163.47882949158083
2024-06-05,AED,SDG,163.50555918901242
2024-06-06,AED,SDG,163.50555918901242
2024-06-07,AED,SDG,163.50555918901242
2024-06-08,AED,SDG,163.50555918901242
2024-06-09,AED,SDG,163.50555918901242
2024-06-10,AED,SDG,163.47882949158083
2024-06-11,AED,SDG,163.47882949158083
2024-06-12,AED,SDG,163.50555918901242
2024-06-13,AED,SDG,163.47882949158083
2024-06-14,AED,SDG,163.45210853220007
2024-06-15,AED,SDG,163.45210853220007
2024-06-16,AED,SDG,163.45210853220007
2024-06-17,AED,SDG,163.50555918901242
2024-06-18,AED,SDG,163.47882949158083
2024-06-19,AED,SDG,163.47882949158083
2024-06-20,AED,SDG,163.47882949158083
2024-06-21,AED,SDG,163.47882949158083
2024-06-22,AED,SDG,163.47882949158083
2024-06-23,AED,SDG,163.47882949158083
2024-06-24,AED,SDG,163.47882949158083
2024-06-25,AED,SDG,163.47882949158083
2024-06-26,AED,SDG,163.47882949158083
2024-06-27,AED,SDG,163.47882949158083
2024-06-28,AED,SDG,163.47882949158083
2024-06-29,AED,SDG,163.47882949158083
2024-06-30,AED,SDG,163.47882949158083
2024-07-01,AED,SDG,163.47882949158083
2024-07-02,AED,SDG,163.50555918901242
2024-07-03,AED,SDG,163.50555918901242
2024-07-04,AED,SDG,163.50555918901242
2024-07-05,AED,SDG,163.50555918901242
2024-07-06,AED,SDG,163.50555918901242
2024-07-07,AED,SDG,163.50555918901242
2024-07-08,AED,SDG,163.47882949158083
2024-07-09,AED,SDG,163.47882949158083
2024-07-10,AED,SDG,163.50555918901242
2024-07-11,AED,SDG,163.50555918901242
2024-07-12,AED,SDG,163.50555918901242
2024-07-13,AED,SDG,163.50555918901242
2024-07-14,AED,SDG,163.50555918901242
2024-07-15,AED,SDG,163.50555918901242
2024-07-16,AED,SDG,163.50555918901242
2024-07-17,AED,SDG,163.50555918901242
2024-07-18,AED,SDG,163.50555918901242
2024-07-19,AED,SDG,163.50555918901242
2024-07-20,AED,SDG,163.50555918901242
2024-07-21,AED,SDG,163.50555918901242
2024-07-22,AED,SDG,163.50555918901242
2024-07-23,AED,SDG,163.50555918901242
2024-07-24,AED,SDG,163.50555918901242
2024-07-25,AED,SDG,163.50555918901242
2024-07-26,AED,SDG,163.50555918901242
2024-07-27,AED,SDG,163.50555918901242
2024-07-28,AED,SDG,163.50555918901242
2024-07-29,AED,SDG,163.50555918901242
2024-07-30,AED,SDG,163.50555918901242
2024-07-31,AED,SDG,163.50555918901242
2024-08-01,AED,SDG,163.50555918901242
2024-08-02,AED,SDG,163.50555918901242
2024-08-03,AED,SDG,163.50555918901242
2024-08-04,AED,SDG,163.50555918901242
2024-08-05,AED,SDG,163.50555918901242
2024-08-06,AED,SDG,163.50555918901242
2024-08-07,AED,SDG,163.50555918901242
2024-08-08,AED,SDG,163.50555918901242
2024-08-09,AED,SDG,163.50555918901242
2024-08-10,AED,SDG,163.50555918901242
2024-08-11,AED,SDG,163.50555918901242
2024-08-12,AED,SDG,163.50555918901242
2024-08-13,AED,SDG,163.50555918901242
2024-08-14,AED,SDG,163.50555918901242
2024-08-15,AED,SDG,163.50555918901242
2024-08-16,AED,SDG,163.50555918901242
2024-08-17,AED,SDG,163.50555918901242
2024-08-18,AED,SDG,163.50555918901242
2024-08-19,AED,SDG,163.50555918901242
2024-08-20,AED,SDG,163.50555918901242
2024-08-21,AED,SDG,163.50555918901242
2024-08-22,AED,SDG,163.50555918901242
2024-08-23,AED,SDG,163.50555918901242
2024-08-24,AED,SDG,163.50555918901242
2024-08-25,AED,SDG,163.50555918901242
2024-08-26,AED,SDG,163.50555918901242
2024-08-27,AED,SDG,163.50555918901242
2024-08-28,AED,SDG,163.50555918901242
2024-08-29,AED,SDG,163.50555918901242
2024-08-30,AED,SDG,163.50555918901242
2024-08-31,AED,SDG,163.50555918901242
2024-09-01,AED,SDG,163.50555918901242
2024-09-02,AED,SDG,163.50555918901242
2024-09-03,AED,SDG,163.50555918901242
2024-09-04,AED,SDG,163.50555918901242
2024-09-05,AED,SDG,163.50555918901242
2024-09-06,AED,SDG,163.50555918901242
2024-09-07,AED,SDG,163.50555918901242
2024-09-08,AED,SDG,163.50555918901242
2024-09-09,AED,SDG,163.50555918901242
2024-09-10,AED,SDG,163.50555918901242
2024-09-11,AED,SDG,163.50555918901242
2024-09-12,AED,SDG,163.50555918901242
2024-09-13,AED,SDG,163.50555918901242
2024-09-14,AED,SDG,163.50555918901242
2024-09-15,AED,SDG,163.50555918901242
2024-09-16,AED,SDG,163.50555918901242
2024-09-17,AED,SDG,163.50555918901242
2024-09-18,AED,SDG,163.50555918901242
2024-09-19,AED,SDG,163.50555918901242
2024-09-20,AED,SDG,163.50555918901242
2024-09-21,AED,SDG,163.50555918901242
2024-09-22,AED,SDG,163.50555918901242
2024-09-23,AED,SDG,163.50555918901242
2024-09-24,AED,SDG,163.47882949158083
2024-09-25,AED,SDG,163.47882949158083
2024-09-26,AED,SDG,163.47882949158083
2024-09-27,AED,SDG,163.47882949158083
2024-09-28,AED,SDG,163.47882949158083
2024-09-29,AED,SDG,163.47882949158083
2024-09-30,AED,SDG,163.47882949158083
2024-10-01,AED,SDG,163.47882949158083
2024-10-02,AED,SDG,163.47882949158083
2024-10-03,AED,SDG,163.47882949158083
2024-10-04,AED,SDG,163.50555918901242
2024-10-05,AED,SDG,163.50555918901242
2024-10-06,AED,SDG,163.50555918901242
2024-10-07,AED,SDG,163.50555918901242
2024-10-08,AED,SDG,163.50555918901242
2024-10-09,AED,SDG,163.50555918901242
2024-10-10,AED,SDG,163.50555918901242
2024-10-11,AED,SDG,163.50555918901242
2024-10-12,AED,SDG,163.50555918901242
2024-10-13,AED,SDG,163.50555918901242
2024-10-14,AED,SDG,163.50555918901242
2024-10-15,AED,SDG,163.50555918901242
2024-10-16,AED,SDG,163.50555918901242
2024-10-17,AED,SDG,163.47882949158083
2024-10-18,AED,SDG,163.47882949158083
2024-10-19,AED,SDG,163.47882949158083
2024-10-20,AED,SDG,163.47882949158083
2024-10-21,AED,SDG,163.47882949158083
2024-10-22,AED,SDG,163.47882949158083
2024-10-23,AED,SDG,163.47882949158083
2024-10-24,AED,SDG,163.47882949158083
2024-10-25,AED,SDG,163.50555918901242
2024-10-26,AED,SDG,163.50555918901242
2024-10-27,AED,SDG,163.50555918901242
2024-10-28,AED,SDG,163.50555918901242
2024-10-29,AED,SDG,163.50555918901242
2024-10-30,AED,SDG,163.50555918901242
2024-10-31,AED,SDG,163.50555918901242
2024-11-01,AED,SDG,163.50555918901242
2024-11-02,AED,SDG,163.50555918901242
2024-11-03,AED,SDG,163.50555918901242
2024-11-04,AED,SDG,163.50555918901242
2024-11-05,AED,SDG,163.50555918901242
2024-11-06,AED,SDG,163.50555918901242
2024-11-07,AED,SDG,163.50555918901242
2024-11-08,AED,SDG,163.50555918901242
2024-11-09,AED,SDG,163.50555918901242
2024-11-10,AED,SDG,163.50555918901242
2024-11-11,AED,SDG,163.50555918901242
2024-11-12,AED,SDG,163.50555918901242
2024-11-13,AED,SDG,163.50555918901242
2024-11-14,AED,SDG,163.50555918901242
2024-11-15,AED,SDG,163.50555918901242
2024-11-16,AED,SDG,163.50555918901242
2024-11-17,AED,SDG,163.50555918901242
2024-11-18,AED,SDG,163.50555918901242
2024-11-19,AED,SDG,163.50555918901242
2024-11-20,AED,SDG,163.50555918901242
2024-11-21,AED,SDG,163.50555918901242
2024-11-22,AED,SDG,163.50555918901242
2024-11-23,AED,SDG,163.50555918901242
2024-11-24,AED,SDG,163.50555918901242
2024-11-25,AED,SDG,163.50555918901242
2024-11-26,AED,SDG,163.50555918901242
2024-11-27,AED,SDG,163.50555918901242
2024-11-28,AED,SDG,163.50555918901242
2024-11-29,AED,SDG,163.50555918901242
2024-11-30,AED,SDG,163.50555918901242
2024-12-01,AED,SDG,163.50555918901242
2024-12-02,AED,SDG,163.47882949158083
2024-12-03,AED,SDG,163.47882949158083
2024-12-04,AED,SDG,163.50555918901242
2024-12-05,AED,SDG,163.47882949158083
2024-12-06,AED,SDG,163.47882949158083
2024-12-07,AED,SDG,163.47882949158083
2024-12-08,AED,SDG,163.47882949158083
2024-12-09,AED,SDG,163.47882949158083
2024-12-10,AED,SDG,163.47882949158083
2024-12-11,AED,SDG,163.47882949158083
2024-12-12,AED,SDG,163.50555918901242
2024-12-13,AED,SDG,163.50555918901242
2024-12-14,AED,SDG,163.50555918901242
2024-12-15,AED,SDG,163.50555918901242
2024-12-16,AED,SDG,163.50555918901242
2024-12-17,AED,SDG,163.50555918901242
2024-12-18,AED,SDG,163.50555918901242
2024-12-19,AED,SDG,163.50555918901242
2024-12-20,AED,SDG,163.50555918901242
2024-12-21,AED,SDG,163.50555918901242
2024-12-22,AED,SDG,163.50555918901242
2024-12-23,AED,SDG,163.50555918901242
2024-12-24,AED,SDG,163.50555918901242
2024-12-25,AED,SDG,163.50555918901242
2024-12-26,AED,SDG,163.50555918901242
2024-12-27,AED,SDG,163.50555918901242
2024-12-28,AED,SDG,163.50555918901242
2024-12-29,AED,SDG,163.50555918901242
2024-12-30,AED,SDG,163.50555918901242
2024-12-31,AED,SDG,163.50555918901242
2025-01-01,AED,SDG,163.50555918901242
2025-01-02,AED,SDG,163.50555918901242
2025-01-03,AED,SDG,163.50555918901242
2025-01-04,AED,SDG,163.50555918901242
2025-01-05,AED,SDG,163.50555918901242
2025-01-06,AED,SDG,163.50555918901242
2025-01-07,AED,SDG,163.50555918901242
2025-01-08,AED,SDG,163.50555918901242
2025-01-09,AED,SDG,163.50555918901242
2025-01-10,AED,SDG,163.50555918901242
2025-01-11,AED,SDG,163.50555918901242
2025-01-12,AED,SDG,163.50555918901242
2025-01-13,AED,SDG,163.50555918901242
2025-01-14,AED,SDG,163.50555918901242
2025-01-15,AED,SDG,163.50555918901242
2025-01-16,AED,SDG,163.50555918901242
2025-01-17,AED,SDG,163.50555918901242
2025-01-18,AED,SDG,163.50555918901242
2025-01-19,AED,SDG,163.50555918901242
2025-01-20,AED,SDG,163.50555918901242
2025-01-21,AED,SDG,163.50555918901242
2025-01-22,AED,SDG,163.50555918901242
2025-01-23,AED,SDG,163.50555918901242
2025-01-24,AED,SDG,163.50555918901242
2025-01-25,AED,SDG,163.50555918901242
2025-01-26,AED,SDG,163.50555918901242
2025-01-27,AED,SDG,163.50555918901242
2025-01-28,AED,SDG,163.50555918901242
2025-01-29,AED,SDG,163.50555918901242
2025-01-30,AED,SDG,163.50555918901242
2025-01-31,AED,SDG,163.50555918901242
2025-02-01,AED,SDG,163.50555918901242
2025-02-02,AED,SDG,163.50555918901242
2025-02-03,AED,SDG,163.50555918901242
2025-02-04,AED,SDG,163.50555918901242
2025-02-05,AED,SDG,163.50555918901242
2025-02-06,AED,SDG,163.50555918901242
2025-02-07,AED,SDG,163.50555918901242
2025-02-08,AED,SDG,163.50555918901242
2025-02-09,AED,SDG,163.50555918901242
2025-02-10,AED,SDG,163.47882949158083
2025-02-11,AED,SDG,163.47882949158083
2025-02-12,AED,SDG,163.50555918901242
2025-02-13,AED,SDG,163.50555918901242
2025-02-14,AED,SDG,163.50555918901242
2025-02-15,AED,SDG,163.50555918901242
2025-02-16,AED,SDG,163.50555918901242
2025-02-17,AED,SDG,163.50555918901242
2025-02-18,AED,SDG,163.50555918901242
2025-02-19,AED,SDG,163.50555918901242
2025-02-20,AED,SDG,163.50555918901242
2025-02-21,AED,SDG,163.50555918901242
2025-02-22,AED,SDG,163.50555918901242
2025-02-23,AED,SDG,163.50555918901242
2025-02-24,AED,SDG,163.50555918901242
2025-02-25,AED,SDG,163.50555918901242
2025-02-26,AED,SDG,163.50555918901242
2025-02-27,AED,SDG,163.50555918901242
2025-02-28,AED,SDG,163.50555918901242
2025-03-01,AED,SDG,163.50555918901242
2025-03-02,AED,SDG,163.50555918901242
2025-03-03,AED,SDG,163.50555918901242
2025-03-04,AED,SDG,163.50555918901242
2025-03-05,AED,SDG,163.50555918901242
2025-03-06,AED,SDG,163.50555918901242
2025-03-07,AED,SDG,163.50555918901242
2025-03-08,AED,SDG,163.50555918901242
2025-03-09,AED,SDG,163.50555918901242
2025-03-10,AED,SDG,163.50555918901242
2025-03-11,AED,SDG,163.50555918901242
2025-03-12,AED,SDG,163.50555918901242
2025-03-13,AED,SDG,163.50555918901242
2025-03-14,AED,SDG,163.50555918901242
2025-03-15,AED,SDG,163.50555918901242
2025-03-16,AED,SDG,163.50555918901242
2025-03-17,AED,SDG,163.50555918901242
2025-03-18,AED,SDG,163.50555918901242
2025-03-19,AED,SDG,163.50555918901242
2025-03-20,AED,SDG,163.50555918901242
2025-03-21,AED,SDG,163.50555918901242
2025-03-22,AED,SDG,163.50555918901242
2025-03-23,AED,SDG,163.50555918901242
2025-03-24,AED,SDG,163.50555918901242
2025-03-25,AED,SDG,163.47882949158083
2025-03-26,AED,SDG,163.47882949158083
2025-03-27,AED,SDG,163.50555918901242
2025-03-28,AED,SDG,163.50555918901242
2025-03-29,AED,SDG,163.50555918901242
2025-03-30,AED,SDG,163.50555918901242
2025-03-31,AED,SDG,163.50555918901242
2025-04-01,AED,SDG,163.50555918901242
2025-04-02,AED,SDG,163.50555918901242
2025-04-03,AED,SDG,163.50555918901242
2025-04-04,AED,SDG,163.50555918901242
2025-04-05,AED,SDG,163.50555918901242
2025-04-06,AED,SDG,163.50555918901242
2025-04-07,AED,SDG,163.50555918901242
2025-04-08,AED,SDG,163.50555918901242
2025-04-09,AED,SDG,163.50555918901242
2025-04-10,AED,SDG,163.50555918901242
2025-04-11,AED,SDG,163.5322976287817
2025-04-12,AED,SDG,163.5322976287817
2025-04-13,AED,SDG,163.5322976287817
2025-04-14,AED,SDG,163.50555918901242
2025-04-15,AED,SDG,163.50555918901242
2025-04-16,AED,SDG,163.50555918901242
2025-04-17,AED,SDG,163.50555918901242
2025-04-18,AED,SDG,163.50555918901242
2025-04-19,AED,SDG,163.50555918901242
2025-04-20,AED,SDG,163.50555918901242
2025-04-21,AED,SDG,163.50555918901242
2025-04-22,AED,SDG,163.50555918901242
2025-04-23,AED,SDG,163.50555918901242
2025-04-24,AED,SDG,163.50555918901242
2025-04-25,AED,SDG,163.50555918901242
2025-04-26,AED,SDG,163.50555918901242
2025-04-27,AED,SDG,163.50555918901242
2025-04-28,AED,SDG,163.50555918901242
2025-04-29,AED,SDG,163.50555918901242
2025-04-30,AED,SDG,163.47882949158083
2025-05-01,AED,SDG,163.47882949158083
2025-05-02,AED,SDG,163.47882949158083
2025-05-03,AED,SDG,163.47882949158083
2025-05-04,AED,SDG,163.47882949158083
2025-05-05,AED,SDG,163.47882949158083
2025-05-06,AED,SDG,163.47882949158083
2025-05-07,AED,SDG,163.47882949158083
2025-05-08,AED,SDG,163.50555918901242
2025-05-09,AED,SDG,163.47882949158083
2025-05-10,AED,SDG,163.47882949158083
2025-05-11,AED,SDG,163.47882949158083
2025-05-12,AED,SDG,163.47882949158083
2025-05-13,AED,SDG,163.50555918901242
2025-05-14,AED,SDG,163.50555918901242
2025-05-15,AED,SDG,163.50555918901242
2025-05-16,AED,SDG,163.50555918901242
2025-05-17,AED,SDG,163.50555918901242
2025-05-18,AED,SDG,163.50555918901242
2025-05-19,AED,SDG,163.50555918901242
2025-05-20,AED,SDG,163.47882949158083
2025-05-21,AED,SDG,163.50555918901242
2025-05-22,AED,SDG,163.47882949158083
2025-05-23,AED,SDG,163.50555918901242
2025-05-24,AED,SDG,163.50555918901242
2025-05-25,AED,SDG,163.50555918901242
2025-05-26,AED,SDG,163.50555918901242
2025-05-27,AED,SDG,163.50555918901242
2025-05-28,AED,SDG,163.47882949158083
2025-05-29,AED,SDG,163.47882949158083
2025-05-30,AED,SDG,163.50555918901242
2025-05-31,AED,SDG,163.50555918901242
2025-06-01,AED,SDG,163.50555918901242
2025-06-02,AED,SDG,163.47882949158083
2025-06-03,AED,SDG,163.50555918901242
2025-06-04,AED,SDG,163.47882949158083
2025-06-05,AED,SDG,163.47882949158083
2025-06-06,AED,SDG,163.47882949158083
2025-06-07,AED,SDG,163.47882949158083
2025-06-08,AED,SDG,163.47882949158083
2025-06-09,AED,SDG,163.50555918901242
2025-06-10,AED,SDG,163.50555918901242
2025-06-11,AED,SDG,163.47882949158083
2025-06-12,AED,SDG,163.47882949158083
2025-06-13,AED,SDG,163.47882949158083
2025-06-14,AED,SDG,163.47882949158083
2025-06-15,AED,SDG,163.47882949158083
2025-06-16,AED,SDG,163.47882949158083
2025-06-17,AED,SDG,163.47882949158083
2025-06-18,AED,SDG,163.50555918901242
2025-06-19,AED,SDG,163.50555918901242
2025-06-20,AED,SDG,163.50555918901242
2025-06-21,AED,SDG,163.50555918901242
2025-06-22,AED,SDG,163.50555918901242
2025-06-23,AED,SDG,163.47882949158083
2025-06-24,AED,SDG,163.47882949158083
2025-06-25,AED,SDG,163.47882949158083
2025-06-26,AED,SDG,163.50555918901242
2025-06-27,AED,SDG,163.47882949158083
2025-06-28,AED,SDG,163.47882949158083
2025-06-29,AED,SDG,163.47882949158083
2025-06-30,AED,SDG,163.50555918901242
2025-07-01,AED,SDG,163.50555918901242
2025-07-02,AED,SDG,163.50555918901242
2025-07-03,AED,SDG,163.50555918901242
2025-07-04,AED,SDG,163.50555918901242
2025-07-05,AED,SDG,163.50555918901242
2025-07-06,AED,SDG,163.50555918901242
2025-07-07,AED,SDG,163.50555918901242
2025-07-08,AED,SDG,163.50555918901242
2025-07-09,AED,SDG,163.50555918901242
2025-07-10,AED,SDG,163.47882949158083
2025-07-11,AED,SDG,163.47882949158083
2025-07-12,AED,SDG,163.47882949158083
2025-07-13,AED,SDG,163.47882949158083
2025-07-14,AED,SDG,163.47882949158083
2025-07-15,AED,SDG,163.45210853220007
2025-07-16,AED,SDG,163.47882949158083
2025-07-17,AED,SDG,163.47882949158083
2025-07-18,AED,SDG,163.47882949158083
2025-07-19,AED,SDG,163.47882949158083
2025-07-20,AED,SDG,163.47882949158083
2025-07-21,AED,SDG,163.45210853220007
2025-07-22,AED,SDG,163.45210853220007
2025-07-23,AED,SDG,163.47882949158083
2025-07-24,AED,SDG,163.47882949158083
2025-07-25,AED,SDG,163.47882949158083
2025-07-26,AED,SDG,163.47882949158083
2025-07-27,AED,SDG,163.47882949158083
2025-07-28,AED,SDG,163.45210853220007
2025-07-29,AED,SDG,163.45210853220007
2025-07-30,AED,SDG,163.45210853220007
2025-07-31,AED,SDG,163.47882949158083
2025-08-01,AED,SDG,163.47882949158083
2025-08-02,AED,SDG,163.47882949158083
2025-08-03,AED,SDG,163.47882949158083
2025-08-04,AED,SDG,163.47882949158083
2025-08-05,AED,SDG,163.45210853220007
2025-08-06,AED,SDG,163.45210853220007
2025-08-07,AED,SDG,163.47882949158083
2025-08-08,AED,SDG,163.47882949158083
2025-08-09,AED,SDG,163.47882949158083
2025-08-10,AED,SDG,163.47882949158083
2025-08-11,AED,SDG,163.47882949158083
2025-08-12,AED,SDG,163.47882949158083
2025-08-13,AED,SDG,163.47882949158083
2025-08-14,AED,SDG,163.47882949158083
2025-08-15,AED,SDG,163.47882949158083
2025-08-16,AED,SDG,163.47882949158083
2025-08-17,AED,SDG,163.47882949158083
2025-08-18,AED,SDG,163.47882949158083
2025-08-19,AED,SDG,163.47882949158083
2025-08-20,AED,SDG,163.45210853220007
2025-08-21,AED,SDG,163.47882949158083
2025-08-22,AED,SDG,163.47882949158083
2025-08-23,AED,SDG,163.47882949158083
2025-08-24,AED,SDG,163.47882949158083
2025-08-25,AED,SDG,163.47882949158083
2025-08-26,AED,SDG,163.47882949158083
2025-08-27,AED,SDG,163.47882949158083
2025-08-28,AED,SDG,163.45210853220007
2025-08-29,AED,SDG,163.45210853220007
2025-08-30,AED,SDG,163.45210853220007
2025-08-31,AED,SDG,163.45210853220007
2025-09-01,AED,SDG,163.47882949158083
2025-09-02,AED,SDG,163.47882949158083
2025-09-03,AED,SDG,163.50555918901242
2025-09-04,AED,SDG,163.47882949158083
2025-09-05,AED,SDG,163.47882949158083
2025-09-06,AED,SDG,163.47882949158083
2025-09-07,AED,SDG,163.47882949158083
2025-09-08,AED,SDG,163.47882949158083
2025-09-09,AED,SDG,163.45210853220007
2025-09-10,AED,SDG,163.45210853220007
2025-09-11,AED,SDG,163.47882949158083
2025-09-12,AED,SDG,163.45210853220007
2025-09-13,AED,SDG,163.45210853220007
2025-09-14,AED,SDG,163.45210853220007
2025-09-15,AED,SDG,163.42539630658604
2025-09-16,AED,SDG,163.39869281045753
2025-09-17,AED,SDG,163.42539630658604
2025-09-18,AED,SDG,163.42539630658604
2025-09-19,AED,SDG,163.42539630658604
2025-09-20,AED,SDG,163.42539630658604
2025-09-21,AED,SDG,163.42539630658604
2025-09-22,AED,SDG,163.42539630658604
2025-09-23,AED,SDG,163.42539630658604
2025-09-24,AED,SDG,163.42539630658604
2025-09-25,AED,SDG,163.45210853220007
2025-09-26,AED,SDG,163.45210853220007
2025-09-27,AED,SDG,163.45210853220007
2025-09-28,AED,SDG,163.45210853220007
2025-09-29,AED,SDG,163.45210853220007
2025-09-30,AED,SDG,163.42539630658604
2025-10-01,AED,SDG,163.42539630658604
2025-10-02,AED,SDG,163.42539630658604
2025-10-03,AED,SDG,163.45210853220007
2025-10-04,AED,SDG,163.45210853220007
2025-10-05,AED,SDG,163.45210853220007
2025-10-06,AED,SDG,163.42539630658604
2025-10-07,AED,SDG,163.42539630658604
2025-10-08,AED,SDG,163.42539630658604
2025-10-09,AED,SDG,163.42539630658604
2025-10-10,AED,SDG,163.42539630658604
2025-10-11,AED,SDG,163.42539630658604
2025-10-12,AED,SDG,163.42539630658604
2025-10-13,AED,SDG,163.42539630658604
2025-10-14,AED,SDG,163.39869281045753
2025-10-15,AED,SDG,163.42539630658604
2025-10-16,AED,SDG,163.42539630658604
2025-10-17,AED,SDG,163.42539630658604
2025-10-18,AED,SDG,163.42539630658604
2025-10-19,AED,SDG,163.42539630658604
2025-10-20,AED,SDG,163.42539630658604
2025-10-21,AED,SDG,163.42539630658604
2025-10-22,AED,SDG,163.39869281045753
2025-10-23,AED,SDG,163.42539630658604
2025-10-24,AED,SDG,163.39869281045753
2025-10-25,AED,SDG,163.39869281045753
2025-10-26,AED,SDG,163.39869281045753
2025-10-27,AED,SDG,163.42539630658604
2025-10-28,AED,SDG,163.42539630658604
2025-10-29,AED,SDG,163.45210853220007
2025-10-30,AED,SDG,163.45210853220007
2025-10-31,AED,SDG,163.45210853220007
2025-11-01,AED,SDG,163.45210853220007
2025-11-02,AED,SDG,163.45210853220007
2025-11-03,AED,SDG,163.45210853220007
2025-11-04,AED,SDG,163.42539630658604
2025-11-05,AED,SDG,163.45210853220007
2025-11-06,AED,SDG,163.42539630658604
2025-11-07,AED,SDG,163.39869281045753
2025-11-08,AED,SDG,163.39869281045753
2025-11-09,AED,SDG,163.39869281045753
2025-11-10,AED,SDG,163.42539630658604
2025-11-11,AED,SDG,163.39869281045753
2025-11-12,AED,SDG,163.37199803953604
2025-11-13,AED,SDG,163.37199803953604
2025-11-14,AED,SDG,163.37199803953604
2025-11-15,AED,SDG,163.37199803953604
2025-11-16,AED,SDG,163.37199803953604
2025-11-17,AED,SDG,163.39869281045753
2025-11-18,AED,SDG,163.39869281045753
2025-11-19,AED,SDG,163.39869281045753
2025-11-20,AED,SDG,163.39869281045753
2025-11-21,AED,SDG,163.39869281045753
2025-11-22,AED,SDG,163.39869281045753
2025-11-23,AED,SDG,163.39869281045753
2025-11-24,AED,SDG,163.39869281045753
2025-11-25,AED,SDG,163.37199803953604
2025-11-26,AED,SDG,163.3453119895459
2025-11-27,AED,SDG,163.3453119895459
2025-11-28,AED,SDG,163.3453119895459
2025-11-29,AED,SDG,163.3453119895459
2025-11-30,AED,SDG,163.3453119895459
2025-12-01,AED,SDG,163.37199803953604
2025-12-02,AED,SDG,163.37199803953604
2025-12-03,AED,SDG,163.39869281045753
2025-12-04,AED,SDG,163.39869281045753
2025-12-05,AED,SDG,163.39869281045753
2025-12-06,AED,SDG,163.39869281045753
2025-12-07,AED,SDG,163.39869281045753
2025-12-08,AED,SDG,163.37199803953604
2025-12-09,AED,SDG,163.37199803953604
2025-12-10,AED,SDG,163.37199803953604
2025-12-11,AED,SDG,163.39869281045753
2025-12-12,AED,SDG,163.39869281045753
2025-12-13,AED,SDG,163.39869281045753
2025-12-14,AED,SDG,163.39869281045753
2025-12-15,AED,SDG,163.37199803953604
2025-12-16,AED,SDG,163.37199803953604
2025-12-17,AED,SDG,163.3453119895459
2025-12-18,AED,SDG,163.3453119895459
2025-12-19,AED,SDG,163.37199803953604
2025-12-20,AED,SDG,163.37199803953604
2025-12-21,AED,SDG,163.37199803953604
2025-12-22,AED,SDG,163.37199803953604
2025-12-23,AED,SDG,163.37199803953604
2025-12-24,AED,SDG,163.42539630658604
2025-12-25,AED,SDG,163.42539630658604
2025-12-26,AED,SDG,163.42539630658604
2025-12-27,AED,SDG,163.42539630658604
2025-12-28,AED,SDG,163.42539630658604
2025-12-29,AED,SDG,163.39869281045753
2025-12-30,AED,SDG,163.37199803953604
2025-12-31,AED,SDG,163.37199803953604
